Unity Editor version:    6000.5.6f1 (0e0577a1a2ac)
Branch:                  6000.5/staging
Build type:              Release
Batch mode:              YES
macOS version:           Version 26.3.1 (Build 25D2128)
Darwin version:          25.3.0
Architecture:            arm64
Running under Rosetta:   NO
Available memory:        16384 MB
Date:                    2026-09-11T04:15:40Z
[Licensing::Module] Trying to connect to existing licensing client channel...
[Licensing::IpcConnector] Channel LicenseClient-jangyoung doesn't exist
Launching external process: /Applications/Unity/Hub/Editor/6000.5.6f1/Unity.app/Contents/Helpers/UnityLicensingClient.app/Contents/MacOS/Unity.Licensing.Client
[Licensing::Module] Successfully launched the LicensingClient (PId: 42308)
Launching external process: /Applications/Unity/Hub/Editor/6000.5.6f1/Unity.app/Contents/Helpers/PackageManager/Server/UnityPackageManager

COMMAND LINE ARGUMENTS:
/Applications/Unity/Hub/Editor/6000.5.6f1/Unity.app/Contents/MacOS/Unity
-batchmode
-nographics
-projectPath
/Users/jangyoung/orca/unknown/unity/Unknown
-runTests
-testPlatform
PlayMode
-testFilter
Tide.Tests.C1PlayModeTests;Tide.Tests.C1SignaturePlayModeTests;Tide.Tests.T0CaseThreadTests;Tide.Tests.T0PlayModeTests;Tide.Tests.T0ResourceInteractionTests
-testResults
/Users/jangyoung/orca/unknown/_workspace/current/systems/tech-verification/c1-m4/results/playmode-9.xml
-logFile
/Users/jangyoung/orca/unknown/_workspace/current/systems/tech-verification/c1-m4/logs/playmode-9.log
Successfully changed project path to: /Users/jangyoung/orca/unknown/unity/Unknown
/Users/jangyoung/orca/unknown/unity/Unknown
[UnityMemory] Configuration Parameters - Can be set up in boot.config
    "memorysetup-temp-allocator-size-gi-baking-worker=262144"
    "memorysetup-temp-allocator-size-gi-baking-worker=262144"
    "memorysetup-temp-allocator-size-gi-baking-worker=262144"
    "memorysetup-temp-allocator-size-gi-baking-worker=262144"
    "memorysetup-temp-allocator-size-gi-baking-worker=262144"
    "memorysetup-temp-allocator-size-nav-mesh-worker=65536"
    "memorysetup-temp-allocator-size-audio-worker=65536"
    "memorysetup-temp-allocator-size-cloud-worker=32768"
    "memorysetup-allocator-temp-initial-block-size-main=262144"
    "memorysetup-allocator-temp-initial-block-size-worker=262144"
    "memorysetup-temp-allocator-size-preload-manager=33554432"
    "memorysetup-temp-allocator-size-gfx=262144"
    "memorysetup-temp-allocator-size-background-worker=32768"
    "memorysetup-temp-allocator-size-job-worker=262144"
    "memorysetup-bucket-allocator-granularity=16"
    "memorysetup-bucket-allocator-bucket-count=8"
    "memorysetup-bucket-allocator-block-size=33554432"
    "memorysetup-bucket-allocator-block-count=8"
    "memorysetup-main-allocator-block-size=16777216"
    "memorysetup-thread-allocator-block-size=16777216"
    "memorysetup-main-allocator-mimalloc-enabled=0"
    "memorysetup-gfx-main-allocator-block-size=16777216"
    "memorysetup-gfx-thread-allocator-block-size=16777216"
    "memorysetup-cache-allocator-block-size=4194304"
    "memorysetup-typetree-allocator-block-size=2097152"
    "memorysetup-profiler-bucket-allocator-granularity=16"
    "memorysetup-profiler-bucket-allocator-bucket-count=8"
    "memorysetup-profiler-bucket-allocator-block-size=33554432"
    "memorysetup-profiler-bucket-allocator-block-count=8"
    "memorysetup-profiler-allocator-block-size=16777216"
    "memorysetup-profiler-editor-allocator-block-size=1048576"
    "memorysetup-temp-allocator-size-main=16777216"
    "memorysetup-job-temp-allocator-block-size=2097152"
    "memorysetup-job-temp-allocator-block-size-background=1048576"
    "memorysetup-job-temp-allocator-reduction-small-platforms=262144"
Logging is directed to a specific file, skipping project log.Player connection [8682565888]  Target information:

Player connection [8682565888]  * "[IP] 192.168.219.124 [Port] 55504 [Flags] 2 [Guid] 400771963 [EditorId] 400771963 [Version] 1048832 [Id] OSXEditor(0,MacBook-Pro-2.local) [Debug] 1 [PackageName] OSXEditor [ProjectName] Editor" 

Player connection [8682565888]  * "[IP] 100.119.58.79 [Port] 55504 [Flags] 2 [Guid] 400771963 [EditorId] 400771963 [Version] 1048832 [Id] OSXEditor(0,MacBook-Pro-2.local) [Debug] 1 [PackageName] OSXEditor [ProjectName] Editor" 

Player connection [8682565888] Host joined multi-casting on [225.0.0.222:54997]...
Player connection [8682565888] Host joined alternative multi-casting on [225.0.0.222:34997]...
Input System module state changed to: Initialized.
[Physics::Module] Initialized fallback backend.
[Physics::Module] Id: 0xdecafbad
[Package Manager] Connected to IPC stream "Upm-42305" after 0.3 seconds.
[Licensing::Module] Licensing is not yet initialized.
[Licensing::IpcConnector] Successfully connected to: "LicenseClient-jangyoung" at "2026-09-11T04:15:41.502432Z"
[Licensing::Client] Handshaking with LicensingClient:
  Version:                 1.18.1+9fbee8e
  Session Id:              229dda7d17914652bfd34066b60daf88
  Correlation Id:          802eb7fa8f475856f3f92bd13d40d624
  External correlation Id: 2529110175846209136
  Machine Id:              GDFq97hyJBwslTnyqVIUvhYydXg=
[Licensing::Module] Successfully connected to LicensingClient on channel: "LicenseClient-jangyoung" (connect: 0.57s, validation: 0.03s, handshake: 0.31s)
[Licensing::IpcConnector] Successfully connected to: "LicenseClient-jangyoung-notifications" at "2026-09-11T04:15:41.851064Z"
[Licensing::Module] Connected to LicensingClient (PId: 42308, launch time: 0.00, total connection time: 0.92s)
[Licensing::Module] Error: Access token is unavailable; failed to update
[Licensing::Client] Successfully resolved entitlement details
[Licensing::Module] License group:
  Id: 4513980-UnityPersXXXX
  Product: Unity Personal
  Type: Assigned
  Expiration: Unlimited
[Licensing::Client] Successfully updated license, isAsync: True, time: 0.00
[Licensing::Module] Licensing Background thread has ended after 0.93s
[Licensing::Module] Licensing is initialized (took 0.48s).
[Licensing::Client] Successfully resolved entitlement details
Library Redirect Path: Library/
[Physics::Module] Selected backend.
[Physics::Module] Name: PhysX
[Physics::Module] Id: 0xf2b8ea05
[Physics::Module] SDK Version: 4.1.2
[Physics::Module] Integration Version: 1.0.0
[Physics::Module] Threading Mode: Multi-Threaded
Initialize engine version: 6000.5.6f1 (0e0577a1a2ac)
[Subsystems] Discovering subsystems at path /Applications/Unity/Hub/Editor/6000.5.6f1/Unity.app/Contents/Resources/UnitySubsystems
[Subsystems] Discovering subsystems at path /Users/jangyoung/orca/unknown/unity/Unknown/Assets
Forcing GfxDevice: Null
GfxDevice: creating device client; kGfxThreadingModeNonThreaded
NullGfxDevice:
    Version:  NULL 1.0 [1.0]
    Renderer: Null Device
    Vendor:   Unity Technologies
Initialize mono
Mono path[0] = '/Applications/Unity/Hub/Editor/6000.5.6f1/Unity.app/Contents/Resources/Scripting/Managed'
Mono path[1] = '/Applications/Unity/Hub/Editor/6000.5.6f1/Unity.app/Contents/Resources/Scripting/BCLExtensions/runtime/netstandard2.1'
Mono path[2] = '/Applications/Unity/Hub/Editor/6000.5.6f1/Unity.app/Contents/Resources/Scripting/MonoBleedingEdge/lib/mono/unityjit-macos'
Mono config path = '/Applications/Unity/Hub/Editor/6000.5.6f1/Unity.app/Contents/Resources/Scripting/MonoBleedingEdge/etc'
Using monoOptions --debugger-agent=transport=dt_socket,embedding=1,server=y,suspend=n,address=127.0.0.1:56305
CodeReloadManager initialized
ImportWorker Server TCP listen port: 0
AcceleratorClientConnectionCallback - disconnected - :0
Begin MonoManager ReloadAssembly
Registering precompiled unity dll's ...
Register platform support module: /Applications/Unity/Hub/Editor/6000.5.6f1/PlaybackEngines/WebGLSupport/UnityEditor.WebGL.Extensions.dll
Register platform support module: /Applications/Unity/Hub/Editor/6000.5.6f1/PlaybackEngines/MacStandaloneSupport/UnityEditor.OSXStandalone.Extensions.dll
Registered in 0.001317 seconds.
Native extension for OSXStandalone target not found
Native extension for WebGL target not found
Package Manager log level set to [2]
ScheduleIndexationOnStartup MainProcess:False IndexOnStartup:True
Mono: successfully reloaded assembly
- Finished resetting the current domain, in  0.303 seconds
Domain Reload Profiling: 712ms
	BeginReloadAssembly (107ms)
		CreateAndSetChildDomain (17ms)
	RebuildCommonClasses (4ms)
	RebuildNativeTypeToScriptingClass (17ms)
	initialDomainReloadingComplete (51ms)
	LoadAllAssembliesAndSetupDomain (229ms)
		LoadAssemblies (90ms)
		AnalyzeDomain (172ms)
			TypeCache.Refresh (171ms)
				TypeCache.ScanAssembly (155ms)
	FinalizeReload (304ms)
		SetupLoadedEditorAssemblies (0ms)
			InitializePlatformSupportModulesInManaged (3ms)
			BeforeProcessingInitializeOnLoad (67ms)
			ProcessInitializeOnLoadAttributes (70ms)
			ProcessInitializeOnLoadMethodAttributes (110ms)
[Licensing::Client] Successfully resolved entitlement details
Application.AssetDatabase Initial Refresh Start
[Package Manager] Restoring resolved packages state from cache
[Licensing::Client] Successfully resolved entitlement details
[Package Manager] Registered 55 packages:
  Packages from [https://packages.unity.com]:
    com.unity.inputsystem@1.20.0 (location: /Users/jangyoung/orca/unknown/unity/Unknown/Library/PackageCache/com.unity.inputsystem@7a4e1a2a8194)
    com.unity.localization@1.5.13 (location: /Users/jangyoung/orca/unknown/unity/Unknown/Library/PackageCache/com.unity.localization@ef5a0677859d)
    com.unity.addressables@2.9.1 (location: /Users/jangyoung/orca/unknown/unity/Unknown/Library/PackageCache/com.unity.addressables@8460f1c9c927)
    com.unity.nuget.newtonsoft-json@3.2.2 (location: /Users/jangyoung/orca/unknown/unity/Unknown/Library/PackageCache/com.unity.nuget.newtonsoft-json@4dfd81071c64)
    com.unity.searcher@4.9.4 (location: /Users/jangyoung/orca/unknown/unity/Unknown/Library/PackageCache/com.unity.searcher@d45a78918735)
    com.unity.burst@1.8.29 (location: /Users/jangyoung/orca/unknown/unity/Unknown/Library/PackageCache/com.unity.burst@6bb9aca3ef38)
    com.unity.profiling.core@1.0.3 (location: /Users/jangyoung/orca/unknown/unity/Unknown/Library/PackageCache/com.unity.profiling.core@8a49f7027d06)
    com.unity.scriptablebuildpipeline@2.6.1 (location: /Users/jangyoung/orca/unknown/unity/Unknown/Library/PackageCache/com.unity.scriptablebuildpipeline@36e3b5898ee2)
    com.unity.nuget.mono-cecil@1.11.6 (location: /Users/jangyoung/orca/unknown/unity/Unknown/Library/PackageCache/com.unity.nuget.mono-cecil@ecb9724e46ff)
    com.unity.test-framework.performance@3.5.0 (location: /Users/jangyoung/orca/unknown/unity/Unknown/Library/PackageCache/com.unity.test-framework.performance@8b56083ec0f0)
  Built-in packages:
    com.unity.render-pipelines.universal@17.5.0 (location: /Users/jangyoung/orca/unknown/unity/Unknown/Library/PackageCache/com.unity.render-pipelines.universal@73b4c4ff130e)
    com.unity.test-framework@1.7.0 (location: /Users/jangyoung/orca/unknown/unity/Unknown/Library/PackageCache/com.unity.test-framework@1405238725ab)
    com.unity.ugui@2.5.0 (location: /Users/jangyoung/orca/unknown/unity/Unknown/Library/PackageCache/com.unity.ugui@67707a67a4ab)
    com.unity.modules.accessibility@1.0.0 (location: /Users/jangyoung/orca/unknown/unity/Unknown/Library/PackageCache/com.unity.modules.accessibility)
    com.unity.modules.adaptiveperformance@1.0.0 (location: /Users/jangyoung/orca/unknown/unity/Unknown/Library/PackageCache/com.unity.modules.adaptiveperformance)
    com.unity.modules.ai@1.0.0 (location: /Users/jangyoung/orca/unknown/unity/Unknown/Library/PackageCache/com.unity.modules.ai)
    com.unity.modules.androidjni@1.0.0 (location: /Users/jangyoung/orca/unknown/unity/Unknown/Library/PackageCache/com.unity.modules.androidjni)
    com.unity.modules.animation@1.0.0 (location: /Users/jangyoung/orca/unknown/unity/Unknown/Library/PackageCache/com.unity.modules.animation)
    com.unity.modules.assetbundle@1.0.0 (location: /Users/jangyoung/orca/unknown/unity/Unknown/Library/PackageCache/com.unity.modules.assetbundle)
    com.unity.modules.audio@1.0.0 (location: /Users/jangyoung/orca/unknown/unity/Unknown/Library/PackageCache/com.unity.modules.audio)
    com.unity.modules.cloth@1.0.0 (location: /Users/jangyoung/orca/unknown/unity/Unknown/Library/PackageCache/com.unity.modules.cloth)
    com.unity.modules.director@1.0.0 (location: /Users/jangyoung/orca/unknown/unity/Unknown/Library/PackageCache/com.unity.modules.director)
    com.unity.modules.imageconversion@1.0.0 (location: /Users/jangyoung/orca/unknown/unity/Unknown/Library/PackageCache/com.unity.modules.imageconversion)
    com.unity.modules.imgui@1.0.0 (location: /Users/jangyoung/orca/unknown/unity/Unknown/Library/PackageCache/com.unity.modules.imgui)
    com.unity.modules.jsonserialize@1.0.0 (location: /Users/jangyoung/orca/unknown/unity/Unknown/Library/PackageCache/com.unity.modules.jsonserialize)
    com.unity.modules.particlesystem@1.0.0 (location: /Users/jangyoung/orca/unknown/unity/Unknown/Library/PackageCache/com.unity.modules.particlesystem)
    com.unity.modules.physics@1.0.0 (location: /Users/jangyoung/orca/unknown/unity/Unknown/Library/PackageCache/com.unity.modules.physics)
    com.unity.modules.physics2d@1.0.0 (location: /Users/jangyoung/orca/unknown/unity/Unknown/Library/PackageCache/com.unity.modules.physics2d)
    com.unity.modules.physicscore2d@1.0.0 (location: /Users/jangyoung/orca/unknown/unity/Unknown/Library/PackageCache/com.unity.modules.physicscore2d)
    com.unity.modules.screencapture@1.0.0 (location: /Users/jangyoung/orca/unknown/unity/Unknown/Library/PackageCache/com.unity.modules.screencapture)
    com.unity.modules.terrain@1.0.0 (location: /Users/jangyoung/orca/unknown/unity/Unknown/Library/PackageCache/com.unity.modules.terrain)
    com.unity.modules.terrainphysics@1.0.0 (location: /Users/jangyoung/orca/unknown/unity/Unknown/Library/PackageCache/com.unity.modules.terrainphysics)
    com.unity.modules.tilemap@1.0.0 (location: /Users/jangyoung/orca/unknown/unity/Unknown/Library/PackageCache/com.unity.modules.tilemap)
    com.unity.modules.ui@1.0.0 (location: /Users/jangyoung/orca/unknown/unity/Unknown/Library/PackageCache/com.unity.modules.ui)
    com.unity.modules.uielements@1.0.0 (location: /Users/jangyoung/orca/unknown/unity/Unknown/Library/PackageCache/com.unity.modules.uielements)
    com.unity.modules.umbra@1.0.0 (location: /Users/jangyoung/orca/unknown/unity/Unknown/Library/PackageCache/com.unity.modules.umbra)
    com.unity.modules.unityanalytics@1.0.0 (location: /Users/jangyoung/orca/unknown/unity/Unknown/Library/PackageCache/com.unity.modules.unityanalytics)
    com.unity.modules.unitywebrequest@1.0.0 (location: /Users/jangyoung/orca/unknown/unity/Unknown/Library/PackageCache/com.unity.modules.unitywebrequest)
    com.unity.modules.unitywebrequestassetbundle@1.0.0 (location: /Users/jangyoung/orca/unknown/unity/Unknown/Library/PackageCache/com.unity.modules.unitywebrequestassetbundle)
    com.unity.modules.unitywebrequestaudio@1.0.0 (location: /Users/jangyoung/orca/unknown/unity/Unknown/Library/PackageCache/com.unity.modules.unitywebrequestaudio)
    com.unity.modules.unitywebrequesttexture@1.0.0 (location: /Users/jangyoung/orca/unknown/unity/Unknown/Library/PackageCache/com.unity.modules.unitywebrequesttexture)
    com.unity.modules.unitywebrequestwww@1.0.0 (location: /Users/jangyoung/orca/unknown/unity/Unknown/Library/PackageCache/com.unity.modules.unitywebrequestwww)
    com.unity.modules.vectorgraphics@1.0.0 (location: /Users/jangyoung/orca/unknown/unity/Unknown/Library/PackageCache/com.unity.modules.vectorgraphics)
    com.unity.modules.vehicles@1.0.0 (location: /Users/jangyoung/orca/unknown/unity/Unknown/Library/PackageCache/com.unity.modules.vehicles)
    com.unity.modules.video@1.0.0 (location: /Users/jangyoung/orca/unknown/unity/Unknown/Library/PackageCache/com.unity.modules.video)
    com.unity.modules.wind@1.0.0 (location: /Users/jangyoung/orca/unknown/unity/Unknown/Library/PackageCache/com.unity.modules.wind)
    com.unity.modules.xr@1.0.0 (location: /Users/jangyoung/orca/unknown/unity/Unknown/Library/PackageCache/com.unity.modules.xr)
    com.unity.modules.subsystems@1.0.0 (location: /Users/jangyoung/orca/unknown/unity/Unknown/Library/PackageCache/com.unity.modules.subsystems)
    com.unity.modules.hierarchycore@1.0.0 (location: /Users/jangyoung/orca/unknown/unity/Unknown/Library/PackageCache/com.unity.modules.hierarchycore)
    com.unity.ext.nunit@2.1.0 (location: /Users/jangyoung/orca/unknown/unity/Unknown/Library/PackageCache/com.unity.ext.nunit@44f7d31723bd)
    com.unity.render-pipelines.core@17.5.0 (location: /Users/jangyoung/orca/unknown/unity/Unknown/Library/PackageCache/com.unity.render-pipelines.core@645717f21c5f)
    com.unity.shadergraph@17.5.0 (location: /Users/jangyoung/orca/unknown/unity/Unknown/Library/PackageCache/com.unity.shadergraph@8d7376ec43ee)
    com.unity.render-pipelines.universal-config@17.5.0 (location: /Users/jangyoung/orca/unknown/unity/Unknown/Library/PackageCache/com.unity.render-pipelines.universal-config@fdda01c80fe3)
    com.unity.collections@6.5.0 (location: /Users/jangyoung/orca/unknown/unity/Unknown/Library/PackageCache/com.unity.collections@a43cabe808ca)
    com.unity.mathematics@1.4.0 (location: /Users/jangyoung/orca/unknown/unity/Unknown/Library/PackageCache/com.unity.mathematics@981956d94fb6)
[Subsystems] No new subsystems found in resolved package list.
[Package Manager] Done registering packages in 0.01 seconds
[ScriptCompilation] Requested script compilation because: AssetDatabase observed changes in script compilation related files
info: Microsoft.Hosting.Lifetime[14]
      Now listening on: http://unix:/tmp/ilpp.sock-91ce4cc105a82451580320b8034fc51a
info: Microsoft.Hosting.Lifetime[0]
      Application started. Press Ctrl+C to shut down.
info: Microsoft.Hosting.Lifetime[0]
      Hosting environment: Production
info: Microsoft.Hosting.Lifetime[0]
      Content root path: /Users/jangyoung/orca/unknown/unity/Unknown
info: Microsoft.AspNetCore.Hosting.Diagnostics[1]
      Request starting HTTP/2 POST http://ilpp/UnityILPP.PostProcessing/Ping - application/grpc -
info: Microsoft.AspNetCore.Routing.EndpointMiddleware[0]
      Executing endpoint 'gRPC - /UnityILPP.PostProcessing/Ping'
info: Microsoft.AspNetCore.Routing.EndpointMiddleware[1]
      Executed endpoint 'gRPC - /UnityILPP.PostProcessing/Ping'
info: Microsoft.AspNetCore.Hosting.Diagnostics[2]
      Request finished HTTP/2 POST http://ilpp/UnityILPP.PostProcessing/Ping - 200 - application/grpc 29.5098ms
Starting: /Applications/Unity/Hub/Editor/6000.5.6f1/Unity.app/Contents/Resources/BuildPipeline/bee_backend --ipc --defer-dag-verification --dagfile="Library/Bee/200b0aEDbg.dag" --continue-on-failure --profile="Library/Bee/backend1.traceevents" ScriptAssemblies
WorkingDir: /Users/jangyoung/orca/unknown/unity/Unknown
DisplayProgressbar: Compiling Scripts
info: Microsoft.AspNetCore.Hosting.Diagnostics[1]
      Request starting HTTP/2 POST http://ilpp/UnityILPP.PostProcessing/ConfigurePostProcessors - application/grpc -
info: Microsoft.AspNetCore.Routing.EndpointMiddleware[0]
      Executing endpoint 'gRPC - /UnityILPP.PostProcessing/ConfigurePostProcessors'
warn: Unity.ILPP.Runner.PostProcessingAssemblyLoadContext[0]
      Assembly system.runtime.interopservices.windowsruntime has duplicate hint path. Ignoring "/Applications/Unity/Hub/Editor/6000.5.6f1/Unity.app/Contents/Resources/Scripting/UnityReferenceAssemblies/unity-4.8-api/Facades/System.Runtime.InteropServices.WindowsRuntime.dll" in favor of "/Applications/Unity/Hub/Editor/6000.5.6f1/Unity.app/Contents/Resources/Scripting/NetStandard/Extensions/2.0.0/System.Runtime.InteropServices.WindowsRuntime.dll"
warn: Unity.ILPP.Runner.PostProcessingAssemblyLoadContext[0]
      Assembly system.componentmodel.composition has duplicate hint path. Ignoring "/Applications/Unity/Hub/Editor/6000.5.6f1/Unity.app/Contents/Resources/Scripting/UnityReferenceAssemblies/unity-4.8-api/System.ComponentModel.Composition.dll" in favor of "/Applications/Unity/Hub/Editor/6000.5.6f1/Unity.app/Contents/Resources/Scripting/NetStandard/compat/2.1.0/shims/netfx/System.ComponentModel.Composition.dll"
info: Unity.ILPP.Runner.PostProcessingAssemblyLoadContext[0]
      Resolved Unity.Burst.Cecil, Version=0.11.6.0, Culture=neutral, PublicKeyToken=50cebf1cceb9d05e with Library/PackageCache/com.unity.burst@6bb9aca3ef38/Unity.Burst.CodeGen/Unity.Burst.Cecil.dll
info: Unity.ILPP.Runner.PostProcessingAssemblyLoadContext[0]
      Resolved Mono.Cecil, Version=0.11.5.0, Culture=neutral, PublicKeyToken=50cebf1cceb9d05e with Library/PackageCache/com.unity.nuget.mono-cecil@ecb9724e46ff/Mono.Cecil.dll
info: Microsoft.AspNetCore.Routing.EndpointMiddleware[1]
      Executed endpoint 'gRPC - /UnityILPP.PostProcessing/ConfigurePostProcessors'
info: Microsoft.AspNetCore.Hosting.Diagnostics[2]
      Request finished HTTP/2 POST http://ilpp/UnityILPP.PostProcessing/ConfigurePostProcessors - 200 - application/grpc 18.9128ms
info: Microsoft.AspNetCore.Hosting.Diagnostics[1]
      Request starting HTTP/2 POST http://ilpp/UnityILPP.PostProcessing/PostProcessAssembly - application/grpc -
info: Microsoft.AspNetCore.Routing.EndpointMiddleware[0]
      Executing endpoint 'gRPC - /UnityILPP.PostProcessing/PostProcessAssembly'
info: Unity.ILPP.Runner.PostProcessingPipeline[0]
      Processing assembly Library/Bee/artifacts/200b0aEDbg.dag/Tide.UI.dll, with 137 defines and 289 references
info: Unity.ILPP.Runner.PostProcessingPipeline[0]
      processors: Unity.Jobs.CodeGen.JobsILPostProcessor, zzzUnity.Burst.CodeGen.BurstILPostProcessor
info: Unity.ILPP.Runner.PostProcessingPipeline[0]
      running Unity.Jobs.CodeGen.JobsILPostProcessor
info: Unity.ILPP.Runner.PostProcessingPipeline[0]
      running zzzUnity.Burst.CodeGen.BurstILPostProcessor
info: Microsoft.AspNetCore.Routing.EndpointMiddleware[1]
      Executed endpoint 'gRPC - /UnityILPP.PostProcessing/PostProcessAssembly'
info: Microsoft.AspNetCore.Hosting.Diagnostics[2]
      Request finished HTTP/2 POST http://ilpp/UnityILPP.PostProcessing/PostProcessAssembly - 200 - application/grpc 12.1298ms
info: Microsoft.AspNetCore.Hosting.Diagnostics[1]
      Request starting HTTP/2 POST http://ilpp/UnityILPP.PostProcessing/PostProcessAssembly - application/grpc -
info: Microsoft.AspNetCore.Routing.EndpointMiddleware[0]
      Executing endpoint 'gRPC - /UnityILPP.PostProcessing/PostProcessAssembly'
info: Unity.ILPP.Runner.PostProcessingPipeline[0]
      Processing assembly Library/Bee/artifacts/200b0aEDbg.dag/Tide.App.dll, with 137 defines and 294 references
info: Unity.ILPP.Runner.PostProcessingPipeline[0]
      processors: Unity.Jobs.CodeGen.JobsILPostProcessor, zzzUnity.Burst.CodeGen.BurstILPostProcessor
info: Unity.ILPP.Runner.PostProcessingPipeline[0]
      running Unity.Jobs.CodeGen.JobsILPostProcessor
info: Unity.ILPP.Runner.PostProcessingPipeline[0]
      running zzzUnity.Burst.CodeGen.BurstILPostProcessor
info: Microsoft.AspNetCore.Routing.EndpointMiddleware[1]
      Executed endpoint 'gRPC - /UnityILPP.PostProcessing/PostProcessAssembly'
info: Microsoft.AspNetCore.Hosting.Diagnostics[2]
      Request finished HTTP/2 POST http://ilpp/UnityILPP.PostProcessing/PostProcessAssembly - 200 - application/grpc 3.0126ms
info: Microsoft.AspNetCore.Hosting.Diagnostics[1]
      Request starting HTTP/2 POST http://ilpp/UnityILPP.PostProcessing/PostProcessAssembly - application/grpc -
info: Microsoft.AspNetCore.Routing.EndpointMiddleware[0]
      Executing endpoint 'gRPC - /UnityILPP.PostProcessing/PostProcessAssembly'
info: Unity.ILPP.Runner.PostProcessingPipeline[0]
      Processing assembly Library/Bee/artifacts/200b0aEDbg.dag/Tide.Tests.Play.dll, with 138 defines and 292 references
info: Unity.ILPP.Runner.PostProcessingPipeline[0]
      processors: Unity.Jobs.CodeGen.JobsILPostProcessor, zzzUnity.Burst.CodeGen.BurstILPostProcessor
info: Unity.ILPP.Runner.PostProcessingPipeline[0]
      running Unity.Jobs.CodeGen.JobsILPostProcessor
info: Unity.ILPP.Runner.PostProcessingPipeline[0]
      running zzzUnity.Burst.CodeGen.BurstILPostProcessor
info: Microsoft.AspNetCore.Routing.EndpointMiddleware[1]
      Executed endpoint 'gRPC - /UnityILPP.PostProcessing/PostProcessAssembly'
info: Microsoft.AspNetCore.Hosting.Diagnostics[2]
      Request finished HTTP/2 POST http://ilpp/UnityILPP.PostProcessing/PostProcessAssembly - 200 - application/grpc 3.6660ms
info: Microsoft.AspNetCore.Hosting.Diagnostics[1]
      Request starting HTTP/2 POST http://ilpp/UnityILPP.PostProcessing/PostProcessAssembly - application/grpc -
info: Microsoft.AspNetCore.Routing.EndpointMiddleware[0]
      Executing endpoint 'gRPC - /UnityILPP.PostProcessing/PostProcessAssembly'
info: Unity.ILPP.Runner.PostProcessingPipeline[0]
      Processing assembly Library/Bee/artifacts/200b0aEDbg.dag/Tide.EditorTools.dll, with 135 defines and 305 references
info: Unity.ILPP.Runner.PostProcessingPipeline[0]
      processors: Unity.Jobs.CodeGen.JobsILPostProcessor, zzzUnity.Burst.CodeGen.BurstILPostProcessor
info: Unity.ILPP.Runner.PostProcessingPipeline[0]
      running Unity.Jobs.CodeGen.JobsILPostProcessor
info: Unity.ILPP.Runner.PostProcessingPipeline[0]
      running zzzUnity.Burst.CodeGen.BurstILPostProcessor
info: Microsoft.AspNetCore.Routing.EndpointMiddleware[1]
      Executed endpoint 'gRPC - /UnityILPP.PostProcessing/PostProcessAssembly'
info: Microsoft.AspNetCore.Hosting.Diagnostics[2]
      Request finished HTTP/2 POST http://ilpp/UnityILPP.PostProcessing/PostProcessAssembly - 200 - application/grpc 7.2283ms
info: Microsoft.AspNetCore.Hosting.Diagnostics[1]
      Request starting HTTP/2 POST http://ilpp/UnityILPP.PostProcessing/PostProcessAssembly - application/grpc -
info: Microsoft.AspNetCore.Routing.EndpointMiddleware[0]
      Executing endpoint 'gRPC - /UnityILPP.PostProcessing/PostProcessAssembly'
info: Unity.ILPP.Runner.PostProcessingPipeline[0]
      Processing assembly Library/Bee/artifacts/200b0aEDbg.dag/Tide.Tests.Sim.dll, with 136 defines and 301 references
info: Unity.ILPP.Runner.PostProcessingPipeline[0]
      processors: Unity.Jobs.CodeGen.JobsILPostProcessor, zzzUnity.Burst.CodeGen.BurstILPostProcessor
info: Unity.ILPP.Runner.PostProcessingPipeline[0]
      running Unity.Jobs.CodeGen.JobsILPostProcessor
info: Unity.ILPP.Runner.PostProcessingPipeline[0]
      running zzzUnity.Burst.CodeGen.BurstILPostProcessor
info: Microsoft.AspNetCore.Routing.EndpointMiddleware[1]
      Executed endpoint 'gRPC - /UnityILPP.PostProcessing/PostProcessAssembly'
info: Microsoft.AspNetCore.Hosting.Diagnostics[2]
      Request finished HTTP/2 POST http://ilpp/UnityILPP.PostProcessing/PostProcessAssembly - 200 - application/grpc 2.7852ms
ExitCode: 0 Duration: 3s260ms
[619/820    0s] ILPP-Configuration Library/ilpp-configuration.nevergeneratedoutput
[800/820    2s] Csc Library/Bee/artifacts/200b0aEDbg.dag/Tide.UI.dll (+2 others)
[801/820    0s] ILPostProcess Library/Bee/artifacts/200b0aEDbg.dag/post-processed/Tide.UI.dll (+pdb)
Processing assembly Library/Bee/artifacts/200b0aEDbg.dag/Tide.UI.dll, with 137 defines and 289 references
processors: Unity.Jobs.CodeGen.JobsILPostProcessor, zzzUnity.Burst.CodeGen.BurstILPostProcessor
running Unity.Jobs.CodeGen.JobsILPostProcessor
running zzzUnity.Burst.CodeGen.BurstILPostProcessor
[802/820    0s] CopyFiles Library/ScriptAssemblies/Tide.UI.pdb
[803/820    0s] CopyFiles Library/ScriptAssemblies/Tide.UI.dll
[804/820    0s] Csc Library/Bee/artifacts/200b0aEDbg.dag/Tide.App.dll (+2 others)
Assets/_Project/App/T0GameSession.cs(96,56): warning CS0618: 'FindObjectsSortMode' is obsolete: 'FindObjectsSortMode has been deprecated. Use the FindObjectsByType overloads that do not take a FindObjectsSortMode parameter.'
Assets/_Project/App/T0GameSession.cs(96,28): warning CS0618: 'Object.FindObjectsByType<T>(FindObjectsSortMode)' is obsolete: 'FindObjectsByType with FindObjectsSortMode parameter has been deprecated. Use FindObjectsByType<T>() or FindObjectsByType<T>(FindObjectsInactive) instead. InstanceID will be replaced in the future with EntityId and previous sort order cannot be maintained.'
[805/820    0s] ILPostProcess Library/Bee/artifacts/200b0aEDbg.dag/post-processed/Tide.App.dll (+pdb)
Processing assembly Library/Bee/artifacts/200b0aEDbg.dag/Tide.App.dll, with 137 defines and 294 references
processors: Unity.Jobs.CodeGen.JobsILPostProcessor, zzzUnity.Burst.CodeGen.BurstILPostProcessor
running Unity.Jobs.CodeGen.JobsILPostProcessor
running zzzUnity.Burst.CodeGen.BurstILPostProcessor
[806/820    0s] CopyFiles Library/ScriptAssemblies/Tide.App.pdb
[807/820    0s] CopyFiles Library/ScriptAssemblies/Tide.App.dll
[808/820    0s] Csc Library/Bee/artifacts/200b0aEDbg.dag/Tide.EditorTools.dll (+2 others)
[809/820    0s] Csc Library/Bee/artifacts/200b0aEDbg.dag/Tide.Tests.Play.dll (+2 others)
[810/820    0s] ILPostProcess Library/Bee/artifacts/200b0aEDbg.dag/post-processed/Tide.Tests.Play.dll (+pdb)
Processing assembly Library/Bee/artifacts/200b0aEDbg.dag/Tide.Tests.Play.dll, with 138 defines and 292 references
processors: Unity.Jobs.CodeGen.JobsILPostProcessor, zzzUnity.Burst.CodeGen.BurstILPostProcessor
running Unity.Jobs.CodeGen.JobsILPostProcessor
running zzzUnity.Burst.CodeGen.BurstILPostProcessor
[811/820    0s] ILPostProcess Library/Bee/artifacts/200b0aEDbg.dag/post-processed/Tide.EditorTools.dll (+pdb)
Processing assembly Library/Bee/artifacts/200b0aEDbg.dag/Tide.EditorTools.dll, with 135 defines and 305 references
processors: Unity.Jobs.CodeGen.JobsILPostProcessor, zzzUnity.Burst.CodeGen.BurstILPostProcessor
running Unity.Jobs.CodeGen.JobsILPostProcessor
running zzzUnity.Burst.CodeGen.BurstILPostProcessor
[812/820    0s] CopyFiles Library/ScriptAssemblies/Tide.EditorTools.pdb
[813/820    0s] CopyFiles Library/ScriptAssemblies/Tide.Tests.Play.pdb
[814/820    0s] CopyFiles Library/ScriptAssemblies/Tide.EditorTools.dll
[815/820    0s] CopyFiles Library/ScriptAssemblies/Tide.Tests.Play.dll
[816/820    0s] Csc Library/Bee/artifacts/200b0aEDbg.dag/Tide.Tests.Sim.dll (+2 others)
Assets/_Project/Tests/EditMode/T0M2Tests.cs(36,79): warning CS1998: This async method lacks 'await' operators and will run synchronously. Consider using the 'await' operator to await non-blocking API calls, or 'await Task.Run(...)' to do CPU-bound work on a background thread.
[817/820    0s] ILPostProcess Library/Bee/artifacts/200b0aEDbg.dag/post-processed/Tide.Tests.Sim.dll (+pdb)
Processing assembly Library/Bee/artifacts/200b0aEDbg.dag/Tide.Tests.Sim.dll, with 136 defines and 301 references
processors: Unity.Jobs.CodeGen.JobsILPostProcessor, zzzUnity.Burst.CodeGen.BurstILPostProcessor
running Unity.Jobs.CodeGen.JobsILPostProcessor
running zzzUnity.Burst.CodeGen.BurstILPostProcessor
[818/820    0s] CopyFiles Library/ScriptAssemblies/Tide.Tests.Sim.dll
[819/820    0s] CopyFiles Library/ScriptAssemblies/Tide.Tests.Sim.pdb
*** Tundra build success (3.24 seconds), 21 items updated, 820 evaluated
Assets/_Project/App/T0GameSession.cs(96,56): warning CS0618: 'FindObjectsSortMode' is obsolete: 'FindObjectsSortMode has been deprecated. Use the FindObjectsByType overloads that do not take a FindObjectsSortMode parameter.'
Assets/_Project/App/T0GameSession.cs(96,28): warning CS0618: 'Object.FindObjectsByType<T>(FindObjectsSortMode)' is obsolete: 'FindObjectsByType with FindObjectsSortMode parameter has been deprecated. Use FindObjectsByType<T>() or FindObjectsByType<T>(FindObjectsInactive) instead. InstanceID will be replaced in the future with EntityId and previous sort order cannot be maintained.'
Assets/_Project/Tests/EditMode/T0M2Tests.cs(36,79): warning CS1998: This async method lacks 'await' operators and will run synchronously. Consider using the 'await' operator to await non-blocking API calls, or 'await Task.Run(...)' to do CPU-bound work on a background thread.
AssetDatabase: script compilation time: 3.917176s
Total cache size 72886336
Total cache size after purge 72886336, took 00:00:00.0823999
Begin MonoManager ReloadAssembly
Symbol file LoadedFromMemory is not a mono symbol file
Native extension for OSXStandalone target not found
Native extension for WebGL target not found
ScheduleIndexationOnStartup MainProcess:True IndexOnStartup:True
Mono: successfully reloaded assembly
- Finished resetting the current domain, in  2.749 seconds
Domain Reload Profiling: 3278ms
	BeginReloadAssembly (129ms)
		DisableScriptedObjects (13ms)
		CreateAndSetChildDomain (35ms)
	RebuildCommonClasses (6ms)
	RebuildNativeTypeToScriptingClass (12ms)
	initialDomainReloadingComplete (31ms)
	LoadAllAssembliesAndSetupDomain (349ms)
		LoadAssemblies (190ms)
		AnalyzeDomain (127ms)
			TypeCache.Refresh (95ms)
				TypeCache.ScanAssembly (84ms)
			BuildScriptInfoCaches (28ms)
			ResolveRequiredComponents (3ms)
	FinalizeReload (2750ms)
		SetupLoadedEditorAssemblies (0ms)
			BeforeProcessingInitializeOnLoad (60ms)
			ProcessInitializeOnLoadAttributes (2253ms)
			ProcessInitializeOnLoadMethodAttributes (277ms)
		AwakeInstancesAfterBackupRestoration (10ms)
Starting new worker id: 0 with log in /Users/jangyoung/orca/unknown/unity/Unknown/Logs/AssetImportWorkerHW0.log

Asset Pipeline Refresh (id=fe4638141ac2b41bf9ee4502b6875978): Total: 8.146 seconds - Initiated by InitialRefreshV2(ForceSynchronousImport)
	(Values over 0.05ms)
	Summary:
		Imports: total=0 (actual=0, local cache=0, cache server=0)
		Asset DB Process Time: managed=0 ms, native=3436 ms
		Asset DB Callback time: managed=174 ms, native=18 ms
		Scripting: domain reloads=1, domain reload time=550 ms, compile time=3918 ms, other=46 ms
		Project Asset Count: scripts=1116, non-scripts=1990
		Asset File Changes: new=0, changed=3, moved=0, deleted=0
		Scan Filter Count: 1
	InvokePackagesCallback: 14.284ms
	ApplyChangesToAssetFolders: 0.245ms
	Scan: 367.383ms
	Collect global state as custom dependencies: 12.914ms
	OnSourceAssetsModified: 0.389ms
	CategorizeScriptCompilationAssets: 31.846ms
	ProcessAssetsWithTransientArtifactChanges: 39.525ms
	CategorizeAssets: 80.546ms
	CompileScripts: 3918.283ms
	ImportOutOfDateAssets: 2792.144ms (2759.534ms without children)
		UnloadImportedAssets: 2.206ms
		EnsureUptoDateAssetsAreRegisteredWithGuidPM: 0.459ms
		ImportSchedulerStart: 29.916ms
	PostProcessAllAssets: 177.388ms
		VCAutoAddAssetPostprocess 1.888ms
		PostProcessCallbackCreateDeferredMaterials 0.241ms
		MonoPostProcessAllAssets: 174.664ms
			AssetPostprocessor.OnPostprocessAllAssets 118.486ms
			StyleCatalogPostProcessor.OnPostprocessAllAssets 16.417ms
			UniversalRenderPipelineGlobalSettingsPostprocessor.OnPostprocessAllAssets 9.889ms
			BuilderAssetPostprocessor.OnPostprocessAllAssets 4.291ms
			WindowAssetPostprocessingWatcher.OnPostprocessAllAssets 1.679ms
			SyncVS.PostprocessSyncProject 1.673ms
			SpeedTree9Postprocessor.OnPostprocessAllAssets 1.670ms
			ShaderGraphAssetPostProcessor.OnPostprocessAllAssets 1.168ms
			AssetChangedListener.OnPostprocessAllAssets 0.878ms
			RetainedModeAssetPostprocessor.OnPostprocessAllAssets 0.859ms
			LocalizationAssetPostProcessor.OnPostprocessAllAssets 0.812ms
			AddressablesAssetPostProcessor.OnPostprocessAllAssets 0.806ms
			MaterialPostprocessor.OnPostprocessAllAssets 0.744ms
			EditModeScopePostprocessor.OnPostprocessAllAssets 0.580ms
			InputActionAssetPostprocessor.OnPostprocessAllAssets 0.449ms
			RenderPipelineGlobalSettingsPostprocessor.OnPostprocessAllAssets 0.429ms
			ArtifactBrowserPostProcessor.OnPostprocessAllAssets 0.398ms
			TMPro_TexturePostProcessor.OnPostprocessAllAssets 0.335ms
			AssetPathToTypes.OnPostprocessAllAssets 0.314ms
			SampleDependencyImporterPostProcessor.OnPostprocessAllAssets 0.305ms
			AssetEvents.OnPostprocessAllAssets 0.294ms
			AudioMixerPostprocessor.OnPostprocessAllAssets 0.259ms
			PostProcessor.OnPostprocessAllAssets 0.250ms
			TextAssetPostProcessor.OnPostprocessAllAssets 0.248ms
			InputActionJsonNameModifierAssetProcessor.OnPostprocessAllAssets 0.241ms
			ShaderReflectionAssetPostProcessor.OnPostprocessAllAssets 0.174ms
			ReferencedClipsPostProcessor.OnPostprocessAllAssets 0.162ms
			TerrainToolbarOverlayPostProcessor.OnPostprocessAllAssets 0.142ms
			AssetDatabaseCallbacks.OnPostprocessAllAssets 0.122ms
			ProjectSettingsPostprocessor.OnPostprocessAllAssets 0.120ms
			ConfigAssetsTracker.OnPostprocessAllAssets 0.095ms
			SpeedTreePostProcessor.OnPostprocessAllAssets 0.094ms
			ScenarioDriftAssetsTracker.OnPostprocessAllAssets 0.090ms
			AudioContainerPostProcessor.OnPostprocessAllAssets 0.072ms
	PostAssetChangesProfiler: 2.128ms
	UnloadStreamsBegin: 1.198ms
	PersistCurrentRevisions: 0.077ms
	GenerateScriptTypeHashes: 1.621ms
	GenerateScriptTypeSerializationHashes: 2.932ms
	Untracked: 705.428ms

Application.AssetDatabase Initial Refresh End
Shader Hidden/ChartRasterizerHardware is not supported: GPU does not support conservative rasterization
Shader Hidden/ChartRasterizerHardware is not supported: GPU does not support conservative rasterization
Scanning for USB devices : 0.035ms
Initializing Unity extensions:
[MODES] ModeService[none].Initialize
[MODES] ModeService[none].LoadModes
[MODES] Loading mode Default (0) for mode-current-id-Unknown T0
Unloading 66 Unused Serialized files (Serialized files now loaded: 0)
Unloading 4754 unused Assets / (8.2 MB). Loaded Objects now: 5589.
Memory consumption went from 248.2 MB to 240.0 MB.
Total: 13.287167 ms (FindLiveObjects: 0.388291 ms CreateObjectMapping: 1.274167 ms MarkObjects: 7.050333 ms  DeleteObjects: 4.573750 ms)

[Project] Loading completed in 10.826 seconds
	Project init time: 				10.456 seconds
		Template init time: 		0.000 seconds
		Package Manager init time: 		0.779 seconds
		Asset Database init time: 		0.336 seconds
		Global illumination init time: 	0.002 seconds
		Assemblies load time: 			0.769 seconds
		Unity extensions init time: 	0.010 seconds
		Asset Database refresh time: 	8.146 seconds
	Scene opening time: 			0.260 seconds
##utp:{"type":"ProjectInfo","version":2,"phase":"Immediate","time":1789100151728,"processId":42305,"projectLoad":10.825897625000002,"projectInit":10.455795292,"templateInit":0.0,"packageManagerInit":0.779338791,"assetDatabaseInit":0.336008041,"globalIlluminationInit":0.001546,"assembliesLoad":0.768559625,"unityExtensionsInit":0.009842792,"assetDatabaseRefresh":8.145868416,"sceneOpening":0.259505375}
##utp:{"type":"EditorInfo","version":2,"phase":"Immediate","time":1789100151728,"processId":42305,"editorVersion":"6000.5.6f1 (0e0577a1a2ac)","branch":"6000.5/staging","buildType":"Release","platform":"OSX"}
[Licensing::Client] Successfully resolved entitlement details
Running tests for ExecutionSettings with details:
targetPlatform = 
playerHeartbeatTimeout = 600
filters[0] = 
   Filter with settings:
   testMode = PlayMode
   targetPlatform = 
   testNames = null
   groupNames = Tide.Tests.C1PlayModeTests, Tide.Tests.C1SignaturePlayModeTests, Tide.Tests.T0CaseThreadTests, Tide.Tests.T0PlayModeTests, Tide.Tests.T0ResourceInteractionTests
   categoryNames = null
   assemblyNames = null
ignoreTests = {}
featureFlags = null

UnityEngine.Debug:ExtractStackTraceNoAlloc (byte*,int,string)
UnityEngine.StackTraceUtility:ExtractStackTrace () (at /Users/bokken/build/output/unity/unity/Runtime/Export/Scripting/StackTrace.cs:35)
UnityEngine.DebugLogHandler:Internal_Log (UnityEngine.LogType,UnityEngine.LogOption,string,UnityEngine.Object)
UnityEngine.DebugLogHandler:LogFormat (UnityEngine.LogType,UnityEngine.Object,string,object[])
UnityEngine.Logger:Log (UnityEngine.LogType,object)
UnityEngine.Debug:Log (object)
UnityEditor.TestTools.TestRunner.CommandLineTest.Executer:InitializeAndExecuteRun (string[]) (at ./Library/PackageCache/com.unity.test-framework@1405238725ab/UnityEditor.TestRunner/CommandLineTest/Executer.cs:53)
UnityEditor.TestTools.TestRunner.CommandLineTest.TestStarter:InitializeAndExecuteRun () (at ./Library/PackageCache/com.unity.test-framework@1405238725ab/UnityEditor.TestRunner/CommandLineTest/TestStarter.cs:64)
UnityEditor.EditorApplication:Internal_CallUpdateFunctions () (at /Users/bokken/build/output/unity/unity/Editor/Mono/EditorApplication.cs:403)

(Filename: ./Library/PackageCache/com.unity.test-framework@1405238725ab/UnityEditor.TestRunner/CommandLineTest/Executer.cs Line: 53)

DisplayProgressbar: Material Upgrader re-import
Importing 'GUID: c0a66792f7fa44b3dad8be3be7ced59f - Path: Assets/_Project/Rendering/Workbench-behind-drawer.mat' with importer (NativeFormatImporter)
Imported 'GUID: c0a66792f7fa44b3dad8be3be7ced59f' -> (Import Result ID: '8802d5cc3fd4258d70865511393e64bb') in 0.005 seconds [static dependencies only]. Details - ImportResultOutputID=2905a637ef0d5940234584cca4f28c2b DependenciesID=c52404109f135ec0ba5db10405925321 StaticDependenciesID=fd650ee76f617a0ce95baba34f15e3fc 
Importing 'GUID: 31d0dcc6f2dd4e4408d18036a2c93862 - Path: Packages/com.unity.render-pipelines.universal/Runtime/Materials/Decal.mat' with importer (NativeFormatImporter)
Imported 'GUID: 31d0dcc6f2dd4e4408d18036a2c93862' -> (Import Result ID: 'ef79708a60c3c4ece06710b8976a248b') in 0.002 seconds [static dependencies only]. Details - ImportResultOutputID=27f50545369d9b2b39b980276ea7c8ce DependenciesID=6898307ec4d5829ba4fedd5449e1f8cd StaticDependenciesID=9d2b538186766cdea4572e40c03c635e 
Importing 'GUID: 31321ba15b8f8eb4c954353edc038b1d - Path: Packages/com.unity.render-pipelines.universal/Runtime/Materials/Lit.mat' with importer (NativeFormatImporter)
Imported 'GUID: 31321ba15b8f8eb4c954353edc038b1d' -> (Import Result ID: '4c8ede662b20c3740ae26f43134ed3d8') in 0.001 seconds [static dependencies only]. Details - ImportResultOutputID=a48f7e6bcfa276d974788b68dcece99b DependenciesID=893bdee158e2adf62e63a3c2b5dbb49e StaticDependenciesID=a00cb8fafba8bef907e84982d4e5fc0f 
Importing 'GUID: 71942363c5608a64bb62421349d39c9c - Path: Packages/com.unity.render-pipelines.universal/Runtime/Materials/Mesh2D-Unlit-Default.mat' with importer (NativeFormatImporter)
Imported 'GUID: 71942363c5608a64bb62421349d39c9c' -> (Import Result ID: '1c63ebd096d1dc63637269212e831814') in 0.001 seconds [static dependencies only]. Details - ImportResultOutputID=60d5319d12ec6601090f4dc3bc877827 DependenciesID=adcfc61bb784393db7c4103a386cc4b5 StaticDependenciesID=59c90dc2243876194b53d83023ab9d26 
Importing 'GUID: 528b930e815ff4481932c0d49ab68151 - Path: Assets/_Project/Rendering/Authored-workbench.mat' with importer (NativeFormatImporter)
Imported 'GUID: 528b930e815ff4481932c0d49ab68151' -> (Import Result ID: '6025e49390812a8871246d2a20ce7e40') in 0.001 seconds [static dependencies only]. Details - ImportResultOutputID=ec361bc6f219caa6e7f1c85e624307ee DependenciesID=83e17729794e425a157a3dcf9646781d StaticDependenciesID=4ff33fa2e2462a0b9c66b1764f854f63 
Importing 'GUID: 92f845725428c954b878da352f657fe5 - Path: Packages/com.unity.render-pipelines.universal/Editor/SceneTemplates/Materials/Emissive.mat' with importer (NativeFormatImporter)
Imported 'GUID: 92f845725428c954b878da352f657fe5' -> (Import Result ID: '881ecc6d9deee3fa93f2b08d974039b6') in 0.001 seconds [static dependencies only]. Details - ImportResultOutputID=9f409e454e8569eeb8775e57f716ca56 DependenciesID=7d05bb7e612ceee686327bb88a490120 StaticDependenciesID=501de644cea185f3c9957bd5250ada78 
Importing 'GUID: c2e40fa84d53ccd428f640eac126b1fb - Path: Packages/com.unity.render-pipelines.universal/Editor/SceneTemplates/Materials/Gold.mat' with importer (NativeFormatImporter)
Imported 'GUID: c2e40fa84d53ccd428f640eac126b1fb' -> (Import Result ID: '31ded021f3ccbf81dece516b36755ede') in 0.001 seconds [static dependencies only]. Details - ImportResultOutputID=f0de5be625a902497e1b3968ff56fe81 DependenciesID=203bc18e19184a372df6d4603b97fa8f StaticDependenciesID=46b054d517bce2536d35703be5a8781b 
Importing 'GUID: 0373c127588b64dfe8627a91ee4d5488 - Path: Assets/_Project/Art/Candidates/c1-signature-reader-r01/MAT_C1_Reader_Casting.mat' with importer (NativeFormatImporter)
Main Object Name 'Universal Render Pipeline/Lit' does not match filename 'MAT_C1_Reader_Casting'
UnityEngine.Debug:ExtractStackTraceNoAlloc (byte*,int,string)
UnityEngine.StackTraceUtility:ExtractStackTrace () (at /Users/bokken/build/output/unity/unity/Runtime/Export/Scripting/StackTrace.cs:35)
UnityEditor.Rendering.AssetReimportUtils:ReimportAll<UnityEngine.Material> (double&,uint&,System.Func`2<string, bool>) (at ./Library/PackageCache/com.unity.render-pipelines.core@645717f21c5f/Editor/Material/AssetReimportUtils.cs:44)
UnityEditor.Rendering.Universal.MaterialReimporter:ReimportAllMaterials () (at ./Library/PackageCache/com.unity.render-pipelines.universal@73b4c4ff130e/Editor/AssetPostProcessors/MaterialPostprocessor.cs:37)
UnityEditor.Rendering.Universal.MaterialReimporter/<>c:<RegisterUpgraderReimport>b__2_0 () (at ./Library/PackageCache/com.unity.render-pipelines.universal@73b4c4ff130e/Editor/AssetPostProcessors/MaterialPostprocessor.cs:76)
UnityEditor.EditorApplication:Internal_CallUpdateFunctions () (at /Users/bokken/build/output/unity/unity/Editor/Mono/EditorApplication.cs:403)

[./Library/PackageCache/com.unity.render-pipelines.universal@73b4c4ff130e/Editor/AssetPostProcessors/MaterialPostprocessor.cs line 37]

Imported 'GUID: 0373c127588b64dfe8627a91ee4d5488' -> (Import Result ID: '0db1caf8ad4c3262521f98c3d5680f3a') in 0.001 seconds [static dependencies only]. Details - ImportResultOutputID=52d38d02a19c1538d6370c569b47ebd9 DependenciesID=65de684e27cc7fd32b65634665cf154f StaticDependenciesID=8a14a6fa7b9a0cce435506b7371f3bff 
Importing 'GUID: b34b07a45ba63ce47896c9e674f3a7a7 - Path: Packages/com.unity.render-pipelines.universal/Editor/SceneTemplates/Materials/Metal_Black.mat' with importer (NativeFormatImporter)
Imported 'GUID: b34b07a45ba63ce47896c9e674f3a7a7' -> (Import Result ID: 'acdff57133be86b9151b60f5cd1d30dc') in 0.000 seconds [static dependencies only]. Details - ImportResultOutputID=50434342d94f9f0e26d3f9360da27599 DependenciesID=d4d70d1bc7b0ea9e3593cc340e9ffeb8 StaticDependenciesID=687a2085688ddf0291fbe4ed36184eff 
Importing 'GUID: 74cd89c9eea5c453296ccbd0b2cc9a5c - Path: Assets/_Project/Art/Candidates/c1-signature-reader-r02/MAT_C1_Reader_Recess.mat' with importer (NativeFormatImporter)
Imported 'GUID: 74cd89c9eea5c453296ccbd0b2cc9a5c' -> (Import Result ID: 'bff73a899409f7b41c937cd01cf32b75') in 0.001 seconds [static dependencies only]. Details - ImportResultOutputID=364fedb8102ab8923321556e86e7e1c1 DependenciesID=0e7eb097e6b40d5a5ce4dbf35c578d13 StaticDependenciesID=6bb56f2f521e697954befe941c8b966f 
Importing 'GUID: 9452ae1262a74094f8a68013fbcd1834 - Path: Packages/com.unity.render-pipelines.universal/Runtime/Materials/Mesh2D-Lit-Default.mat' with importer (NativeFormatImporter)
Imported 'GUID: 9452ae1262a74094f8a68013fbcd1834' -> (Import Result ID: 'eef75b5a53016cdd1ba9338eaff50934') in 0.001 seconds [static dependencies only]. Details - ImportResultOutputID=ef05c03ce5b163471a66828c6e89459a DependenciesID=5509a819a96b35c12f0c9c230e367539 StaticDependenciesID=feee5c3c2a0201765f179f6a86adac05 
Importing 'GUID: b4bd74afe28f34072bddf280b645b9ae - Path: Assets/_Project/Art/Candidates/drawer-r03/Casing.mat' with importer (NativeFormatImporter)
Imported 'GUID: b4bd74afe28f34072bddf280b645b9ae' -> (Import Result ID: 'e9da10693b3d8aab7aa20046d63805ad') in 0.001 seconds [static dependencies only]. Details - ImportResultOutputID=8e4e94bd5099544cdd53e3084b73908a DependenciesID=545fea9c0830ca3e9c32db41a39b9798 StaticDependenciesID=3b57cdbb61a5ecfbd202886d10f35dc8 
Importing 'GUID: 15d0c3709176029428a0da2f8cecf0b5 - Path: Packages/com.unity.render-pipelines.universal/Runtime/Materials/SpriteMask-Default.mat' with importer (NativeFormatImporter)
Imported 'GUID: 15d0c3709176029428a0da2f8cecf0b5' -> (Import Result ID: 'f267c51471e41e277f1f188669d45405') in 0.002 seconds [static dependencies only]. Details - ImportResultOutputID=23653bbd3de46b3d7d8a484de3efe886 DependenciesID=593d2337786597fdcf24d1caf40f3347 StaticDependenciesID=9e941c0560cafa6716990dd5af5b2b17 
Importing 'GUID: 35f91eb6be57c4066a9c4680a66a0aa3 - Path: Assets/_Project/Art/Candidates/c1-signature-reader-r01/MAT_C1_Reader_Patina.mat' with importer (NativeFormatImporter)
Main Object Name 'Universal Render Pipeline/Lit' does not match filename 'MAT_C1_Reader_Patina'
UnityEngine.Debug:ExtractStackTraceNoAlloc (byte*,int,string)
UnityEngine.StackTraceUtility:ExtractStackTrace () (at /Users/bokken/build/output/unity/unity/Runtime/Export/Scripting/StackTrace.cs:35)
UnityEditor.Rendering.AssetReimportUtils:ReimportAll<UnityEngine.Material> (double&,uint&,System.Func`2<string, bool>) (at ./Library/PackageCache/com.unity.render-pipelines.core@645717f21c5f/Editor/Material/AssetReimportUtils.cs:44)
UnityEditor.Rendering.Universal.MaterialReimporter:ReimportAllMaterials () (at ./Library/PackageCache/com.unity.render-pipelines.universal@73b4c4ff130e/Editor/AssetPostProcessors/MaterialPostprocessor.cs:37)
UnityEditor.Rendering.Universal.MaterialReimporter/<>c:<RegisterUpgraderReimport>b__2_0 () (at ./Library/PackageCache/com.unity.render-pipelines.universal@73b4c4ff130e/Editor/AssetPostProcessors/MaterialPostprocessor.cs:76)
UnityEditor.EditorApplication:Internal_CallUpdateFunctions () (at /Users/bokken/build/output/unity/unity/Editor/Mono/EditorApplication.cs:403)

[./Library/PackageCache/com.unity.render-pipelines.universal@73b4c4ff130e/Editor/AssetPostProcessors/MaterialPostprocessor.cs line 37]

Imported 'GUID: 35f91eb6be57c4066a9c4680a66a0aa3' -> (Import Result ID: '0994a2e9af054523a0cb1a2d597c6a88') in 0.001 seconds [static dependencies only]. Details - ImportResultOutputID=b71fdb7b28a138b0a0a8fc45f6644667 DependenciesID=44ace5592e646ac6d8cd228c1542f86d StaticDependenciesID=956654839f26ad56ea82dd890e64ea3b 
Importing 'GUID: b51db210fe78df745a372851b3db949e - Path: Packages/com.unity.render-pipelines.universal/Runtime/Materials/SpatialMappingOcclusion.mat' with importer (NativeFormatImporter)
Imported 'GUID: b51db210fe78df745a372851b3db949e' -> (Import Result ID: '344bbd198f21552581322e35b7072878') in 0.001 seconds [static dependencies only]. Details - ImportResultOutputID=0ebc1c10df452e339ca0fb57c86cd699 DependenciesID=71e361a3aa85d87b6b9102382557f93a StaticDependenciesID=e7948557f156d5f9af17cd9ea2e3fce0 
Importing 'GUID: d5627287f2ca9499190b195fabd069a9 - Path: Assets/_Project/Rendering/Authored-plate-shelf.mat' with importer (NativeFormatImporter)
Imported 'GUID: d5627287f2ca9499190b195fabd069a9' -> (Import Result ID: '2f69b2aad87cd991ccf59486e1532a00') in 0.001 seconds [static dependencies only]. Details - ImportResultOutputID=2e30bd091b26209008d51d0d27f331c7 DependenciesID=52975ef531d32b51ae11a6e3eb69ab12 StaticDependenciesID=87d2055023b8d0b90e4aa837d2fc4c1f 
Importing 'GUID: e56a0a49760524c609af190ebaeca312 - Path: Assets/_Project/Rendering/Workbench-left-jamb.mat' with importer (NativeFormatImporter)
Imported 'GUID: e56a0a49760524c609af190ebaeca312' -> (Import Result ID: '6915cd87ff59b35b8bcb838a7a31e727') in 0.001 seconds [static dependencies only]. Details - ImportResultOutputID=2c8e96ddfdab10cac240daa143a06973 DependenciesID=d860b128ab3f7c1762a82a0ee54fffc3 StaticDependenciesID=1bc9e4f93c5c6b9f03a10fbd388695d2 
Importing 'GUID: e55ef588a799f46b184264c5063037cb - Path: Assets/_Project/Art/Candidates/c1-signature-reader-r01/MAT_C1_Reader_Recess.mat' with importer (NativeFormatImporter)
Main Object Name 'Universal Render Pipeline/Lit' does not match filename 'MAT_C1_Reader_Recess'
UnityEngine.Debug:ExtractStackTraceNoAlloc (byte*,int,string)
UnityEngine.StackTraceUtility:ExtractStackTrace () (at /Users/bokken/build/output/unity/unity/Runtime/Export/Scripting/StackTrace.cs:35)
UnityEditor.Rendering.AssetReimportUtils:ReimportAll<UnityEngine.Material> (double&,uint&,System.Func`2<string, bool>) (at ./Library/PackageCache/com.unity.render-pipelines.core@645717f21c5f/Editor/Material/AssetReimportUtils.cs:44)
UnityEditor.Rendering.Universal.MaterialReimporter:ReimportAllMaterials () (at ./Library/PackageCache/com.unity.render-pipelines.universal@73b4c4ff130e/Editor/AssetPostProcessors/MaterialPostprocessor.cs:37)
UnityEditor.Rendering.Universal.MaterialReimporter/<>c:<RegisterUpgraderReimport>b__2_0 () (at ./Library/PackageCache/com.unity.render-pipelines.universal@73b4c4ff130e/Editor/AssetPostProcessors/MaterialPostprocessor.cs:76)
UnityEditor.EditorApplication:Internal_CallUpdateFunctions () (at /Users/bokken/build/output/unity/unity/Editor/Mono/EditorApplication.cs:403)

[./Library/PackageCache/com.unity.render-pipelines.universal@73b4c4ff130e/Editor/AssetPostProcessors/MaterialPostprocessor.cs line 37]

Imported 'GUID: e55ef588a799f46b184264c5063037cb' -> (Import Result ID: 'df24beab0d907732c86553eef1e66fab') in 0.001 seconds [static dependencies only]. Details - ImportResultOutputID=2f659caa575e645b839824dddc77706c DependenciesID=6c82ed60e8b361e4e7bcf684c1d096dc StaticDependenciesID=20a11e98e79e25b6af68f462843a1d09 
Importing 'GUID: 06a864e02129a45058fa411663b4af1b - Path: Assets/_Project/Rendering/Workbench-below-drawer.mat' with importer (NativeFormatImporter)
Imported 'GUID: 06a864e02129a45058fa411663b4af1b' -> (Import Result ID: 'cdade5d032210e711d772429e9fe1d77') in 0.001 seconds [static dependencies only]. Details - ImportResultOutputID=b19bc3f28d8880679e2a7e2a58dadbed DependenciesID=a71ccec775a35776ae691e0e9e5ee882 StaticDependenciesID=6ab5f48ffed7f5aa700ea2a3bffbb94e 
Importing 'GUID: 663c2ed3b4ee94ec3b9c6d8308366f97 - Path: Assets/_Project/Rendering/Authored-room-floor.mat' with importer (NativeFormatImporter)
Imported 'GUID: 663c2ed3b4ee94ec3b9c6d8308366f97' -> (Import Result ID: 'b1ad16f99e7009d1413177bb3ed5a4e6') in 0.001 seconds [static dependencies only]. Details - ImportResultOutputID=84b8ae958eb741b6eb4aac34465766e6 DependenciesID=fbae2ddf610f1171b12789537a6281fa StaticDependenciesID=ac2e676c1c4ac1cd03e1a39b764580bb 
Importing 'GUID: 761d8e1f988ed2345a28312145c79c6e - Path: Packages/com.unity.render-pipelines.universal/Editor/SceneTemplates/Materials/Ground.mat' with importer (NativeFormatImporter)
Imported 'GUID: 761d8e1f988ed2345a28312145c79c6e' -> (Import Result ID: 'c32d80706b827c17101e102950c20717') in 0.001 seconds [static dependencies only]. Details - ImportResultOutputID=bc7d8bc4bd721d9fa1ab598e3e037457 DependenciesID=0cf9e7068ec920b38e0d36eab108e56f StaticDependenciesID=55e05438e6fe6b0a3a4258f076594dc9 
Importing 'GUID: 86d804f708637488082783f12faa4972 - Path: Assets/_Project/Art/Candidates/c1-patrol-panel-r01/MAT_C1_Panel_Salt_Porcelain.mat' with importer (NativeFormatImporter)
Imported 'GUID: 86d804f708637488082783f12faa4972' -> (Import Result ID: '65dbfad64d6771c565fd06b1853b26c0') in 0.001 seconds [static dependencies only]. Details - ImportResultOutputID=566211aa1563894e3dbdd827cf64589c DependenciesID=434e89e22c235c5a396f9e1ab44297e4 StaticDependenciesID=be5c9b2e172e93ee4f06d9399f13f610 
Importing 'GUID: b697f6a938056384e968ccf6527dac83 - Path: Packages/com.unity.render-pipelines.universal/Runtime/Materials/RenderAs2D-Flattening.mat' with importer (NativeFormatImporter)
Imported 'GUID: b697f6a938056384e968ccf6527dac83' -> (Import Result ID: '9e82ca21533526f553eaff8312058577') in 0.001 seconds [static dependencies only]. Details - ImportResultOutputID=91100c5c48438b67a79acaafe285f293 DependenciesID=94a4583cfd7715e959b6641214d00af3 StaticDependenciesID=726834f45d104871a0341c316f57dcaa 
Importing 'GUID: f684c63c0ec624d89b804e31b47f2c48 - Path: Assets/_Project/Art/Candidates/c1-signature-reader-r02/MAT_C1_Reader_Salt.mat' with importer (NativeFormatImporter)
Imported 'GUID: f684c63c0ec624d89b804e31b47f2c48' -> (Import Result ID: 'd2eb1916c57f2596b191847bd327f2cc') in 0.001 seconds [static dependencies only]. Details - ImportResultOutputID=0b3bcae652232103594850489108fd05 DependenciesID=e16730435f8af754d655a0a20fd00210 StaticDependenciesID=c471513b18010203e412e71151cf3cb6 
Importing 'GUID: 57bf06ae75c9546ec9ae660e2f664cb6 - Path: Assets/_Project/Art/Candidates/c1-signature-reader-r02/MAT_C1_Reader_Casting.mat' with importer (NativeFormatImporter)
Imported 'GUID: 57bf06ae75c9546ec9ae660e2f664cb6' -> (Import Result ID: '8cb45a9e4aecd7b917b18b10c64af59d') in 0.001 seconds [static dependencies only]. Details - ImportResultOutputID=4c0ad3a741b5ffb9bda76d51bbafc8d5 DependenciesID=495d3611e1b9b72aa3c0b81a1f021323 StaticDependenciesID=7d9361e10b437e507784d67b93440a2b 
Importing 'GUID: 3830a336d6b7949539f75c8505554565 - Path: Assets/_Project/Art/Candidates/c1-patrol-panel-r01/MAT_C1_Panel_Lamp_Lens.mat' with importer (NativeFormatImporter)
Imported 'GUID: 3830a336d6b7949539f75c8505554565' -> (Import Result ID: '9656416594381c0ae3b227bcf2089415') in 0.001 seconds [static dependencies only]. Details - ImportResultOutputID=c23ce71720bc7d8ec33affcccd83ae1e DependenciesID=78af60918122877a54efa823be9f06b6 StaticDependenciesID=0442f4bfbb95b32113afa2cf6aacf335 
Importing 'GUID: 78a08787ca30045abb69f6f7dd878e09 - Path: Packages/com.unity.render-pipelines.universal/Runtime/Materials/FullscreenInvertColors.mat' with importer (NativeFormatImporter)
Imported 'GUID: 78a08787ca30045abb69f6f7dd878e09' -> (Import Result ID: 'a17e50a72b226de0251b3f39ed40fdda') in 0.002 seconds [static dependencies only]. Details - ImportResultOutputID=b2c6610fc71d2fc4d6c15ca7aa1b5385 DependenciesID=885728744ae207e1cecbe88e356720c3 StaticDependenciesID=10acd2d579f25fee8933ce1f85cc508e 
Importing 'GUID: 9875a245ac49007498213638a307faa1 - Path: Packages/com.unity.render-pipelines.universal/Runtime/Materials/SpatialMappingWireframe.mat' with importer (NativeFormatImporter)
Imported 'GUID: 9875a245ac49007498213638a307faa1' -> (Import Result ID: '145179e2fa28e85793b92c1b395855d3') in 0.001 seconds [static dependencies only]. Details - ImportResultOutputID=858fea1279c5a7a55bc08ada24f3e970 DependenciesID=da7fd96638418000ba1b5ad569c70e07 StaticDependenciesID=7fbff6fe52fd32e7f1258da374874994 
Importing 'GUID: d8878e49849b14154928151a1d4175ae - Path: Assets/_Project/Rendering/Authored-back-wall.mat' with importer (NativeFormatImporter)
Imported 'GUID: d8878e49849b14154928151a1d4175ae' -> (Import Result ID: 'a90e6e1cd88b92e0325b0713e0a206d7') in 0.001 seconds [static dependencies only]. Details - ImportResultOutputID=b71b1ecf8726df39c60ab1031ad9c584 DependenciesID=9daf4685e82d40765cb92a122ebea936 StaticDependenciesID=13fc9351a7e49789604b940dedbdb0aa 
Importing 'GUID: e823cd5b5d27c0f4b8256e7c12ee3e6d - Path: Packages/com.unity.render-pipelines.universal/Runtime/Materials/ParticlesUnlit.mat' with importer (NativeFormatImporter)
Imported 'GUID: e823cd5b5d27c0f4b8256e7c12ee3e6d' -> (Import Result ID: 'e2e7636c5072d5b5523bb694e0667d98') in 0.000 seconds [static dependencies only]. Details - ImportResultOutputID=ba6e0d748306b504634caabe20076a4b DependenciesID=4352b3d1495bf66e0910b18ef3e3fc03 StaticDependenciesID=1bb4dfdd5747feff1a7ebbaecf7f83d3 
Importing 'GUID: 390c8b732442a4ebd98c5cb46e01e81a - Path: Assets/_Project/Art/Candidates/c1-patrol-panel-r01/MAT_C1_Panel_Patina.mat' with importer (NativeFormatImporter)
Imported 'GUID: 390c8b732442a4ebd98c5cb46e01e81a' -> (Import Result ID: '8667c554128e25fe031b20887741a791') in 0.001 seconds [static dependencies only]. Details - ImportResultOutputID=716e869d5e1fe05059e9267fdddb083d DependenciesID=6d512e81d59f6605edb27ed5eb353f79 StaticDependenciesID=dd7e29e9eae73487e0778a382966dc34 
Importing 'GUID: 594ea882c5a793440b60ff72d896021e - Path: Packages/com.unity.render-pipelines.universal/Runtime/Materials/TerrainLit.mat' with importer (NativeFormatImporter)
Imported 'GUID: 594ea882c5a793440b60ff72d896021e' -> (Import Result ID: '9ed7efa14bcea5c1659a81db55ee71b2') in 0.000 seconds [static dependencies only]. Details - ImportResultOutputID=d0f80e2004b33ab7c19f361d4943c903 DependenciesID=a8742496ba99f7f3f35fb018afec4f2b StaticDependenciesID=141838fbb0e2e7cfca1ff94511a24b6c 
Importing 'GUID: 994b64781508f4c6fb8c3136d8584ec3 - Path: Assets/_Project/Art/Candidates/drawer-r03/Tray.mat' with importer (NativeFormatImporter)
Imported 'GUID: 994b64781508f4c6fb8c3136d8584ec3' -> (Import Result ID: '6d4b7447f4590b770144ff3ba4c59caf') in 0.001 seconds [static dependencies only]. Details - ImportResultOutputID=3bf5466e12365badea6038dd9d11bae2 DependenciesID=02c77692527dacac4a8b8c2e37535bc8 StaticDependenciesID=72b93096f7e21ab86d4dcdee32914e35 
Importing 'GUID: a97c105638bdf8b4a8650670310a4cd3 - Path: Packages/com.unity.render-pipelines.universal/Runtime/Materials/Sprite-Lit-Default.mat' with importer (NativeFormatImporter)
Imported 'GUID: a97c105638bdf8b4a8650670310a4cd3' -> (Import Result ID: '21600bb135b46b530ce6e01c51054e5d') in 0.001 seconds [static dependencies only]. Details - ImportResultOutputID=4d25d846adbda412447e5ab6cdc46016 DependenciesID=bc77237cb4042a80300ba98848482794 StaticDependenciesID=cfb8bd1946798f0be8e48eb5a43c7527 
Importing 'GUID: f96821bbefeea864b9b418af4b8615ac - Path: Packages/com.unity.render-pipelines.universal/Editor/SceneTemplates/Materials/White.mat' with importer (NativeFormatImporter)
Imported 'GUID: f96821bbefeea864b9b418af4b8615ac' -> (Import Result ID: '0b642d565043ceafbdcb62e72f3178e0') in 0.001 seconds [static dependencies only]. Details - ImportResultOutputID=c3497ff8a188e644dd017e2b3c28b28f DependenciesID=61e6c953ac64a304e3b8e0ba1f5e79e0 StaticDependenciesID=6fbd06394c6894706261dad64fcc9bcf 
Importing 'GUID: 1a55cfc7be5dd4af28d227c8523c8785 - Path: Assets/_Project/Art/Candidates/c1-patrol-panel-r01/MAT_C1_Panel_Recess.mat' with importer (NativeFormatImporter)
Imported 'GUID: 1a55cfc7be5dd4af28d227c8523c8785' -> (Import Result ID: '2ff3a1800f66afbaab790327bc9a5de0') in 0.001 seconds [static dependencies only]. Details - ImportResultOutputID=290b1219b1419355250e3ca1d6a878c8 DependenciesID=30eea6e887fddea30a11b15933a690a6 StaticDependenciesID=836efebbd82f0e2d250bafc6f33b3217 
Importing 'GUID: 6a1143ee683302f4aa628c052723efc1 - Path: Packages/com.unity.render-pipelines.universal/Runtime/Materials/SimpleLit.mat' with importer (NativeFormatImporter)
Imported 'GUID: 6a1143ee683302f4aa628c052723efc1' -> (Import Result ID: '4d8661cb432ef9a9306b1d088e7f67aa') in 0.001 seconds [static dependencies only]. Details - ImportResultOutputID=dd0f57319beaa6a3770e71c477821489 DependenciesID=08389603dc0b67f8e25089ab799edeb8 StaticDependenciesID=a8f3004dc7a4e6826eaaf2c5130d2a46 
Importing 'GUID: 8a239b3da89050c4e89ac06b168fc684 - Path: Packages/com.unity.render-pipelines.universal/Runtime/RendererFeatures/SurfaceCacheGIRendererFeature/FallbackMaterial.mat' with importer (NativeFormatImporter)
Imported 'GUID: 8a239b3da89050c4e89ac06b168fc684' -> (Import Result ID: 'a586416648d32b76ec4a9ca3bb1b6dc5') in 0.001 seconds [static dependencies only]. Details - ImportResultOutputID=deb64a155508ec0e0658913af6b4152f DependenciesID=4d3cd4314e5a70b53cf29cd967e53fa4 StaticDependenciesID=f5336191b5cbfa94baeb87abfd2af491 
Importing 'GUID: 8c40b630d344044449d5ad9e62350f7c - Path: Assets/_Project/Art/Candidates/c1-signature-reader-r01/MAT_C1_Reader_Salt.mat' with importer (NativeFormatImporter)
Main Object Name 'Universal Render Pipeline/Lit' does not match filename 'MAT_C1_Reader_Salt'
UnityEngine.Debug:ExtractStackTraceNoAlloc (byte*,int,string)
UnityEngine.StackTraceUtility:ExtractStackTrace () (at /Users/bokken/build/output/unity/unity/Runtime/Export/Scripting/StackTrace.cs:35)
UnityEditor.Rendering.AssetReimportUtils:ReimportAll<UnityEngine.Material> (double&,uint&,System.Func`2<string, bool>) (at ./Library/PackageCache/com.unity.render-pipelines.core@645717f21c5f/Editor/Material/AssetReimportUtils.cs:44)
UnityEditor.Rendering.Universal.MaterialReimporter:ReimportAllMaterials () (at ./Library/PackageCache/com.unity.render-pipelines.universal@73b4c4ff130e/Editor/AssetPostProcessors/MaterialPostprocessor.cs:37)
UnityEditor.Rendering.Universal.MaterialReimporter/<>c:<RegisterUpgraderReimport>b__2_0 () (at ./Library/PackageCache/com.unity.render-pipelines.universal@73b4c4ff130e/Editor/AssetPostProcessors/MaterialPostprocessor.cs:76)
UnityEditor.EditorApplication:Internal_CallUpdateFunctions () (at /Users/bokken/build/output/unity/unity/Editor/Mono/EditorApplication.cs:403)

[./Library/PackageCache/com.unity.render-pipelines.universal@73b4c4ff130e/Editor/AssetPostProcessors/MaterialPostprocessor.cs line 37]

Imported 'GUID: 8c40b630d344044449d5ad9e62350f7c' -> (Import Result ID: '2aecb6bb82d8d1d3fa494981448681b5') in 0.001 seconds [static dependencies only]. Details - ImportResultOutputID=13a48ace7e6b66f5ba0d8febc0626875 DependenciesID=ea50df716168b888afa1af9880473df5 StaticDependenciesID=7df8748a99d9b6bc7c3196f0e73b86a4 
Importing 'GUID: 7d5432344433848dda15bd897e33fa4b - Path: Assets/_Project/Art/Candidates/c1-patrol-panel-r01/MAT_C1_Panel_Casting.mat' with importer (NativeFormatImporter)
Imported 'GUID: 7d5432344433848dda15bd897e33fa4b' -> (Import Result ID: 'f78ca68ab12ba6bd65c20395aa4edf8c') in 0.001 seconds [static dependencies only]. Details - ImportResultOutputID=47acb770602bd59f4a5744eea4a386fb DependenciesID=ff6af6584b86d7223486eafc10303bc6 StaticDependenciesID=425dfd4d94f66f0d49597eea096f595a 
Importing 'GUID: 9dfc825aed78fcd4ba02077103263b40 - Path: Packages/com.unity.render-pipelines.universal/Runtime/Materials/Sprite-Unlit-Default.mat' with importer (NativeFormatImporter)
Imported 'GUID: 9dfc825aed78fcd4ba02077103263b40' -> (Import Result ID: 'c1ed4856a4a10e67fc36d3b7b8f38178') in 0.001 seconds [static dependencies only]. Details - ImportResultOutputID=78fe86e761db70fc4ac9d72d540b3396 DependenciesID=3eccbfa4dde6b2cd1e31082b9f5c369e StaticDependenciesID=deefa61252fcf6c36dab5e36ce3e3d55 
Importing 'GUID: 5e6b58c4641214ae08b4660ee6a74e2f - Path: Assets/_Project/Rendering/Workbench-right-jamb.mat' with importer (NativeFormatImporter)
Imported 'GUID: 5e6b58c4641214ae08b4660ee6a74e2f' -> (Import Result ID: 'c198977b5c434c3adc2711683e143fd8') in 0.001 seconds [static dependencies only]. Details - ImportResultOutputID=520c19ed8f6547a97f57ea05fa82e04f DependenciesID=32a56210661a7e3f181ff0fcf298fb2f StaticDependenciesID=02cdcb58ad17a90dfd1b5456e0f9eed8 
Importing 'GUID: 4f164ccafb3274b2692e2ce4af702cd3 - Path: Assets/_Project/Art/Candidates/c1-signature-reader-r02/MAT_C1_Reader_Patina.mat' with importer (NativeFormatImporter)
Imported 'GUID: 4f164ccafb3274b2692e2ce4af702cd3' -> (Import Result ID: 'ddb411ab36d38613fb1707bc9c629998') in 0.001 seconds [static dependencies only]. Details - ImportResultOutputID=6dd42ee3e2e9c725397fb62883742819 DependenciesID=4a07052ef3aca443f81ad05df0bc2623 StaticDependenciesID=eb013fd6054c65602372bd36ae92cead 
Importing 'GUID: 4f1ef37ae953c484bbc5d5e4049147e5 - Path: Packages/com.unity.render-pipelines.universal/Editor/SceneTemplates/Materials/Black.mat' with importer (NativeFormatImporter)
Imported 'GUID: 4f1ef37ae953c484bbc5d5e4049147e5' -> (Import Result ID: '586dfbff69667c97114dddc494d84e56') in 0.001 seconds [static dependencies only]. Details - ImportResultOutputID=873834b8009aeb2bcc73b52132c17d33 DependenciesID=adf3d244dad87af1ebb033c3bca80270 StaticDependenciesID=3e62d5cefa7398721f080bb9bd3f6b99 
Importing 'GUID: 9f884f095281f44438f4ab698295286b - Path: Assets/_Project/Art/Candidates/c1-patrol-panel-r01/MAT_C1_Panel_Blank_Paper.mat' with importer (NativeFormatImporter)
Imported 'GUID: 9f884f095281f44438f4ab698295286b' -> (Import Result ID: 'f4a44f5695c81dd8d19c4a0614001667') in 0.001 seconds [static dependencies only]. Details - ImportResultOutputID=d902ab091d3e01664ec08f525ec7c234 DependenciesID=5bf968a971bcd575d4af0c63216ed28f StaticDependenciesID=263f10f3512ca2a5cac3910641885b29 
Importing 'GUID: dfc1369d3aac24222b7d13c6a11c4098 - Path: Assets/_Project/Rendering/Workbench-above-drawer.mat' with importer (NativeFormatImporter)
Imported 'GUID: dfc1369d3aac24222b7d13c6a11c4098' -> (Import Result ID: '4d8fb006f25655c396f6ac1c4fe1962f') in 0.001 seconds [static dependencies only]. Details - ImportResultOutputID=b2b7d3ac77787ab83b22e4fd625b775f DependenciesID=88946754a91be97d85200323aaa4f1d5 StaticDependenciesID=f4532c1cc4c7dc40e8973654362b180e 
Importing 'GUID: 1062c701058745940ae5dca6219c64c8 - Path: Packages/com.unity.searcher/Editor/Resources/FlatSkin/Font/Roboto-Black.ttf' with importer (TrueTypeFontImporter)
Imported 'GUID: 1062c701058745940ae5dca6219c64c8' -> (Import Result ID: 'd94a7f70e952c85f23392d1fd36623ac') in 0.010 seconds [static and dynamic dependencies]. Details - ImportResultOutputID=9643e38588a6b520b7d6d74d8ddbc7b0 DependenciesID=4206cc8ea31c6c127d545394476415d4 StaticDependenciesID=a068adefb7437e142c4277836422e246 
Importing 'GUID: 30dc370b164eefc43b95744fc796dad0 - Path: Packages/com.unity.searcher/Editor/Resources/FlatSkin/Font/Roboto-Regular.ttf' with importer (TrueTypeFontImporter)
Imported 'GUID: 30dc370b164eefc43b95744fc796dad0' -> (Import Result ID: '5bd85d7f52b59d77cd11d8afbe40fad3') in 0.002 seconds [static and dynamic dependencies]. Details - ImportResultOutputID=5485e3afd6d02be6f77bdaf84ca2ae8c DependenciesID=cd8971b772309095d1a04fb911a30d1c StaticDependenciesID=d1c697e188cf8ebab64cdcbf2df88e81 
Importing 'GUID: b2ea3b3f1765e544b9eb5bd1a93a91ce - Path: Packages/com.unity.searcher/Editor/Resources/FlatSkin/Font/Roboto-ThinItalic.ttf' with importer (TrueTypeFontImporter)
Imported 'GUID: b2ea3b3f1765e544b9eb5bd1a93a91ce' -> (Import Result ID: '4316c3719b788b74eaffc26cf3670058') in 0.001 seconds [static and dynamic dependencies]. Details - ImportResultOutputID=77f85e89e3b3bd385cc41d4e8df76463 DependenciesID=bd7fc221a8cc98dd285abb1dc3dc3b02 StaticDependenciesID=acd75a451bd038c4f14a5b871c85b9c7 
Importing 'GUID: a51a3aebb43ac044989270407476b208 - Path: Packages/com.unity.searcher/Editor/Resources/FlatSkin/Font/Roboto-Medium.ttf' with importer (TrueTypeFontImporter)
Imported 'GUID: a51a3aebb43ac044989270407476b208' -> (Import Result ID: '2ab53eec831617b959c4840150c51e5d') in 0.002 seconds [static and dynamic dependencies]. Details - ImportResultOutputID=827d8f5a2b1c64c9b8b1fb4bb85ddc44 DependenciesID=8bd5492fcd8a0cb08a9d23920ba9fe5c StaticDependenciesID=fd5b97934a16e5eb0c7c28a044b10d1c 
Importing 'GUID: 3750c318f40cab44a97d3a81beaefeb3 - Path: Packages/com.unity.searcher/Editor/Resources/FlatSkin/Font/Roboto-Bold.ttf' with importer (TrueTypeFontImporter)
Imported 'GUID: 3750c318f40cab44a97d3a81beaefeb3' -> (Import Result ID: '07760c00ddd55794dce545d63f34c28d') in 0.001 seconds [static and dynamic dependencies]. Details - ImportResultOutputID=c70ec0b032516589bbbb4f45c4b39239 DependenciesID=e4f8c374f98c9bb06012a73328469378 StaticDependenciesID=87ed04847690ff45b292f51936755719 
Importing 'GUID: c839255fc8f6b4b4d90bf8c1af9f9bd1 - Path: Packages/com.unity.searcher/Editor/Resources/FlatSkin/Font/Roboto-Italic.ttf' with importer (TrueTypeFontImporter)
Imported 'GUID: c839255fc8f6b4b4d90bf8c1af9f9bd1' -> (Import Result ID: '68434c29d454bfae1e3ef2d2b679c5c4') in 0.001 seconds [static and dynamic dependencies]. Details - ImportResultOutputID=767826549f068d33dfbc48e8d178e42d DependenciesID=2db4f438ca776a7bd8a4ac455f9571ef StaticDependenciesID=b80268b814688602ca7103afe4299ad3 
Importing 'GUID: 19a9abb883540be48b75b951a927ae03 - Path: Packages/com.unity.searcher/Editor/Resources/FlatSkin/Font/Roboto-Thin.ttf' with importer (TrueTypeFontImporter)
Imported 'GUID: 19a9abb883540be48b75b951a927ae03' -> (Import Result ID: 'df8c555aa7abc2d22e5f57e80102c474') in 0.002 seconds [static and dynamic dependencies]. Details - ImportResultOutputID=8dcc953d39851285ed16de19dfce0bf2 DependenciesID=0cd3811630e13f42c01088aa92bdef6a StaticDependenciesID=54462784bdee8902edd9cf03ead2af8b 
Importing 'GUID: d93c1bc57fdf1ac4dad1bf04fac05464 - Path: Packages/com.unity.searcher/Editor/Resources/FlatSkin/Font/Roboto-MediumItalic.ttf' with importer (TrueTypeFontImporter)
Imported 'GUID: d93c1bc57fdf1ac4dad1bf04fac05464' -> (Import Result ID: 'aca9795abb8e60eeba5c3c970a5d516f') in 0.001 seconds [static and dynamic dependencies]. Details - ImportResultOutputID=95a7c4c07b51dc593b66b740cfae18ee DependenciesID=bd7193e837c5f277fe748c45b10ec982 StaticDependenciesID=69defe29b64dfb1d2093dce9a0deacf4 
Importing 'GUID: f95147a9bab9fe649b8070170fa7ebd2 - Path: Packages/com.unity.searcher/Editor/Resources/FlatSkin/Font/Roboto-BlackItalic.ttf' with importer (TrueTypeFontImporter)
Imported 'GUID: f95147a9bab9fe649b8070170fa7ebd2' -> (Import Result ID: '6a53e45b5ec3d6012f644df32b799f92') in 0.001 seconds [static and dynamic dependencies]. Details - ImportResultOutputID=2755bc48df890a5e726f5580ebcd358d DependenciesID=30d613e5af07dd615238b99f7ff0e8a3 StaticDependenciesID=d8d75c8275b0680364ab088c2aa78c85 
Importing 'GUID: 2a29e27936eb547458f646f71125b264 - Path: Packages/com.unity.searcher/Editor/Resources/FlatSkin/Font/Roboto-Light.ttf' with importer (TrueTypeFontImporter)
Imported 'GUID: 2a29e27936eb547458f646f71125b264' -> (Import Result ID: '53b5ec6e007313514cb86444a05278f7') in 0.001 seconds [static and dynamic dependencies]. Details - ImportResultOutputID=9a7219806a2ef3bdc093d8b5b4563ae6 DependenciesID=174c7311cb82ebf826d1243cbbfc696e StaticDependenciesID=54d1da8099b0c9bb3bb9f3a5f75f62e2 
Importing 'GUID: 5e63515167650a541b309ba3bfd4db3d - Path: Packages/com.unity.searcher/Editor/Resources/FlatSkin/Font/Roboto-LightItalic.ttf' with importer (TrueTypeFontImporter)
Imported 'GUID: 5e63515167650a541b309ba3bfd4db3d' -> (Import Result ID: '58bb6f8c752c948b4a173852f3a827e3') in 0.001 seconds [static and dynamic dependencies]. Details - ImportResultOutputID=0b81ef792175a1d5b7703e993998ec9d DependenciesID=40f0ffcc782582997e71e8c21e5c4ced StaticDependenciesID=c42943919947c079fbb98920ee568244 
Importing 'GUID: dfb97a9307a577a41bcacba34b9a7e32 - Path: Packages/com.unity.searcher/Editor/Resources/FlatSkin/Font/Roboto-BoldItalic.ttf' with importer (TrueTypeFontImporter)
Imported 'GUID: dfb97a9307a577a41bcacba34b9a7e32' -> (Import Result ID: '4532595466f25192a73113020f3101e7') in 0.002 seconds [static and dynamic dependencies]. Details - ImportResultOutputID=0a5f2fe9b9cff7bfd0cdd6b2f8fb0423 DependenciesID=663c08efad3a08cecbbb17265192c332 StaticDependenciesID=3819b09e2fa5afbbd75d2f1e4b56da43 
Importing 'GUID: 2019d78ad3d1c5c4a8d309a857ca449f - Path: Packages/com.unity.shadergraph/GraphTemplates/BuiltIn/BuiltIn Lit Basic.shadergraph' with importer (ScriptedImporter : Unity.ShaderGraph.Editor:UnityEditor.ShaderGraph:ShaderGraphImporter)
Launching external process: /Applications/Unity/Hub/Editor/6000.5.6f1/Unity.app/Contents/Helpers/UnityShaderCompiler
Worker ready: AssetImportWorkerHW0 0
Launched and connected shader compiler UnityShaderCompiler after 0.06 seconds
Imported 'GUID: 2019d78ad3d1c5c4a8d309a857ca449f' -> (Import Result ID: 'd9a92603311c3b89cbe4a7cef82476e5') in 0.420 seconds [static and dynamic dependencies]. Details - ImportResultOutputID=96bc932922dd366eacb99574b0624d09 DependenciesID=49987e5632fdafe2060362317b2adadd StaticDependenciesID=4678885dffdf435b05af4ccd786011b8 
Importing 'GUID: 30fa68ce467463643a86b839ca0eb195 - Path: Packages/com.unity.render-pipelines.universal/Runtime/Materials/ArnoldStandardSurface/ArnoldStandardSurfaceTransparent.shadergraph' with importer (ScriptedImporter : Unity.ShaderGraph.Editor:UnityEditor.ShaderGraph:ShaderGraphImporter)
Imported 'GUID: 30fa68ce467463643a86b839ca0eb195' -> (Import Result ID: 'e47d1be6f04d16599450a1ab766a02af') in 0.194 seconds [static and dynamic dependencies]. Details - ImportResultOutputID=fdf510c3bd3dcbaa0c2716bcd9cef623 DependenciesID=cacf964a0102951d359e86a8ea806b10 StaticDependenciesID=ec125c6d54ff27f395db2889cea5e6ea 
Importing 'GUID: 80aa867ac363ac043847b06ad71604cd - Path: Packages/com.unity.render-pipelines.universal/Shaders/AutodeskInteractive/AutodeskInteractiveMasked.shadergraph' with importer (ScriptedImporter : Unity.ShaderGraph.Editor:UnityEditor.ShaderGraph:ShaderGraphImporter)
Imported 'GUID: 80aa867ac363ac043847b06ad71604cd' -> (Import Result ID: '6aae96d3bd65803746b0cdc7f998184a') in 0.153 seconds [static and dynamic dependencies]. Details - ImportResultOutputID=875f1c728729569d7e28af4f4b2b35be DependenciesID=782b7c8f1cb1f1e36a8d4a88f9f6aebf StaticDependenciesID=ef0179068972d218a5de872fb5ed9395 
Importing 'GUID: a2407126e3372f64cacb75ed466a5621 - Path: Packages/com.unity.shadergraph/GraphTemplates/Cross Pipeline/0_Lit Basic.shadergraph' with importer (ScriptedImporter : Unity.ShaderGraph.Editor:UnityEditor.ShaderGraph:ShaderGraphImporter)
Imported 'GUID: a2407126e3372f64cacb75ed466a5621' -> (Import Result ID: 'ca6eb954d11414736e1b1ab7aecdeb04') in 0.080 seconds [static and dynamic dependencies]. Details - ImportResultOutputID=c4a63a94d7e6c62979e274f7b2a8ea0e DependenciesID=1be840ff358effa8c391b11604bdd0be StaticDependenciesID=e5c78f6f551ae5c7a6d830fca5d42ef5 
Importing 'GUID: 2476a2d151e824143af40dce1fc93a12 - Path: Packages/com.unity.shadergraph/GraphTemplates/Cross Pipeline/Unlit Simple.shadergraph' with importer (ScriptedImporter : Unity.ShaderGraph.Editor:UnityEditor.ShaderGraph:ShaderGraphImporter)
Imported 'GUID: 2476a2d151e824143af40dce1fc93a12' -> (Import Result ID: 'ef7ab73e5784b3a0b07d1dfedb233acc') in 0.075 seconds [static and dynamic dependencies]. Details - ImportResultOutputID=13a25cefd1a330792330fc5052fd68ce DependenciesID=6cffe9261c4ba31d7de45a75ba7beeb9 StaticDependenciesID=abd02659b872ba2c929ddfd30582e7c1 
Importing 'GUID: 24a73dccd7b6fad4798be282f96a21f4 - Path: Packages/com.unity.render-pipelines.universal/Shaders/2D/VFXSpriteLit.shadergraph' with importer (ScriptedImporter : Unity.ShaderGraph.Editor:UnityEditor.ShaderGraph:ShaderGraphImporter)
Imported 'GUID: 24a73dccd7b6fad4798be282f96a21f4' -> (Import Result ID: 'e5e9b2b77d6500b51b8dddad95603b85') in 0.063 seconds [static and dynamic dependencies]. Details - ImportResultOutputID=685acbb3e08a000267ef0b19f6889abe DependenciesID=ede13853250b5ba93f2a721f1e17e34d StaticDependenciesID=01da44f10b67d495348b6bf51ec52b68 
Importing 'GUID: 44245ab89240f51459a5077d7145c452 - Path: Packages/com.unity.render-pipelines.universal/Runtime/Materials/PhysicalMaterial3DsMax/PhysicalMaterial3DsMax.shadergraph' with importer (ScriptedImporter : Unity.ShaderGraph.Editor:UnityEditor.ShaderGraph:ShaderGraphImporter)
Imported 'GUID: 44245ab89240f51459a5077d7145c452' -> (Import Result ID: '202a4d25b4c0a9d0654473dabfa3fd3f') in 0.217 seconds [static and dynamic dependencies]. Details - ImportResultOutputID=9d2a067c4a54d72e594f39a580521c01 DependenciesID=e06b47ba7fe281bd0b6832c6df9aa2d6 StaticDependenciesID=1bf11a8c2806772238ba64719500e626 
Importing 'GUID: 25a0ebb4827f3cc47a1af2c79005f65b - Path: Packages/com.unity.render-pipelines.universal/Editor/ShaderGraph/GraphTemplates/2D/1_2D Sprite Unlit.shadergraph' with importer (ScriptedImporter : Unity.ShaderGraph.Editor:UnityEditor.ShaderGraph:ShaderGraphImporter)
Imported 'GUID: 25a0ebb4827f3cc47a1af2c79005f65b' -> (Import Result ID: '1251eb284a05a3ec4f1348c561d53a5d') in 0.086 seconds [static and dynamic dependencies]. Details - ImportResultOutputID=f7b07368c9491d284f97617672ac1f5d DependenciesID=4198933a66a7241b2fc07ef9e4204da3 StaticDependenciesID=c806a175f4474ac83eee605dc47db20d 
Importing 'GUID: 9618d41bb71f74048bb6cace8785b93d - Path: Packages/com.unity.shadergraph/GraphTemplates/BuiltIn/BuiltIn Unlit Basic.shadergraph' with importer (ScriptedImporter : Unity.ShaderGraph.Editor:UnityEditor.ShaderGraph:ShaderGraphImporter)
Imported 'GUID: 9618d41bb71f74048bb6cace8785b93d' -> (Import Result ID: '012e407204631d5b4a53c3b73f39ca7d') in 0.085 seconds [static and dynamic dependencies]. Details - ImportResultOutputID=879cc23b19ba07f6fd10130e2de655f0 DependenciesID=4d2f06acbd7f5a2ad83ed57a2cfe823f StaticDependenciesID=73fcfc3dcc7479824c3277841673c3b5 
Importing 'GUID: a680d9a9f8b66514abbfd3ae1c8f77f7 - Path: Packages/com.unity.shadergraph/GraphTemplates/Cross Pipeline/2_Particle Lit.shadergraph' with importer (ScriptedImporter : Unity.ShaderGraph.Editor:UnityEditor.ShaderGraph:ShaderGraphImporter)
Imported 'GUID: a680d9a9f8b66514abbfd3ae1c8f77f7' -> (Import Result ID: '499eacac0d05cba47a5c5710f5950480') in 0.126 seconds [static and dynamic dependencies]. Details - ImportResultOutputID=b2b14b983d1c24ab48d4371d47f9fe66 DependenciesID=1ecaf2e06ad335ebdecfbf4638d590b4 StaticDependenciesID=e1a60a1ce49329edc5eb84acddf7a36f 
Importing 'GUID: 0738648e2f2f84b489a2f0076b69e30a - Path: Packages/com.unity.render-pipelines.universal/Editor/ShaderGraph/GraphTemplates/UITKBasicTemplate.shadergraph' with importer (ScriptedImporter : Unity.ShaderGraph.Editor:UnityEditor.ShaderGraph:ShaderGraphImporter)
Imported 'GUID: 0738648e2f2f84b489a2f0076b69e30a' -> (Import Result ID: '1b8ff7ffedeedb99197b502c72d13437') in 0.037 seconds [static and dynamic dependencies]. Details - ImportResultOutputID=d0e22cd252c10b6f37c1821de346d6a1 DependenciesID=98dc67bc572a4871dbbc68d5ee6e41a0 StaticDependenciesID=78ea1bfff9b088a28efcfa3ae232e3b1 
Importing 'GUID: 1716ff8c1e51af14280cc97fbcba3b11 - Path: Packages/com.unity.shadergraph/GraphTemplates/Cross Pipeline/1_Decal Material Volume.shadergraph' with importer (ScriptedImporter : Unity.ShaderGraph.Editor:UnityEditor.ShaderGraph:ShaderGraphImporter)
Imported 'GUID: 1716ff8c1e51af14280cc97fbcba3b11' -> (Import Result ID: '663826b6f6e72f2c840bef1aae93e853') in 0.091 seconds [static and dynamic dependencies]. Details - ImportResultOutputID=29ead8ab98be63f6938fa3f21eadfd06 DependenciesID=311c564119ba911481806162a7ee5803 StaticDependenciesID=aa69e252e43f6124f182cfc6ca149824 
Importing 'GUID: 3739e562a03fc0b4982d8aa66cc50865 - Path: Packages/com.unity.render-pipelines.universal/Runtime/Materials/ArnoldStandardSurface/ArnoldStandardSurface.shadergraph' with importer (ScriptedImporter : Unity.ShaderGraph.Editor:UnityEditor.ShaderGraph:ShaderGraphImporter)
Imported 'GUID: 3739e562a03fc0b4982d8aa66cc50865' -> (Import Result ID: 'a9e48619c949595ab73bdef12e15e238') in 0.085 seconds [static and dynamic dependencies]. Details - ImportResultOutputID=abbcdc021245286966e8ca500cb028a6 DependenciesID=27916eb736bb771d38ac9f70ab80c9b2 StaticDependenciesID=3b911a81827160879b09d5cc65d9e844 
Importing 'GUID: d7288f66e4fb0634c9afef98c31b722a - Path: Packages/com.unity.render-pipelines.universal/Shaders/2D/VFXSpriteUnlit.shadergraph' with importer (ScriptedImporter : Unity.ShaderGraph.Editor:UnityEditor.ShaderGraph:ShaderGraphImporter)
Imported 'GUID: d7288f66e4fb0634c9afef98c31b722a' -> (Import Result ID: '0238aed08bdadaf8a9c125780fe3b965') in 0.045 seconds [static and dynamic dependencies]. Details - ImportResultOutputID=9cdcfc79199334d521a08e5dbe6dc9f8 DependenciesID=4211a78b1dd9b08c1f02db57a2651c81 StaticDependenciesID=15c2e3a6b370dbc61cb782a5db8c7108 
Importing 'GUID: 39144937a5efe954dac51acbbe54157e - Path: Packages/com.unity.shadergraph/GraphTemplates/Cross Pipeline/0_Decal Simple.shadergraph' with importer (ScriptedImporter : Unity.ShaderGraph.Editor:UnityEditor.ShaderGraph:ShaderGraphImporter)
Imported 'GUID: 39144937a5efe954dac51acbbe54157e' -> (Import Result ID: 'eea205ca7c50c837f7193a7c2eb76f51') in 0.059 seconds [static and dynamic dependencies]. Details - ImportResultOutputID=7ab3c80e7bfffe3da761ad02ccce4f91 DependenciesID=0656c21b47c11cc0e7d315057be2d38f StaticDependenciesID=d26bdc327cad41e76b87df5af76dac38 
Importing 'GUID: 9920c1f1781549a46ba081a2a15a16ec - Path: Packages/com.unity.render-pipelines.universal/Shaders/Nature/SpeedTree8_PBRLit.shadergraph' with importer (ScriptedImporter : Unity.ShaderGraph.Editor:UnityEditor.ShaderGraph:ShaderGraphImporter)
Imported 'GUID: 9920c1f1781549a46ba081a2a15a16ec' -> (Import Result ID: '6f76dc86287633f6b16a7d7a4ce2206e') in 0.212 seconds [static and dynamic dependencies]. Details - ImportResultOutputID=cf5a4c83b650607f3f9deedcbd12dfa4 DependenciesID=f51cadf37606d5b46d70a6ea17fce207 StaticDependenciesID=60a86e320b0fbca27aea67d92a2acdd7 
Importing 'GUID: 1a207e3bee00db44b940e6f362a8e148 - Path: Packages/com.unity.render-pipelines.universal/Runtime/Materials/PhysicalMaterial3DsMax/PhysicalMaterial3DsMaxTransparent.shadergraph' with importer (ScriptedImporter : Unity.ShaderGraph.Editor:UnityEditor.ShaderGraph:ShaderGraphImporter)
Imported 'GUID: 1a207e3bee00db44b940e6f362a8e148' -> (Import Result ID: 'd3aa487b92daf17693279ae1b89f9105') in 0.089 seconds [static and dynamic dependencies]. Details - ImportResultOutputID=63083e49dcca35e3bb9fa6ae4995153e DependenciesID=b6384385a33dd08ae6d80a007b1f4df2 StaticDependenciesID=8bb7b48abe3418a8af34e3fe6ceb572d 
Importing 'GUID: 5a4a765e921b8554eb959f7cf697b3be - Path: Packages/com.unity.shadergraph/GraphTemplates/Cross Pipeline/UGUI Canvas Basic.shadergraph' with importer (ScriptedImporter : Unity.ShaderGraph.Editor:UnityEditor.ShaderGraph:ShaderGraphImporter)
Imported 'GUID: 5a4a765e921b8554eb959f7cf697b3be' -> (Import Result ID: 'e14e174925b310bec6cd81727232f82c') in 0.050 seconds [static and dynamic dependencies]. Details - ImportResultOutputID=5b6a4c4d2df2d610394d5bfce251c86a DependenciesID=9447f0f066a457da93de6d78866612dd StaticDependenciesID=f6fe55309be0c03c721c0de24cdfcf1c 
Importing 'GUID: 9b4e681081e2b4c469111bb649e2f7ee - Path: Packages/com.unity.render-pipelines.universal/Shaders/Decal.shadergraph' with importer (ScriptedImporter : Unity.ShaderGraph.Editor:UnityEditor.ShaderGraph:ShaderGraphImporter)
Imported 'GUID: 9b4e681081e2b4c469111bb649e2f7ee' -> (Import Result ID: 'a2c4286b880083200060bc89670d0bf6') in 0.067 seconds [static and dynamic dependencies]. Details - ImportResultOutputID=e2626e610e25eaea7905472255977b9b DependenciesID=432106255f4d276784e05f61bf02416c StaticDependenciesID=7b9d1375915215e132777e0bbe84783a 
Importing 'GUID: cbd3e1cc4ae141c42a30e33b4d666a61 - Path: Packages/com.unity.render-pipelines.universal/Shaders/Nature/SpeedTree9_URP.shadergraph' with importer (ScriptedImporter : Unity.ShaderGraph.Editor:UnityEditor.ShaderGraph:ShaderGraphImporter)
Imported 'GUID: cbd3e1cc4ae141c42a30e33b4d666a61' -> (Import Result ID: 'b2d4a3b5775a028f614cd9348bd4df17') in 0.146 seconds [static and dynamic dependencies]. Details - ImportResultOutputID=b737bba3f7dcf761e6e8e28179caa8ba DependenciesID=2b02ec11b52a9bd761134da0e1fee36c StaticDependenciesID=4f42e525c40de8b78b5deab5193ff6c2 
Importing 'GUID: fb6390f650ca44a5ba3246d8dda47927 - Path: Packages/com.unity.render-pipelines.universal/Shaders/FullscreenInvertColors.shadergraph' with importer (ScriptedImporter : Unity.ShaderGraph.Editor:UnityEditor.ShaderGraph:ShaderGraphImporter)
Imported 'GUID: fb6390f650ca44a5ba3246d8dda47927' -> (Import Result ID: '450fd44f147bd058ba549f1101e567cf') in 0.042 seconds [static and dynamic dependencies]. Details - ImportResultOutputID=eced909408cba473c0c6dff48b74f257 DependenciesID=08b7f5f5b95265e5e35d056d828b5835 StaticDependenciesID=89e45115cc1b746d926699eb1ffd23d7 
Importing 'GUID: 5c81372d981403744adbdda4433c9c11 - Path: Packages/com.unity.render-pipelines.universal/Shaders/AutodeskInteractive/AutodeskInteractiveTransparent.shadergraph' with importer (ScriptedImporter : Unity.ShaderGraph.Editor:UnityEditor.ShaderGraph:ShaderGraphImporter)
Imported 'GUID: 5c81372d981403744adbdda4433c9c11' -> (Import Result ID: '05a3eef3691185acab87bc29d56802c6') in 0.140 seconds [static and dynamic dependencies]. Details - ImportResultOutputID=fa60802810e80ceb140e4353edf2f109 DependenciesID=8c5c91bddc9d1b7b514fc09561e88f1b StaticDependenciesID=e5149bb4a2ecc6e30dd5ad0e495834c8 
Importing 'GUID: bc3def193b270c649b041063a70a1a1f - Path: Packages/com.unity.render-pipelines.universal/Editor/ShaderGraph/GraphTemplates/Terrain Standard 4 Layers URP.shadergraph' with importer (ScriptedImporter : Unity.ShaderGraph.Editor:UnityEditor.ShaderGraph:ShaderGraphImporter)
Shader 'Hidden/Terrain/Terrain Standard 4 Layers URP': dependency 'AddPassShader' shader 'Hidden/Hidden/Terrain/Terrain Standard 4 Layers URP_AddPass' not found
Shader 'Hidden/Terrain/Terrain Standard 4 Layers URP': dependency 'BaseMapGenShader' shader 'Hidden/Hidden/Terrain/Terrain Standard 4 Layers URP_BaseMapGen' not found
Shader 'Hidden/Terrain/Terrain Standard 4 Layers URP': dependency 'AddPassShader' shader 'Hidden/Hidden/Terrain/Terrain Standard 4 Layers URP_AddPass' not found
Shader 'Hidden/Terrain/Terrain Standard 4 Layers URP': dependency 'BaseMapGenShader' shader 'Hidden/Hidden/Terrain/Terrain Standard 4 Layers URP_BaseMapGen' not found
Imported 'GUID: bc3def193b270c649b041063a70a1a1f' -> (Import Result ID: '0fcb8af7b4ef0d569254076f7b06a753') in 0.290 seconds [static and dynamic dependencies]. Details - ImportResultOutputID=97899721c7bed83af8c2129afbf39157 DependenciesID=d96d4973b4c223abf041dc3ec673ac65 StaticDependenciesID=10e7ee86a0ad2000b90ea8452c24570d 
Importing 'GUID: 9d4e8ca8c5046914c87ca6ccef140dac - Path: Packages/com.unity.shadergraph/GraphTemplates/Cross Pipeline/UGUI Canvas Meter.shadergraph' with importer (ScriptedImporter : Unity.ShaderGraph.Editor:UnityEditor.ShaderGraph:ShaderGraphImporter)
Imported 'GUID: 9d4e8ca8c5046914c87ca6ccef140dac' -> (Import Result ID: '8fdd4cfa8dde69e220be1fc428b3262f') in 0.049 seconds [static and dynamic dependencies]. Details - ImportResultOutputID=a85ca7d3d464d778acdfdf56503a26cc DependenciesID=e182945409a6745f95c25f3da9d0c76d StaticDependenciesID=beb53cc737fa7c6718e7a3017d8d139a 
Importing 'GUID: bde135b320597544b9ac325092409f8b - Path: Packages/com.unity.render-pipelines.universal/Editor/ShaderGraph/GraphTemplates/2D/0_2D Sprite Lit.shadergraph' with importer (ScriptedImporter : Unity.ShaderGraph.Editor:UnityEditor.ShaderGraph:ShaderGraphImporter)
Imported 'GUID: bde135b320597544b9ac325092409f8b' -> (Import Result ID: '4939d1ef8d2a2ab565f4b44e14c2d768') in 0.054 seconds [static and dynamic dependencies]. Details - ImportResultOutputID=bdb617eaf67c020bcfdaaa1d73545ee4 DependenciesID=d481c2742dea29ebe9f5a44d3af27746 StaticDependenciesID=b63e08ec6d974d9105e341105af8abea 
Importing 'GUID: 0e9d5a909a1f7e84882a534d0d11e49f - Path: Packages/com.unity.render-pipelines.universal/Shaders/AutodeskInteractive/AutodeskInteractive.shadergraph' with importer (ScriptedImporter : Unity.ShaderGraph.Editor:UnityEditor.ShaderGraph:ShaderGraphImporter)
Imported 'GUID: 0e9d5a909a1f7e84882a534d0d11e49f' -> (Import Result ID: '643ce7d5a41ab8aace7e94aa7fafe5ee') in 0.088 seconds [static and dynamic dependencies]. Details - ImportResultOutputID=53947bdf01288c0b320a59f942c2c6ea DependenciesID=027b65badef7a6b1e157cf9fbd0e7cbc StaticDependenciesID=80530d7c772dc15f3d5f6f728e1ef4c4 
Importing 'GUID: 3e01bbae25716b24ea9da11102b44902 - Path: Packages/com.unity.render-pipelines.universal/Editor/ShaderGraph/GraphTemplates/UITKFullTemplate.shadergraph' with importer (ScriptedImporter : Unity.ShaderGraph.Editor:UnityEditor.ShaderGraph:ShaderGraphImporter)
Imported 'GUID: 3e01bbae25716b24ea9da11102b44902' -> (Import Result ID: 'd924daaf35c9e0d85a355869b91df011') in 0.035 seconds [static and dynamic dependencies]. Details - ImportResultOutputID=d9faa1e2e9fd545c30702b02d424de13 DependenciesID=4ba1efabb0c84ad213baebe509f6f91b StaticDependenciesID=2fb6094c3843b7dbc1fddf5d90b96416 
Importing 'GUID: 7ef2cf71ad164fe479662ae612dff99e - Path: Packages/com.unity.shadergraph/GraphTemplates/Custom Render Texture.shadergraph' with importer (ScriptedImporter : Unity.ShaderGraph.Editor:UnityEditor.ShaderGraph:ShaderGraphImporter)
Imported 'GUID: 7ef2cf71ad164fe479662ae612dff99e' -> (Import Result ID: 'a723c5db8fa62a53818cd67541b2d1fa') in 0.015 seconds [static and dynamic dependencies]. Details - ImportResultOutputID=b3df83ee37a52094b51eeea9102c39e8 DependenciesID=331807c84a5bc56e6346127e9db24253 StaticDependenciesID=470c4a5daccc58dc1f43a5a8f32e8bde 
Importing 'GUID: aee84ce0dab81b049bb88017d78a63cd - Path: Packages/com.unity.shadergraph/GraphTemplates/Cross Pipeline/1_Lit Full.shadergraph' with importer (ScriptedImporter : Unity.ShaderGraph.Editor:UnityEditor.ShaderGraph:ShaderGraphImporter)
Imported 'GUID: aee84ce0dab81b049bb88017d78a63cd' -> (Import Result ID: '4503caf3e14fbcc6c4f02ac63a7a39ea') in 0.176 seconds [static and dynamic dependencies]. Details - ImportResultOutputID=d2d2c531a7df43a3db8aababffa121f6 DependenciesID=96ca6958ff7767d98139adc53975cf26 StaticDependenciesID=a3176bee206ef45e129501989346e574 
Importing 'GUID: def488a52add6574d9f295a507032cb8 - Path: Packages/com.unity.shadergraph/GraphTemplates/Cross Pipeline/Terrain Simple.shadergraph' with importer (ScriptedImporter : Unity.ShaderGraph.Editor:UnityEditor.ShaderGraph:ShaderGraphImporter)
Shader 'Hidden/Terrain/Terrain Simple': dependency 'AddPassShader' shader 'Hidden/Hidden/Terrain/Terrain Simple_AddPass' not found
Shader 'Hidden/Terrain/Terrain Simple': dependency 'BaseMapGenShader' shader 'Hidden/Hidden/Terrain/Terrain Simple_BaseMapGen' not found
Shader 'Hidden/Terrain/Terrain Simple': dependency 'AddPassShader' shader 'Hidden/Hidden/Terrain/Terrain Simple_AddPass' not found
Shader 'Hidden/Terrain/Terrain Simple': dependency 'BaseMapGenShader' shader 'Hidden/Hidden/Terrain/Terrain Simple_BaseMapGen' not found
Imported 'GUID: def488a52add6574d9f295a507032cb8' -> (Import Result ID: '75925d651d4abb9945145ef2c35c30c6') in 0.238 seconds [static and dynamic dependencies]. Details - ImportResultOutputID=881bce49e37cefd0a202b1b86fcaa5a1 DependenciesID=b897402e4c5529a9c1debd1bce5e4be5 StaticDependenciesID=16face41fb2deb44820d717b1d21effb 
Importing 'GUID: af66091e0eca0c04a9c3584ae867418a - Path: Packages/com.unity.shadergraph/GraphTemplates/Cross Pipeline/0_Particle Unlit.shadergraph' with importer (ScriptedImporter : Unity.ShaderGraph.Editor:UnityEditor.ShaderGraph:ShaderGraphImporter)
Imported 'GUID: af66091e0eca0c04a9c3584ae867418a' -> (Import Result ID: 'e8016724a1932053e0d234980b09e9db') in 0.070 seconds [static and dynamic dependencies]. Details - ImportResultOutputID=f048f4105bb13af09bbfbcbf776bca13 DependenciesID=6a433a49d66234d3ae483810af8ed87c StaticDependenciesID=79152d16fc1aa3f98c94915e1e63d536 
Importing 'GUID: bfad0aba0faa90547b68abd10bb6be86 - Path: Packages/com.unity.render-pipelines.universal/Editor/ShaderGraph/GraphTemplates/2D/2_2D Sprite Custom Lit.shadergraph' with importer (ScriptedImporter : Unity.ShaderGraph.Editor:UnityEditor.ShaderGraph:ShaderGraphImporter)
Imported 'GUID: bfad0aba0faa90547b68abd10bb6be86' -> (Import Result ID: 'ca88914ea2a083d9f0c28ba6dd9f0a80') in 0.064 seconds [static and dynamic dependencies]. Details - ImportResultOutputID=4c021dd8469b0ab5b7b805c3daeb6a30 DependenciesID=9ebeffd9947f20f0044b1cd2d55acb4d StaticDependenciesID=c1be03a2523fd38cc84a35a31a2a4c52 
Importing 'GUID: df41eefe8c13d444ca890dddbbc61f8d - Path: Packages/com.unity.render-pipelines.universal/Editor/ShaderGraph/GraphTemplates/Fullscreen Basic URP.shadergraph' with importer (ScriptedImporter : Unity.ShaderGraph.Editor:UnityEditor.ShaderGraph:ShaderGraphImporter)
Imported 'GUID: df41eefe8c13d444ca890dddbbc61f8d' -> (Import Result ID: '5893cc2ddfcfe82f718572c088805097') in 0.038 seconds [static and dynamic dependencies]. Details - ImportResultOutputID=0e047b47c618441c5a5e7923a58eee53 DependenciesID=8805db6b2f5ecfd2ad80ad65560c33d4 StaticDependenciesID=0bb8ee8885b216542ff1aea72691ba74 
Importing 'GUID: d1c568ccdae3f4e80a7d6dc469115613 - Path: Assets/_Project/Art/Candidates/drawer-r03/Drawer.fbx' with importer (FBXImporter)
Imported 'GUID: d1c568ccdae3f4e80a7d6dc469115613' -> (Import Result ID: 'b59363a4fc1b4cb6d05f02db906fd1f8') in 0.066 seconds [static and dynamic dependencies]. Details - ImportResultOutputID=3e16801d3c3427fe44948d7f479582e5 DependenciesID=51a278512e077c1f6bb7f9d1568cbf35 StaticDependenciesID=03dc95a7ee6b09e74b89b0be98999bcb 
Importing 'GUID: b28fa67a0ff82c5478f27368dc627683 - Path: Packages/com.unity.render-pipelines.core/Runtime/RenderPipelineResources/Mesh/SamplesFixture.fbx' with importer (FBXImporter)
Imported 'GUID: b28fa67a0ff82c5478f27368dc627683' -> (Import Result ID: 'e238036b605dda69803757b3f519fc76') in 0.013 seconds [static and dynamic dependencies]. Details - ImportResultOutputID=5d395ab561e58b8c51658ad190273d11 DependenciesID=75b5c9820343553e627b5d307e01f20e StaticDependenciesID=3687d310f9e3669f3de60e5cdf6a8bb2 
Importing 'GUID: b671e592ff30d4101bf0e9d17e0674a0 - Path: Assets/_Project/Art/Candidates/c1-patrol-panel-r01/Panel.fbx' with importer (FBXImporter)
Imported 'GUID: b671e592ff30d4101bf0e9d17e0674a0' -> (Import Result ID: '26d81b6156cda46cf60fb8ba77150246') in 0.027 seconds [static and dynamic dependencies]. Details - ImportResultOutputID=cb39a2cba328085b79e64a6c271436d3 DependenciesID=e6d445b54620ae132caeca4d07a8da53 StaticDependenciesID=d8ee135e60d0acbfa5649c4a9251eb03 
Importing 'GUID: 98e14afe3f0b14558be1a82afde00925 - Path: Assets/_Project/Art/Candidates/c1-signature-reader-r02/Reader.fbx' with importer (FBXImporter)
Imported 'GUID: 98e14afe3f0b14558be1a82afde00925' -> (Import Result ID: '6a64463db94fdfe2f4d63cf159ce75cc') in 0.027 seconds [static and dynamic dependencies]. Details - ImportResultOutputID=e7a7592c3c70d5fa53883296ab569e66 DependenciesID=e50aa9e8c8f6db43538ef59511e1bb8e StaticDependenciesID=1b410ead28235011c054d0595c6a2593 
Importing 'GUID: 799d38599b39b47b98cb320df2409f70 - Path: Assets/_Project/Art/Candidates/c1-signature-reader-r01/Reader.fbx' with importer (FBXImporter)
Imported 'GUID: 799d38599b39b47b98cb320df2409f70' -> (Import Result ID: '8e87fa142dadb4521e2a55fdb8a492a0') in 0.019 seconds [static and dynamic dependencies]. Details - ImportResultOutputID=c9366f6960ce0a9737f5c9ba1734f4bc DependenciesID=db78b4fa70fd4568ad1011c8214126d9 StaticDependenciesID=d7af2d213d09081ea50ea1883701a83e 
Importing 'GUID: 6b61a6ef877b6496cb6fdc8ca2e6a486 - Path: Assets/_Project/Art/Candidates/hub-greybox.fbx' with importer (FBXImporter)
Imported 'GUID: 6b61a6ef877b6496cb6fdc8ca2e6a486' -> (Import Result ID: 'de136720ecc5ac6d51bd88c40e65ac12') in 0.017 seconds [static and dynamic dependencies]. Details - ImportResultOutputID=9e1dd86aab0d157202915e0a53307159 DependenciesID=8092e337dc28a666f998499694de17cb StaticDependenciesID=a9981fdca0b84221f3987fbf092b8e6a 
Importing 'GUID: 1dbf28c1bb322474d981b2dc555e28b0 - Path: Packages/com.unity.render-pipelines.core/Runtime/RenderPipelineResources/Mesh/SamplesFloorSpotlight.fbx' with importer (FBXImporter)
Imported 'GUID: 1dbf28c1bb322474d981b2dc555e28b0' -> (Import Result ID: 'd1e929aa6bb93e704b7255ea19536e91') in 0.012 seconds [static and dynamic dependencies]. Details - ImportResultOutputID=d5d88a198bf3c1d819db5442daa29044 DependenciesID=0388ff383057da38663bc5c25ad8f78c StaticDependenciesID=3ca6a01504a56e4435e359b1f4a27af2 
Importing 'GUID: 1f1becb186a7e40da9bf88441f3fba66 - Path: Assets/_Project/Art/Candidates/drawer-r01.fbx' with importer (FBXImporter)
Imported 'GUID: 1f1becb186a7e40da9bf88441f3fba66' -> (Import Result ID: 'f1a92a589d57d222e03cd37d08305b70') in 0.011 seconds [static and dynamic dependencies]. Details - ImportResultOutputID=283312a4167630b97ba35a9e30bd963b DependenciesID=8c328ab30cff3ea28b18c9613906d983 StaticDependenciesID=e139260ef7b31820d1fb14513e71e1ee 

Asset Pipeline Refresh (id=1f78846a863134ff1ba48112d4a4f803): Total: 4.347 seconds - Initiated by StopAssetImportingV2(NoUpdateAssetOptions)
	(Values over 0.05ms)
	Summary:
		Imports: total=103 (actual=99, local cache=4, cache server=0)
		Asset DB Process Time: managed=43 ms, native=4153 ms
		Asset DB Callback time: managed=39 ms, native=110 ms
		Scripting: domain reloads=0, domain reload time=0 ms, compile time=0 ms, other=0 ms
		Project Asset Count: scripts=1116, non-scripts=1990
		Asset File Changes: new=0, changed=0, moved=0, deleted=0
		Scan Filter Count: 138
	ApplyChangesToAssetFolders: 0.101ms
	Scan: 17.016ms
	Collect global state as custom dependencies: 0.226ms
	CategorizeScriptCompilationAssets: 0.190ms
	ProcessAssetsWithTransientArtifactChanges: 0.205ms
	CategorizeAssets: 21.268ms
	ImportOutOfDateAssets: 4152.052ms (6.121ms without children)
		ImportManagerImport: 4119.566ms (114.727ms without children)
			UpdateCategorizedAssets: 6.176ms
		UnloadImportedAssets: 0.723ms
		ReloadImportedAssets: 6.114ms
		EnsureUptoDateAssetsAreRegisteredWithGuidPM: 0.320ms
		ImportSchedulerStart: 25.285ms
	PostProcessAllAssets: 149.060ms
		ShaderAssetModifiedCallback 102.022ms
		ComputeShaderImportPostprocess 0.332ms
		XRBuildSystem.XRAssetImported 0.327ms
		RaytracingShaderImportPostprocess 0.198ms
		PostProcessCallbackCreateDeferredMaterials 0.166ms
		BlockShaderImporter.PostprocessAllAssets 0.116ms
		SpeedTreeImporter.PostprocessAllAssets 0.081ms
		LocalizationDatabase.AssetDatabasePostprocessCallback 0.064ms
		MonoPostProcessAllAssets: 39.241ms
			ShaderGraphAssetPostProcessor.OnPostprocessAllAssets 6.888ms
			MaterialPostprocessor.OnPostprocessAllAssets 4.933ms
			AssetPostprocessor.OnPostprocessAllAssets 4.588ms
			LocalizationAssetPostProcessor.OnPostprocessAllAssets 3.036ms
			PostProcessor.OnPostprocessAllAssets 1.392ms
			InputActionAssetPostprocessor.OnPostprocessAllAssets 0.876ms
			InputActionJsonNameModifierAssetProcessor.OnPostprocessAllAssets 0.873ms
			AssetChangedListener.OnPostprocessAllAssets 0.469ms
			BuilderAssetPostprocessor.OnPostprocessAllAssets 0.259ms
			TextAssetPostProcessor.OnPostprocessAllAssets 0.243ms
			RenderPipelineGlobalSettingsPostprocessor.OnPostprocessAllAssets 0.195ms
			TMPro_TexturePostProcessor.OnPostprocessAllAssets 0.175ms
			AddressablesAssetPostProcessor.OnPostprocessAllAssets 0.129ms
			RetainedModeAssetPostprocessor.OnPostprocessAllAssets 0.076ms
			SpeedTree9Postprocessor.OnPostprocessAllAssets 0.053ms
			UniversalRenderPipelineGlobalSettingsPostprocessor.OnPostprocessAllAssets 0.052ms
	PostAssetChangesProfiler: 0.587ms
	GatherAllCurrentPrimaryImportResultRevisions: 0.164ms
	PersistCurrentRevisions: 0.077ms
	UnloadStreamsEnd: 0.069ms
	Untracked: 4.740ms

Start Indexing on Editor startup
[Indexing] Starting Initial Indexing for Assets
[UnityConnectServicesConfig] config is NOT valid, switching to default
Created GICache directory at /Users/jangyoung/Library/Caches/com.unity3d.UnityEditor/GiCache. Took: 0.002s, timestamps: [10.828 - 10.830]
Unloading 139 Unused Serialized files (Serialized files now loaded: 0)
Unloading 237 unused Assets / (11.5 MB). Loaded Objects now: 5613.
Memory consumption went from 257.8 MB to 246.3 MB.
Total: 25.844333 ms (FindLiveObjects: 0.237708 ms CreateObjectMapping: 0.629792 ms MarkObjects: 21.790333 ms  DeleteObjects: 3.186125 ms)

Importing 'GUID: d2c56b751b16a4144ac0ac91c4718baa - Path: Assets/InitTestSceneb590e5a4-c615-4ce8-aff7-3605bd110759.unity' with importer (DefaultImporter)
Imported 'GUID: d2c56b751b16a4144ac0ac91c4718baa' -> (Import Result ID: '3f7d969aed3b5bc5a3880ba8c7cf368b') in 0.001 seconds [static dependencies only]. Details - ImportResultOutputID=fa94ebe414f5d45ad14f3be1f8a4e4ba DependenciesID=1c73ac1eed0758ea229c20c064cda7b3 StaticDependenciesID=6115200ffacf355822ca524cac6cf81a 
Asset Pipeline Refresh (id=6af5a2eb1085a462584ded54030f7bc0): Total: 0.061 seconds - Initiated by StopAssetImportingV2(NoUpdateAssetOptions)
Executing IPrebuildSetup for: Unity.PerformanceTesting.Editor.TestRunBuilder.
UnityEngine.Debug:ExtractStackTraceNoAlloc (byte*,int,string)
UnityEngine.StackTraceUtility:ExtractStackTrace () (at /Users/bokken/build/output/unity/unity/Runtime/Export/Scripting/StackTrace.cs:35)
UnityEngine.DebugLogHandler:Internal_Log (UnityEngine.LogType,UnityEngine.LogOption,string,UnityEngine.Object)
UnityEngine.DebugLogHandler:LogFormat (UnityEngine.LogType,UnityEngine.Object,string,object[])
UnityEngine.Logger:Log (UnityEngine.LogType,object)
UnityEngine.Debug:Log (object)
UnityEditor.TestTools.TestRunner.TestRun.Tasks.BuildActionTaskBase`1/<ExecuteMethods>d__8<UnityEngine.TestTools.IPrebuildSetup>:MoveNext () (at ./Library/PackageCache/com.unity.test-framework@1405238725ab/UnityEditor.TestRunner/TestRun/Tasks/BuildActionTaskBase.cs:48)
UnityEditor.TestTools.TestRunner.TestRun.Tasks.BuildActionTaskBase`1/<Execute>d__7<UnityEngine.TestTools.IPrebuildSetup>:MoveNext () (at ./Library/PackageCache/com.unity.test-framework@1405238725ab/UnityEditor.TestRunner/TestRun/Tasks/BuildActionTaskBase.cs:34)
UnityEditor.TestTools.TestRunner.TestRun.TestJobRunner:ExecuteStep () (at ./Library/PackageCache/com.unity.test-framework@1405238725ab/UnityEditor.TestRunner/TestRun/TestJobRunner.cs:194)
UnityEditor.TestTools.TestRunner.TestRun.TestJobRunner:ExecuteCallback () (at ./Library/PackageCache/com.unity.test-framework@1405238725ab/UnityEditor.TestRunner/TestRun/TestJobRunner.cs:129)
UnityEditor.EditorApplication:Internal_CallUpdateFunctions () (at /Users/bokken/build/output/unity/unity/Editor/Mono/EditorApplication.cs:403)

(Filename: ./Library/PackageCache/com.unity.test-framework@1405238725ab/UnityEditor.TestRunner/TestRun/Tasks/BuildActionTaskBase.cs Line: 48)

Thread 0x314647000 may have been prematurely finalized
Reloading assemblies for play mode.
Reloading assemblies after forced synchronous recompile.
Begin MonoManager ReloadAssembly
Symbol file LoadedFromMemory is not a mono symbol file
Native extension for OSXStandalone target not found
Native extension for WebGL target not found
ScheduleIndexationOnStartup MainProcess:True IndexOnStartup:True
Mono: successfully reloaded assembly
- Finished resetting the current domain, in  0.591 seconds
Domain Reload Profiling: 1277ms
	BeginReloadAssembly (492ms)
		DisableScriptedObjects (17ms)
		CreateAndSetChildDomain (396ms)
	RebuildCommonClasses (7ms)
	RebuildNativeTypeToScriptingClass (12ms)
	initialDomainReloadingComplete (35ms)
	LoadAllAssembliesAndSetupDomain (139ms)
		LoadAssemblies (75ms)
		AnalyzeDomain (25ms)
			TypeCache.Refresh (6ms)
			ResolveRequiredComponents (15ms)
	FinalizeReload (592ms)
		SetupLoadedEditorAssemblies (0ms)
			BeforeProcessingInitializeOnLoad (65ms)
			ProcessInitializeOnLoadAttributes (118ms)
			ProcessInitializeOnLoadMethodAttributes (156ms)
		AwakeInstancesAfterBackupRestoration (30ms)
No restricted APIs configured; Validation skipped.
Checking 13 assemblies for restricted APIs found 0 usage(s) in 3 ms

Asset Pipeline Refresh (id=1201c8359c62b404d8c692809df6cd52): Total: 2.140 seconds - Initiated by StopAssetImportingV2(ForceSynchronousImport | ForceDomainReload)
	(Values over 0.05ms)
	Summary:
		Imports: total=0 (actual=0, local cache=0, cache server=0)
		Asset DB Process Time: managed=0 ms, native=781 ms
		Asset DB Callback time: managed=563 ms, native=87 ms
		Scripting: domain reloads=1, domain reload time=706 ms, compile time=1 ms, other=0 ms
		Project Asset Count: scripts=1116, non-scripts=1991
		Asset File Changes: new=0, changed=0, moved=0, deleted=0
		Scan Filter Count: 0
	InvokePackagesCallback: 1.219ms
	ApplyChangesToAssetFolders: 0.218ms
	Collect global state as custom dependencies: 1.812ms
	ProcessAssetsWithTransientArtifactChanges: 85.582ms
	CategorizeAssets: 40.490ms
	CompileScripts: 0.831ms
	ImportOutOfDateAssets: 627.655ms (601.914ms without children)
		CollectScriptTypesHashes: 1.505ms
		ReloadNativeAssets: 0.684ms
		UnloadImportedAssets: 0.112ms
		EnsureUptoDateAssetsAreRegisteredWithGuidPM: 0.388ms
		ImportSchedulerStart: 24.410ms
	PostProcessAllAssets: 649.015ms
		PostProcessCallbackCreateDeferredMaterials 18.673ms
		AssemblyValidation.PostprocessAllAssets 8.693ms
		ShaderAssetModifiedCallback 7.766ms
		ComputeShaderImportPostprocess 4.025ms
		RaytracingShaderImportPostprocess 3.867ms
		SpeedTreeImporter.PostprocessAllAssets 3.664ms
		BlockShaderImporter.PostprocessAllAssets 1.690ms
		LocalizationDatabase.AssetDatabasePostprocessCallback 1.613ms
		MonoPostProcessAllAssets: 562.397ms
			ShaderGraphAssetPostProcessor.OnPostprocessAllAssets 180.210ms
			LocalizationAssetPostProcessor.OnPostprocessAllAssets 102.134ms
			PostProcessor.OnPostprocessAllAssets 50.846ms
			MaterialPostprocessor.OnPostprocessAllAssets 35.246ms
			InputActionJsonNameModifierAssetProcessor.OnPostprocessAllAssets 34.710ms
			InputActionAssetPostprocessor.OnPostprocessAllAssets 34.639ms
			AssetPostprocessor.OnPostprocessAllAssets 19.441ms
			StyleCatalogPostProcessor.OnPostprocessAllAssets 14.754ms
			TextAssetPostProcessor.OnPostprocessAllAssets 9.868ms
			AssetChangedListener.OnPostprocessAllAssets 7.563ms
			UniversalRenderPipelineGlobalSettingsPostprocessor.OnPostprocessAllAssets 6.786ms
			RenderPipelineGlobalSettingsPostprocessor.OnPostprocessAllAssets 5.014ms
			BuilderAssetPostprocessor.OnPostprocessAllAssets 4.465ms
			SpeedTree9Postprocessor.OnPostprocessAllAssets 3.482ms
			RetainedModeAssetPostprocessor.OnPostprocessAllAssets 1.461ms
			WindowAssetPostprocessingWatcher.OnPostprocessAllAssets 1.242ms
			SyncVS.PostprocessSyncProject 1.035ms
			AddressablesAssetPostProcessor.OnPostprocessAllAssets 0.768ms
			AssetPathToTypes.OnPostprocessAllAssets 0.721ms
			ShaderReflectionAssetPostProcessor.OnPostprocessAllAssets 0.463ms
			ArtifactBrowserPostProcessor.OnPostprocessAllAssets 0.359ms
			SpeedTreePostProcessor.OnPostprocessAllAssets 0.350ms
			ProjectSettingsPostprocessor.OnPostprocessAllAssets 0.347ms
			TMPro_TexturePostProcessor.OnPostprocessAllAssets 0.301ms
			SampleDependencyImporterPostProcessor.OnPostprocessAllAssets 0.259ms
			AssetEvents.OnPostprocessAllAssets 0.211ms
			EditModeScopePostprocessor.OnPostprocessAllAssets 0.189ms
			AudioMixerPostprocessor.OnPostprocessAllAssets 0.186ms
			TerrainToolbarOverlayPostProcessor.OnPostprocessAllAssets 0.170ms
			ReferencedClipsPostProcessor.OnPostprocessAllAssets 0.162ms
			AssetDatabaseCallbacks.OnPostprocessAllAssets 0.102ms
			ConfigAssetsTracker.OnPostprocessAllAssets 0.089ms
			ScenarioDriftAssetsTracker.OnPostprocessAllAssets 0.066ms
			AudioContainerPostProcessor.OnPostprocessAllAssets 0.056ms
	PostAssetChangesProfiler: 1.577ms
	GatherAllCurrentPrimaryImportResultRevisions: 0.092ms
	UnloadStreamsBegin: 0.166ms
	PersistCurrentRevisions: 0.077ms
	GenerateScriptTypeHashes: 2.947ms
	GenerateScriptTypeSerializationHashes: 4.644ms
	Untracked: 728.618ms

Loaded scene 'Temp/__Backupscenes/0.backup'
	Deserialize:            1.077 ms
	Integration:            242.059 ms
	Integration of assets:  0.001 ms
	Thread Wait Time:       0.007 ms
	Total Operation Time:   243.144 ms
[MODES] ModeService[none].Initialize
[MODES] ModeService[none].LoadModes
[Licensing::Client] Successfully resolved entitlement details
T0 commit: c1 injected candidate save failure
UnityEngine.Debug:ExtractStackTraceNoAlloc (byte*,int,string)
UnityEngine.StackTraceUtility:ExtractStackTrace () (at /Users/bokken/build/output/unity/unity/Runtime/Export/Scripting/StackTrace.cs:35)
UnityEngine.DebugLogHandler:Internal_Log (UnityEngine.LogType,UnityEngine.LogOption,string,UnityEngine.Object)
UnityEngine.DebugLogHandler:LogFormat (UnityEngine.LogType,UnityEngine.Object,string,object[])
UnityEngine.Logger:Log (UnityEngine.LogType,object)
UnityEngine.Debug:LogWarning (object)
Tide.App.T0GameSession/<CommitAsync>d__146:MoveNext () (at Assets/_Project/App/T0GameSession.cs:136)
System.Runtime.CompilerServices.AsyncMethodBuilderCore/MoveNextRunner:InvokeMoveNext (object)
System.Threading.ExecutionContext:RunInternal (System.Threading.ExecutionContext,System.Threading.ContextCallback,object,bool)
System.Threading.ExecutionContext:Run (System.Threading.ExecutionContext,System.Threading.ContextCallback,object,bool)
System.Runtime.CompilerServices.AsyncMethodBuilderCore/MoveNextRunner:Run ()
System.Threading.Tasks.SynchronizationContextAwaitTaskContinuation/<>c:<.cctor>b__7_0 (object)
UnityEngine.UnitySynchronizationContext/WorkRequest:Invoke () (at /Users/bokken/build/output/unity/unity/Runtime/Export/Scripting/UnitySynchronizationContext.cs:156)
UnityEngine.UnitySynchronizationContext:Exec () (at /Users/bokken/build/output/unity/unity/Runtime/Export/Scripting/UnitySynchronizationContext.cs:84)
UnityEngine.UnitySynchronizationContext:ExecuteTasks () (at /Users/bokken/build/output/unity/unity/Runtime/Export/Scripting/UnitySynchronizationContext.cs:110)

(Filename: Assets/_Project/App/T0GameSession.cs Line: 136)

T0 commit: signature candidate-save failure
UnityEngine.Debug:ExtractStackTraceNoAlloc (byte*,int,string)
UnityEngine.StackTraceUtility:ExtractStackTrace () (at /Users/bokken/build/output/unity/unity/Runtime/Export/Scripting/StackTrace.cs:35)
UnityEngine.DebugLogHandler:Internal_Log (UnityEngine.LogType,UnityEngine.LogOption,string,UnityEngine.Object)
UnityEngine.DebugLogHandler:LogFormat (UnityEngine.LogType,UnityEngine.Object,string,object[])
UnityEngine.Logger:Log (UnityEngine.LogType,object)
UnityEngine.Debug:LogWarning (object)
Tide.App.T0GameSession/<CommitAsync>d__146:MoveNext () (at Assets/_Project/App/T0GameSession.cs:136)
System.Runtime.CompilerServices.AsyncMethodBuilderCore/MoveNextRunner:InvokeMoveNext (object)
System.Threading.ExecutionContext:RunInternal (System.Threading.ExecutionContext,System.Threading.ContextCallback,object,bool)
System.Threading.ExecutionContext:Run (System.Threading.ExecutionContext,System.Threading.ContextCallback,object,bool)
System.Runtime.CompilerServices.AsyncMethodBuilderCore/MoveNextRunner:Run ()
System.Threading.Tasks.SynchronizationContextAwaitTaskContinuation/<>c:<.cctor>b__7_0 (object)
UnityEngine.UnitySynchronizationContext/WorkRequest:Invoke () (at /Users/bokken/build/output/unity/unity/Runtime/Export/Scripting/UnitySynchronizationContext.cs:156)
UnityEngine.UnitySynchronizationContext:Exec () (at /Users/bokken/build/output/unity/unity/Runtime/Export/Scripting/UnitySynchronizationContext.cs:84)
UnityEngine.UnitySynchronizationContext:ExecuteTasks () (at /Users/bokken/build/output/unity/unity/Runtime/Export/Scripting/UnitySynchronizationContext.cs:110)

(Filename: Assets/_Project/App/T0GameSession.cs Line: 136)

T0 commit: injected
UnityEngine.Debug:ExtractStackTraceNoAlloc (byte*,int,string)
UnityEngine.StackTraceUtility:ExtractStackTrace () (at /Users/bokken/build/output/unity/unity/Runtime/Export/Scripting/StackTrace.cs:35)
UnityEngine.DebugLogHandler:Internal_Log (UnityEngine.LogType,UnityEngine.LogOption,string,UnityEngine.Object)
UnityEngine.DebugLogHandler:LogFormat (UnityEngine.LogType,UnityEngine.Object,string,object[])
UnityEngine.Logger:Log (UnityEngine.LogType,object)
UnityEngine.Debug:LogWarning (object)
Tide.App.T0GameSession/<CommitAsync>d__146:MoveNext () (at Assets/_Project/App/T0GameSession.cs:136)
System.Runtime.CompilerServices.AsyncMethodBuilderCore/MoveNextRunner:InvokeMoveNext (object)
System.Threading.ExecutionContext:RunInternal (System.Threading.ExecutionContext,System.Threading.ContextCallback,object,bool)
System.Threading.ExecutionContext:Run (System.Threading.ExecutionContext,System.Threading.ContextCallback,object,bool)
System.Runtime.CompilerServices.AsyncMethodBuilderCore/MoveNextRunner:Run ()
System.Threading.Tasks.SynchronizationContextAwaitTaskContinuation/<>c:<.cctor>b__7_0 (object)
UnityEngine.UnitySynchronizationContext/WorkRequest:Invoke () (at /Users/bokken/build/output/unity/unity/Runtime/Export/Scripting/UnitySynchronizationContext.cs:156)
UnityEngine.UnitySynchronizationContext:Exec () (at /Users/bokken/build/output/unity/unity/Runtime/Export/Scripting/UnitySynchronizationContext.cs:84)
UnityEngine.UnitySynchronizationContext:ExecuteTasks () (at /Users/bokken/build/output/unity/unity/Runtime/Export/Scripting/UnitySynchronizationContext.cs:110)

(Filename: Assets/_Project/App/T0GameSession.cs Line: 136)

Loaded scene 'Assets/_Project/Scenes/hub.unity'
	Deserialize:            18.314 ms
	Integration:            5.596 ms
	Integration of assets:  1.254 ms
	Thread Wait Time:       0.772 ms
	Total Operation Time:   25.937 ms
Loaded scene 'Assets/_Project/Scenes/hub.unity'
	Deserialize:            0.928 ms
	Integration:            0.600 ms
	Integration of assets:  0.001 ms
	Thread Wait Time:       0.097 ms
	Total Operation Time:   1.626 ms
Loaded scene 'Assets/_Project/Scenes/hub.unity'
	Deserialize:            1.059 ms
	Integration:            0.590 ms
	Integration of assets:  0.002 ms
	Thread Wait Time:       0.119 ms
	Total Operation Time:   1.771 ms
Loaded scene 'Assets/_Project/Scenes/hub.unity'
	Deserialize:            0.910 ms
	Integration:            0.697 ms
	Integration of assets:  0.002 ms
	Thread Wait Time:       0.404 ms
	Total Operation Time:   2.013 ms
Loaded scene 'Assets/_Project/Scenes/hub.unity'
	Deserialize:            1.121 ms
	Integration:            0.647 ms
	Integration of assets:  0.001 ms
	Thread Wait Time:       0.163 ms
	Total Operation Time:   1.931 ms
Loaded scene 'Assets/_Project/Scenes/hub.unity'
	Deserialize:            3.704 ms
	Integration:            0.674 ms
	Integration of assets:  0.002 ms
	Thread Wait Time:       0.635 ms
	Total Operation Time:   5.015 ms
Saving results to: /Users/jangyoung/Library/Application Support/TideRegistry/Unknown T0/TestResults.xml
Saving results to: /Users/jangyoung/orca/unknown/_workspace/current/systems/tech-verification/c1-m4/results/playmode-9.xml
Thread 0x16d337000 may have been prematurely finalized
Unloading 40 Unused Serialized files (Serialized files now loaded: 0)
Loaded scene 'Temp/__Backupscenes/0.backup'
	Deserialize:            0.619 ms
	Integration:            626.369 ms
	Integration of assets:  0.001 ms
	Thread Wait Time:       0.013 ms
	Total Operation Time:   627.002 ms
Unloading 4191 unused Assets / (26.0 MB). Loaded Objects now: 5633.
Memory consumption went from 258.5 MB to 232.4 MB.
Total: 30.722333 ms (FindLiveObjects: 0.863375 ms CreateObjectMapping: 1.473208 ms MarkObjects: 21.059125 ms  DeleteObjects: 7.325916 ms)

Executing IPostBuildCleanup for: Unity.PerformanceTesting.Editor.TestRunBuilder.
UnityEngine.Debug:ExtractStackTraceNoAlloc (byte*,int,string)
UnityEngine.StackTraceUtility:ExtractStackTrace () (at /Users/bokken/build/output/unity/unity/Runtime/Export/Scripting/StackTrace.cs:35)
UnityEngine.DebugLogHandler:Internal_Log (UnityEngine.LogType,UnityEngine.LogOption,string,UnityEngine.Object)
UnityEngine.DebugLogHandler:LogFormat (UnityEngine.LogType,UnityEngine.Object,string,object[])
UnityEngine.Logger:Log (UnityEngine.LogType,object)
UnityEngine.Debug:Log (object)
UnityEditor.TestTools.TestRunner.TestRun.Tasks.BuildActionTaskBase`1/<ExecuteMethods>d__8<UnityEngine.TestTools.IPostBuildCleanup>:MoveNext () (at ./Library/PackageCache/com.unity.test-framework@1405238725ab/UnityEditor.TestRunner/TestRun/Tasks/BuildActionTaskBase.cs:48)
UnityEditor.TestTools.TestRunner.TestRun.Tasks.BuildActionTaskBase`1/<Execute>d__7<UnityEngine.TestTools.IPostBuildCleanup>:MoveNext () (at ./Library/PackageCache/com.unity.test-framework@1405238725ab/UnityEditor.TestRunner/TestRun/Tasks/BuildActionTaskBase.cs:34)
UnityEditor.TestTools.TestRunner.TestRun.TestJobRunner:ExecuteStep () (at ./Library/PackageCache/com.unity.test-framework@1405238725ab/UnityEditor.TestRunner/TestRun/TestJobRunner.cs:194)
UnityEditor.TestTools.TestRunner.TestRun.TestJobRunner:ExecuteCallback () (at ./Library/PackageCache/com.unity.test-framework@1405238725ab/UnityEditor.TestRunner/TestRun/TestJobRunner.cs:129)
UnityEditor.EditorApplication:Internal_CallUpdateFunctions () (at /Users/bokken/build/output/unity/unity/Editor/Mono/EditorApplication.cs:403)

(Filename: ./Library/PackageCache/com.unity.test-framework@1405238725ab/UnityEditor.TestRunner/TestRun/Tasks/BuildActionTaskBase.cs Line: 48)

Unloading 0 Unused Serialized files (Serialized files now loaded: 0)
Unloading 0 unused Assets / (0 B). Loaded Objects now: 5638.
Memory consumption went from 208.1 MB to 208.1 MB.
Total: 13.021834 ms (FindLiveObjects: 0.362500 ms CreateObjectMapping: 0.548375 ms MarkObjects: 12.099708 ms  DeleteObjects: 0.010417 ms)

Asset Pipeline Refresh (id=c7c194f205e184e14b3fe65fd3ad7296): Total: 0.118 seconds - Initiated by StopAssetImportingV2(NoUpdateAssetOptions)
DisplayProgressbar: Undo
Test run completed. Exiting with code 0 (Ok). Run completed.
UnityEngine.Debug:ExtractStackTraceNoAlloc (byte*,int,string)
UnityEngine.StackTraceUtility:ExtractStackTrace () (at /Users/bokken/build/output/unity/unity/Runtime/Export/Scripting/StackTrace.cs:35)
UnityEngine.DebugLogHandler:Internal_Log (UnityEngine.LogType,UnityEngine.LogOption,string,UnityEngine.Object)
UnityEngine.DebugLogHandler:LogFormat (UnityEngine.LogType,UnityEngine.Object,string,object[])
UnityEngine.Logger:Log (UnityEngine.LogType,object)
UnityEngine.Debug:Log (object)
UnityEditor.TestTools.TestRunner.CommandLineTest.Executer:ExitApplication (UnityEditor.TestTools.TestRunner.CommandLineTest.Executer/ReturnCodes,string) (at ./Library/PackageCache/com.unity.test-framework@1405238725ab/UnityEditor.TestRunner/CommandLineTest/Executer.cs:81)
UnityEditor.TestTools.TestRunner.CommandLineTest.Executer:ExitIfRunIsCompleted () (at ./Library/PackageCache/com.unity.test-framework@1405238725ab/UnityEditor.TestRunner/CommandLineTest/Executer.cs:74)
UnityEditor.EditorApplication:Internal_CallUpdateFunctions () (at /Users/bokken/build/output/unity/unity/Editor/Mono/EditorApplication.cs:403)

(Filename: ./Library/PackageCache/com.unity.test-framework@1405238725ab/UnityEditor.TestRunner/CommandLineTest/Executer.cs Line: 81)

MonoPathRemapper: Attempts to remap: 33771; Successful remaps: 1736
Serialized file version minimum: 22, current 23
Importing 'GUID: 00000000000000004000000000000000 - Path: ProjectSettings/ProjectSettings.asset' with importer (LibraryAssetImporter)
Imported 'GUID: 00000000000000004000000000000000' -> (Import Result ID: '195b38f9c2520776fc5f091a9af64c48') in 0.015 seconds [static dependencies only]. Details - ImportResultOutputID=276a810dac73e1f29404d5e5f692e214 DependenciesID=360b1144ed23f354534ff96a7aa79160 StaticDependenciesID=ff275f68d39bf35df92846fe19cfa806 
Asset Pipeline Refresh (id=dd10b03715b0d40149f3a9e91f11bf95): Total: 0.062 seconds - Initiated by StopAssetImportingV2(NoUpdateAssetOptions)
Thread 0x314653000 may have been prematurely finalized
Input System module state changed to: ShutdownInProgress.
Input Polling Thread exited.
Input System module state changed to: Shutdown.
[Physics::Module] Cleanup current backend.
[Physics::Module] Id: 0xf2b8ea05
[Licensing::IpcConnector] LicenseClient-jangyoung-notifications channel disconnected successfully.
[Licensing::IpcConnector] LicenseClient-jangyoung channel disconnected successfully.
Thread 0x16dd0f000 may have been prematurely finalized
Thread 0x16dd9b000 may have been prematurely finalized
Thread 0x16df3f000 may have been prematurely finalized
Thread 0x16e16f000 may have been prematurely finalized
Thread 0x16deb3000 may have been prematurely finalized
Thread 0x16e0e3000 may have been prematurely finalized
Thread 0x16e1fb000 may have been prematurely finalized
Thread 0x16e057000 may have been prematurely finalized
Thread 0x16dfcb000 may have been prematurely finalized
Thread 0x16de27000 may have been prematurely finalized
Thread 0x16e287000 may have been prematurely finalized
MSBuild 서버을(를) 종료하는 중...
VB/C# 컴파일러 서버을(를) 종료하는 중...
AcceleratorClientConnectionCallback - disconnected - :0
Thread 0x170053000 may have been prematurely finalized
Cleanup mono
CodeReloadManager destroyed
info: Microsoft.Hosting.Lifetime[0]
      Application is shutting down...
info: Unity.ILPP.Runner.PostProcessingAssemblyLoadContext[0]
      ALC ILPP context 1 is unloading
MSBuild 서버을(를) 종료했습니다.
VB/C# 컴파일러 서버을(를) 종료했습니다.
debugger-agent: Unable to listen on 32
