Mono path[0] = '/Users/jangyoung/orca/unknown/unity/Unknown/Builds/T0-case-thread-p1-hint-leak-diagnostic/Unknown.app/Contents/Resources/Data/Managed'
Mono config path = '/Users/jangyoung/orca/unknown/unity/Unknown/Builds/T0-case-thread-p1-hint-leak-diagnostic/Unknown.app/Contents/MonoBleedingEdge/etc'
CodeReloadManager initialized
Found 2 interfaces on host : 0) 192.168.219.124 1) 100.119.58.79
Player connection [8594452736]  Target information:

Player connection [8594452736]  * "[IP] 192.168.219.124 [Port] 55000 [Flags] 2 [Guid] 1408421939 [EditorId] 4282819347 [Version] 1048832 [Id] OSXPlayer(1,MacBook-Pro-2.local) [Debug] 0 [PackageName] OSXPlayer [ProjectName] Unknown T0" 

Player connection [8594452736]  * "[IP] 100.119.58.79 [Port] 55000 [Flags] 2 [Guid] 1408421939 [EditorId] 4282819347 [Version] 1048832 [Id] OSXPlayer(1,MacBook-Pro-2.local) [Debug] 0 [PackageName] OSXPlayer [ProjectName] Unknown T0" 

Player connection [8594452736] Started UDP target info broadcast (1) on [225.0.0.222:54997].

Input System module state changed to: Initialized.
[Physics::Module] Initialized fallback backend.
[Physics::Module] Id: 0xdecafbad
 preferred device: Apple M2 Pro (high power)
Metal devices available: 1
0: Apple M2 Pro (high power)
Using device Apple M2 Pro (high power)
Initialize engine version: 6000.5.6f1 (0e0577a1a2ac)
[Subsystems] Discovering subsystems at path /Users/jangyoung/orca/unknown/unity/Unknown/Builds/T0-case-thread-p1-hint-leak-diagnostic/Unknown.app/Contents/Resources/Data/UnitySubsystems
GfxDevice: creating device client; kGfxThreadingModeThreaded
Initializing Metal device caps: Apple M2 Pro
Mac GPU Family: 2
Apple GPU Family: 8
MSL Version: 3.0
Has Float MSAA: 1
Has Float Filtering: 1
ReadWrite Texture Tier: 2
Begin MonoManager ReloadAssembly
Symbol file LoadedFromMemory is not a mono symbol file
- Finished resetting the current domain, in  0.022 seconds
[Physics::Module] Selected backend.
[Physics::Module] Name: PhysX
[Physics::Module] Id: 0xf2b8ea05
[Physics::Module] SDK Version: 4.1.2
[Physics::Module] Integration Version: 1.0.0
[Physics::Module] Threading Mode: Multi-Threaded
Metal RecreateSurface[0x1293473a0]: surface size 1280x800
UnloadTime: 1.455667 ms
T0_CASE_THREAD_CHECK native player uses explicit isolated save directory
UnityEngine.Debug:ExtractStackTraceNoAlloc (byte*,int,string)
UnityEngine.StackTraceUtility:ExtractStackTrace () (at /Users/bokken/build/output/unity/unity/Runtime/Export/Scripting/StackTrace.cs:35)
UnityEngine.DebugLogHandler:Internal_Log (UnityEngine.LogType,UnityEngine.LogOption,string,UnityEngine.Object)
UnityEngine.DebugLogHandler:LogFormat (UnityEngine.LogType,UnityEngine.Object,string,object[]) (at /Users/bokken/build/output/unity/unity/Runtime/Export/Logging/DebugLogHandler.cs:9)
UnityEngine.Logger:Log (UnityEngine.LogType,object) (at /Users/bokken/build/output/unity/unity/Runtime/Export/Logging/Logger.cs:60)
UnityEngine.Debug:Log (object) (at /Users/bokken/build/output/unity/unity/Runtime/Export/Debug/Debug.bindings.cs:123)
Tide.App.T0CaseThreadSmoke:Require (bool,string) (at /private/tmp/t0-case-thread-p1-native-20260910/build-project/Assets/_Project/App/T0GameSession.cs:304)
Tide.App.T0CaseThreadSmoke/<Run>d__28:MoveNext () (at /private/tmp/t0-case-thread-p1-native-20260910/build-project/Assets/_Project/App/T0GameSession.cs:421)
Tide.App.T0CaseThreadSmoke/<Start>d__11:MoveNext () (at /private/tmp/t0-case-thread-p1-native-20260910/build-project/Assets/_Project/App/T0GameSession.cs:295)
UnityEngine.SetupCoroutine:InvokeMoveNext (System.Collections.IEnumerator,intptr) (at /Users/bokken/build/output/unity/unity/Runtime/Export/Scripting/Coroutines.cs:17)

(Filename: /Users/bokken/build/output/unity/unity/Runtime/Export/Debug/Debug.bindings.cs Line: 123)

T0_CASE_THREAD_CHECK fresh native boot has no puzzle journal entries
UnityEngine.Debug:ExtractStackTraceNoAlloc (byte*,int,string)
UnityEngine.StackTraceUtility:ExtractStackTrace () (at /Users/bokken/build/output/unity/unity/Runtime/Export/Scripting/StackTrace.cs:35)
UnityEngine.DebugLogHandler:Internal_Log (UnityEngine.LogType,UnityEngine.LogOption,string,UnityEngine.Object)
UnityEngine.DebugLogHandler:LogFormat (UnityEngine.LogType,UnityEngine.Object,string,object[]) (at /Users/bokken/build/output/unity/unity/Runtime/Export/Logging/DebugLogHandler.cs:9)
UnityEngine.Logger:Log (UnityEngine.LogType,object) (at /Users/bokken/build/output/unity/unity/Runtime/Export/Logging/Logger.cs:60)
UnityEngine.Debug:Log (object) (at /Users/bokken/build/output/unity/unity/Runtime/Export/Debug/Debug.bindings.cs:123)
Tide.App.T0CaseThreadSmoke:Require (bool,string) (at /private/tmp/t0-case-thread-p1-native-20260910/build-project/Assets/_Project/App/T0GameSession.cs:304)
Tide.App.T0CaseThreadSmoke/<Run>d__28:MoveNext () (at /private/tmp/t0-case-thread-p1-native-20260910/build-project/Assets/_Project/App/T0GameSession.cs:422)
Tide.App.T0CaseThreadSmoke/<Start>d__11:MoveNext () (at /private/tmp/t0-case-thread-p1-native-20260910/build-project/Assets/_Project/App/T0GameSession.cs:295)
UnityEngine.SetupCoroutine:InvokeMoveNext (System.Collections.IEnumerator,intptr) (at /Users/bokken/build/output/unity/unity/Runtime/Export/Scripting/Coroutines.cs:17)

(Filename: /Users/bokken/build/output/unity/unity/Runtime/Export/Debug/Debug.bindings.cs Line: 123)

T0_CASE_THREAD_CHECK save queue settled
UnityEngine.Debug:ExtractStackTraceNoAlloc (byte*,int,string)
UnityEngine.StackTraceUtility:ExtractStackTrace () (at /Users/bokken/build/output/unity/unity/Runtime/Export/Scripting/StackTrace.cs:35)
UnityEngine.DebugLogHandler:Internal_Log (UnityEngine.LogType,UnityEngine.LogOption,string,UnityEngine.Object)
UnityEngine.DebugLogHandler:LogFormat (UnityEngine.LogType,UnityEngine.Object,string,object[]) (at /Users/bokken/build/output/unity/unity/Runtime/Export/Logging/DebugLogHandler.cs:9)
UnityEngine.Logger:Log (UnityEngine.LogType,object) (at /Users/bokken/build/output/unity/unity/Runtime/Export/Logging/Logger.cs:60)
UnityEngine.Debug:Log (object) (at /Users/bokken/build/output/unity/unity/Runtime/Export/Debug/Debug.bindings.cs:123)
Tide.App.T0CaseThreadSmoke:Require (bool,string) (at /private/tmp/t0-case-thread-p1-native-20260910/build-project/Assets/_Project/App/T0GameSession.cs:304)
Tide.App.T0CaseThreadSmoke/<Drain>d__18:MoveNext () (at /private/tmp/t0-case-thread-p1-native-20260910/build-project/Assets/_Project/App/T0GameSession.cs:337)
Tide.App.T0CaseThreadSmoke/<Start>d__11:MoveNext () (at /private/tmp/t0-case-thread-p1-native-20260910/build-project/Assets/_Project/App/T0GameSession.cs:295)
UnityEngine.SetupCoroutine:InvokeMoveNext (System.Collections.IEnumerator,intptr) (at /Users/bokken/build/output/unity/unity/Runtime/Export/Scripting/Coroutines.cs:17)

(Filename: /Users/bokken/build/output/unity/unity/Runtime/Export/Debug/Debug.bindings.cs Line: 123)

T0_CASE_THREAD_CHECK exactly one active CaseThread text
UnityEngine.Debug:ExtractStackTraceNoAlloc (byte*,int,string)
UnityEngine.StackTraceUtility:ExtractStackTrace () (at /Users/bokken/build/output/unity/unity/Runtime/Export/Scripting/StackTrace.cs:35)
UnityEngine.DebugLogHandler:Internal_Log (UnityEngine.LogType,UnityEngine.LogOption,string,UnityEngine.Object)
UnityEngine.DebugLogHandler:LogFormat (UnityEngine.LogType,UnityEngine.Object,string,object[]) (at /Users/bokken/build/output/unity/unity/Runtime/Export/Logging/DebugLogHandler.cs:9)
UnityEngine.Logger:Log (UnityEngine.LogType,object) (at /Users/bokken/build/output/unity/unity/Runtime/Export/Logging/Logger.cs:60)
UnityEngine.Debug:Log (object) (at /Users/bokken/build/output/unity/unity/Runtime/Export/Debug/Debug.bindings.cs:123)
Tide.App.T0CaseThreadSmoke:Require (bool,string) (at /private/tmp/t0-case-thread-p1-native-20260910/build-project/Assets/_Project/App/T0GameSession.cs:304)
Tide.App.T0CaseThreadSmoke:Card () (at /private/tmp/t0-case-thread-p1-native-20260910/build-project/Assets/_Project/App/T0GameSession.cs:341)
Tide.App.T0CaseThreadSmoke/<Inspect>d__23:MoveNext () (at /private/tmp/t0-case-thread-p1-native-20260910/build-project/Assets/_Project/App/T0GameSession.cs:366)
Tide.App.T0CaseThreadSmoke/<Start>d__11:MoveNext () (at /private/tmp/t0-case-thread-p1-native-20260910/build-project/Assets/_Project/App/T0GameSession.cs:295)
UnityEngine.SetupCoroutine:InvokeMoveNext (System.Collections.IEnumerator,intptr) (at /Users/bokken/build/output/unity/unity/Runtime/Export/Scripting/Coroutines.cs:17)

(Filename: /Users/bokken/build/output/unity/unity/Runtime/Export/Debug/Debug.bindings.cs Line: 123)

T0_CASE_THREAD_CHECK start-0-of-2: objective visible
UnityEngine.Debug:ExtractStackTraceNoAlloc (byte*,int,string)
UnityEngine.StackTraceUtility:ExtractStackTrace () (at /Users/bokken/build/output/unity/unity/Runtime/Export/Scripting/StackTrace.cs:35)
UnityEngine.DebugLogHandler:Internal_Log (UnityEngine.LogType,UnityEngine.LogOption,string,UnityEngine.Object)
UnityEngine.DebugLogHandler:LogFormat (UnityEngine.LogType,UnityEngine.Object,string,object[]) (at /Users/bokken/build/output/unity/unity/Runtime/Export/Logging/DebugLogHandler.cs:9)
UnityEngine.Logger:Log (UnityEngine.LogType,object) (at /Users/bokken/build/output/unity/unity/Runtime/Export/Logging/Logger.cs:60)
UnityEngine.Debug:Log (object) (at /Users/bokken/build/output/unity/unity/Runtime/Export/Debug/Debug.bindings.cs:123)
Tide.App.T0CaseThreadSmoke:Require (bool,string) (at /private/tmp/t0-case-thread-p1-native-20260910/build-project/Assets/_Project/App/T0GameSession.cs:304)
Tide.App.T0CaseThreadSmoke/<Inspect>d__23:MoveNext () (at /private/tmp/t0-case-thread-p1-native-20260910/build-project/Assets/_Project/App/T0GameSession.cs:366)
Tide.App.T0CaseThreadSmoke/<Start>d__11:MoveNext () (at /private/tmp/t0-case-thread-p1-native-20260910/build-project/Assets/_Project/App/T0GameSession.cs:295)
UnityEngine.SetupCoroutine:InvokeMoveNext (System.Collections.IEnumerator,intptr) (at /Users/bokken/build/output/unity/unity/Runtime/Export/Scripting/Coroutines.cs:17)

(Filename: /Users/bokken/build/output/unity/unity/Runtime/Export/Debug/Debug.bindings.cs Line: 123)

T0_CASE_THREAD_CHECK start-0-of-2: 0/2 visible
UnityEngine.Debug:ExtractStackTraceNoAlloc (byte*,int,string)
UnityEngine.StackTraceUtility:ExtractStackTrace () (at /Users/bokken/build/output/unity/unity/Runtime/Export/Scripting/StackTrace.cs:35)
UnityEngine.DebugLogHandler:Internal_Log (UnityEngine.LogType,UnityEngine.LogOption,string,UnityEngine.Object)
UnityEngine.DebugLogHandler:LogFormat (UnityEngine.LogType,UnityEngine.Object,string,object[]) (at /Users/bokken/build/output/unity/unity/Runtime/Export/Logging/DebugLogHandler.cs:9)
UnityEngine.Logger:Log (UnityEngine.LogType,object) (at /Users/bokken/build/output/unity/unity/Runtime/Export/Logging/Logger.cs:60)
UnityEngine.Debug:Log (object) (at /Users/bokken/build/output/unity/unity/Runtime/Export/Debug/Debug.bindings.cs:123)
Tide.App.T0CaseThreadSmoke:Require (bool,string) (at /private/tmp/t0-case-thread-p1-native-20260910/build-project/Assets/_Project/App/T0GameSession.cs:304)
Tide.App.T0CaseThreadSmoke/<Inspect>d__23:MoveNext () (at /private/tmp/t0-case-thread-p1-native-20260910/build-project/Assets/_Project/App/T0GameSession.cs:367)
Tide.App.T0CaseThreadSmoke/<Start>d__11:MoveNext () (at /private/tmp/t0-case-thread-p1-native-20260910/build-project/Assets/_Project/App/T0GameSession.cs:295)
UnityEngine.SetupCoroutine:InvokeMoveNext (System.Collections.IEnumerator,intptr) (at /Users/bokken/build/output/unity/unity/Runtime/Export/Scripting/Coroutines.cs:17)

(Filename: /Users/bokken/build/output/unity/unity/Runtime/Export/Debug/Debug.bindings.cs Line: 123)

T0_CASE_THREAD_CHECK start-0-of-2: next line present
UnityEngine.Debug:ExtractStackTraceNoAlloc (byte*,int,string)
UnityEngine.StackTraceUtility:ExtractStackTrace () (at /Users/bokken/build/output/unity/unity/Runtime/Export/Scripting/StackTrace.cs:35)
UnityEngine.DebugLogHandler:Internal_Log (UnityEngine.LogType,UnityEngine.LogOption,string,UnityEngine.Object)
UnityEngine.DebugLogHandler:LogFormat (UnityEngine.LogType,UnityEngine.Object,string,object[]) (at /Users/bokken/build/output/unity/unity/Runtime/Export/Logging/DebugLogHandler.cs:9)
UnityEngine.Logger:Log (UnityEngine.LogType,object) (at /Users/bokken/build/output/unity/unity/Runtime/Export/Logging/Logger.cs:60)
UnityEngine.Debug:Log (object) (at /Users/bokken/build/output/unity/unity/Runtime/Export/Debug/Debug.bindings.cs:123)
Tide.App.T0CaseThreadSmoke:Require (bool,string) (at /private/tmp/t0-case-thread-p1-native-20260910/build-project/Assets/_Project/App/T0GameSession.cs:304)
Tide.App.T0CaseThreadSmoke:GenericGuidance (UnityEngine.UI.Text,string) (at /private/tmp/t0-case-thread-p1-native-20260910/build-project/Assets/_Project/App/T0GameSession.cs:356)
Tide.App.T0CaseThreadSmoke/<Inspect>d__23:MoveNext () (at /private/tmp/t0-case-thread-p1-native-20260910/build-project/Assets/_Project/App/T0GameSession.cs:368)
Tide.App.T0CaseThreadSmoke/<Start>d__11:MoveNext () (at /private/tmp/t0-case-thread-p1-native-20260910/build-project/Assets/_Project/App/T0GameSession.cs:295)
UnityEngine.SetupCoroutine:InvokeMoveNext (System.Collections.IEnumerator,intptr) (at /Users/bokken/build/output/unity/unity/Runtime/Export/Scripting/Coroutines.cs:17)

(Filename: /Users/bokken/build/output/unity/unity/Runtime/Export/Debug/Debug.bindings.cs Line: 123)

T0_CASE_THREAD_CHECK start-0-of-2: next line is generic objective guidance: 기록을 읽고 근거를 살펴보세요.
UnityEngine.Debug:ExtractStackTraceNoAlloc (byte*,int,string)
UnityEngine.StackTraceUtility:ExtractStackTrace () (at /Users/bokken/build/output/unity/unity/Runtime/Export/Scripting/StackTrace.cs:35)
UnityEngine.DebugLogHandler:Internal_Log (UnityEngine.LogType,UnityEngine.LogOption,string,UnityEngine.Object)
UnityEngine.DebugLogHandler:LogFormat (UnityEngine.LogType,UnityEngine.Object,string,object[]) (at /Users/bokken/build/output/unity/unity/Runtime/Export/Logging/DebugLogHandler.cs:9)
UnityEngine.Logger:Log (UnityEngine.LogType,object) (at /Users/bokken/build/output/unity/unity/Runtime/Export/Logging/Logger.cs:60)
UnityEngine.Debug:Log (object) (at /Users/bokken/build/output/unity/unity/Runtime/Export/Debug/Debug.bindings.cs:123)
Tide.App.T0CaseThreadSmoke:Require (bool,string) (at /private/tmp/t0-case-thread-p1-native-20260910/build-project/Assets/_Project/App/T0GameSession.cs:304)
Tide.App.T0CaseThreadSmoke:GenericGuidance (UnityEngine.UI.Text,string) (at /private/tmp/t0-case-thread-p1-native-20260910/build-project/Assets/_Project/App/T0GameSession.cs:358)
Tide.App.T0CaseThreadSmoke/<Inspect>d__23:MoveNext () (at /private/tmp/t0-case-thread-p1-native-20260910/build-project/Assets/_Project/App/T0GameSession.cs:368)
Tide.App.T0CaseThreadSmoke/<Start>d__11:MoveNext () (at /private/tmp/t0-case-thread-p1-native-20260910/build-project/Assets/_Project/App/T0GameSession.cs:295)
UnityEngine.SetupCoroutine:InvokeMoveNext (System.Collections.IEnumerator,intptr) (at /Users/bokken/build/output/unity/unity/Runtime/Export/Scripting/Coroutines.cs:17)

(Filename: /Users/bokken/build/output/unity/unity/Runtime/Export/Debug/Debug.bindings.cs Line: 123)

T0_CASE_THREAD_CHECK start-0-of-2: no disclosure of rec-handover-brief
UnityEngine.Debug:ExtractStackTraceNoAlloc (byte*,int,string)
UnityEngine.StackTraceUtility:ExtractStackTrace () (at /Users/bokken/build/output/unity/unity/Runtime/Export/Scripting/StackTrace.cs:35)
UnityEngine.DebugLogHandler:Internal_Log (UnityEngine.LogType,UnityEngine.LogOption,string,UnityEngine.Object)
UnityEngine.DebugLogHandler:LogFormat (UnityEngine.LogType,UnityEngine.Object,string,object[]) (at /Users/bokken/build/output/unity/unity/Runtime/Export/Logging/DebugLogHandler.cs:9)
UnityEngine.Logger:Log (UnityEngine.LogType,object) (at /Users/bokken/build/output/unity/unity/Runtime/Export/Logging/Logger.cs:60)
UnityEngine.Debug:Log (object) (at /Users/bokken/build/output/unity/unity/Runtime/Export/Debug/Debug.bindings.cs:123)
Tide.App.T0CaseThreadSmoke:Require (bool,string) (at /private/tmp/t0-case-thread-p1-native-20260910/build-project/Assets/_Project/App/T0GameSession.cs:304)
Tide.App.T0CaseThreadSmoke:GenericGuidance (UnityEngine.UI.Text,string) (at /private/tmp/t0-case-thread-p1-native-20260910/build-project/Assets/_Project/App/T0GameSession.cs:359)
Tide.App.T0CaseThreadSmoke/<Inspect>d__23:MoveNext () (at /private/tmp/t0-case-thread-p1-native-20260910/build-project/Assets/_Project/App/T0GameSession.cs:368)
Tide.App.T0CaseThreadSmoke/<Start>d__11:MoveNext () (at /private/tmp/t0-case-thread-p1-native-20260910/build-project/Assets/_Project/App/T0GameSession.cs:295)
UnityEngine.SetupCoroutine:InvokeMoveNext (System.Collections.IEnumerator,intptr) (at /Users/bokken/build/output/unity/unity/Runtime/Export/Scripting/Coroutines.cs:17)

(Filename: /Users/bokken/build/output/unity/unity/Runtime/Export/Debug/Debug.bindings.cs Line: 123)

T0_CASE_THREAD_CHECK start-0-of-2: no disclosure of rec-plate-standard-hub
UnityEngine.Debug:ExtractStackTraceNoAlloc (byte*,int,string)
UnityEngine.StackTraceUtility:ExtractStackTrace () (at /Users/bokken/build/output/unity/unity/Runtime/Export/Scripting/StackTrace.cs:35)
UnityEngine.DebugLogHandler:Internal_Log (UnityEngine.LogType,UnityEngine.LogOption,string,UnityEngine.Object)
UnityEngine.DebugLogHandler:LogFormat (UnityEngine.LogType,UnityEngine.Object,string,object[]) (at /Users/bokken/build/output/unity/unity/Runtime/Export/Logging/DebugLogHandler.cs:9)
UnityEngine.Logger:Log (UnityEngine.LogType,object) (at /Users/bokken/build/output/unity/unity/Runtime/Export/Logging/Logger.cs:60)
UnityEngine.Debug:Log (object) (at /Users/bokken/build/output/unity/unity/Runtime/Export/Debug/Debug.bindings.cs:123)
Tide.App.T0CaseThreadSmoke:Require (bool,string) (at /private/tmp/t0-case-thread-p1-native-20260910/build-project/Assets/_Project/App/T0GameSession.cs:304)
Tide.App.T0CaseThreadSmoke:GenericGuidance (UnityEngine.UI.Text,string) (at /private/tmp/t0-case-thread-p1-native-20260910/build-project/Assets/_Project/App/T0GameSession.cs:359)
Tide.App.T0CaseThreadSmoke/<Inspect>d__23:MoveNext () (at /private/tmp/t0-case-thread-p1-native-20260910/build-project/Assets/_Project/App/T0GameSession.cs:368)
Tide.App.T0CaseThreadSmoke/<Start>d__11:MoveNext () (at /private/tmp/t0-case-thread-p1-native-20260910/build-project/Assets/_Project/App/T0GameSession.cs:295)
UnityEngine.SetupCoroutine:InvokeMoveNext (System.Collections.IEnumerator,intptr) (at /Users/bokken/build/output/unity/unity/Runtime/Export/Scripting/Coroutines.cs:17)

(Filename: /Users/bokken/build/output/unity/unity/Runtime/Export/Debug/Debug.bindings.cs Line: 123)

T0_CASE_THREAD_CHECK start-0-of-2: no disclosure of rec-tide-ledger-bureau
UnityEngine.Debug:ExtractStackTraceNoAlloc (byte*,int,string)
UnityEngine.StackTraceUtility:ExtractStackTrace () (at /Users/bokken/build/output/unity/unity/Runtime/Export/Scripting/StackTrace.cs:35)
UnityEngine.DebugLogHandler:Internal_Log (UnityEngine.LogType,UnityEngine.LogOption,string,UnityEngine.Object)
UnityEngine.DebugLogHandler:LogFormat (UnityEngine.LogType,UnityEngine.Object,string,object[]) (at /Users/bokken/build/output/unity/unity/Runtime/Export/Logging/DebugLogHandler.cs:9)
UnityEngine.Logger:Log (UnityEngine.LogType,object) (at /Users/bokken/build/output/unity/unity/Runtime/Export/Logging/Logger.cs:60)
UnityEngine.Debug:Log (object) (at /Users/bokken/build/output/unity/unity/Runtime/Export/Debug/Debug.bindings.cs:123)
Tide.App.T0CaseThreadSmoke:Require (bool,string) (at /private/tmp/t0-case-thread-p1-native-20260910/build-project/Assets/_Project/App/T0GameSession.cs:304)
Tide.App.T0CaseThreadSmoke:GenericGuidance (UnityEngine.UI.Text,string) (at /private/tmp/t0-case-thread-p1-native-20260910/build-project/Assets/_Project/App/T0GameSession.cs:359)
Tide.App.T0CaseThreadSmoke/<Inspect>d__23:MoveNext () (at /private/tmp/t0-case-thread-p1-native-20260910/build-project/Assets/_Project/App/T0GameSession.cs:368)
Tide.App.T0CaseThreadSmoke/<Start>d__11:MoveNext () (at /private/tmp/t0-case-thread-p1-native-20260910/build-project/Assets/_Project/App/T0GameSession.cs:295)
UnityEngine.SetupCoroutine:InvokeMoveNext (System.Collections.IEnumerator,intptr) (at /Users/bokken/build/output/unity/unity/Runtime/Export/Scripting/Coroutines.cs:17)

(Filename: /Users/bokken/build/output/unity/unity/Runtime/Export/Debug/Debug.bindings.cs Line: 123)

T0_CASE_THREAD_CHECK start-0-of-2: no disclosure of rec-transfer-list
UnityEngine.Debug:ExtractStackTraceNoAlloc (byte*,int,string)
UnityEngine.StackTraceUtility:ExtractStackTrace () (at /Users/bokken/build/output/unity/unity/Runtime/Export/Scripting/StackTrace.cs:35)
UnityEngine.DebugLogHandler:Internal_Log (UnityEngine.LogType,UnityEngine.LogOption,string,UnityEngine.Object)
UnityEngine.DebugLogHandler:LogFormat (UnityEngine.LogType,UnityEngine.Object,string,object[]) (at /Users/bokken/build/output/unity/unity/Runtime/Export/Logging/DebugLogHandler.cs:9)
UnityEngine.Logger:Log (UnityEngine.LogType,object) (at /Users/bokken/build/output/unity/unity/Runtime/Export/Logging/Logger.cs:60)
UnityEngine.Debug:Log (object) (at /Users/bokken/build/output/unity/unity/Runtime/Export/Debug/Debug.bindings.cs:123)
Tide.App.T0CaseThreadSmoke:Require (bool,string) (at /private/tmp/t0-case-thread-p1-native-20260910/build-project/Assets/_Project/App/T0GameSession.cs:304)
Tide.App.T0CaseThreadSmoke:GenericGuidance (UnityEngine.UI.Text,string) (at /private/tmp/t0-case-thread-p1-native-20260910/build-project/Assets/_Project/App/T0GameSession.cs:359)
Tide.App.T0CaseThreadSmoke/<Inspect>d__23:MoveNext () (at /private/tmp/t0-case-thread-p1-native-20260910/build-project/Assets/_Project/App/T0GameSession.cs:368)
Tide.App.T0CaseThreadSmoke/<Start>d__11:MoveNext () (at /private/tmp/t0-case-thread-p1-native-20260910/build-project/Assets/_Project/App/T0GameSession.cs:295)
UnityEngine.SetupCoroutine:InvokeMoveNext (System.Collections.IEnumerator,intptr) (at /Users/bokken/build/output/unity/unity/Runtime/Export/Scripting/Coroutines.cs:17)

(Filename: /Users/bokken/build/output/unity/unity/Runtime/Export/Debug/Debug.bindings.cs Line: 123)

T0_CASE_THREAD_CHECK start-0-of-2: no disclosure of rec-watchlog-bureau
UnityEngine.Debug:ExtractStackTraceNoAlloc (byte*,int,string)
UnityEngine.StackTraceUtility:ExtractStackTrace () (at /Users/bokken/build/output/unity/unity/Runtime/Export/Scripting/StackTrace.cs:35)
UnityEngine.DebugLogHandler:Internal_Log (UnityEngine.LogType,UnityEngine.LogOption,string,UnityEngine.Object)
UnityEngine.DebugLogHandler:LogFormat (UnityEngine.LogType,UnityEngine.Object,string,object[]) (at /Users/bokken/build/output/unity/unity/Runtime/Export/Logging/DebugLogHandler.cs:9)
UnityEngine.Logger:Log (UnityEngine.LogType,object) (at /Users/bokken/build/output/unity/unity/Runtime/Export/Logging/Logger.cs:60)
UnityEngine.Debug:Log (object) (at /Users/bokken/build/output/unity/unity/Runtime/Export/Debug/Debug.bindings.cs:123)
Tide.App.T0CaseThreadSmoke:Require (bool,string) (at /private/tmp/t0-case-thread-p1-native-20260910/build-project/Assets/_Project/App/T0GameSession.cs:304)
Tide.App.T0CaseThreadSmoke:GenericGuidance (UnityEngine.UI.Text,string) (at /private/tmp/t0-case-thread-p1-native-20260910/build-project/Assets/_Project/App/T0GameSession.cs:359)
Tide.App.T0CaseThreadSmoke/<Inspect>d__23:MoveNext () (at /private/tmp/t0-case-thread-p1-native-20260910/build-project/Assets/_Project/App/T0GameSession.cs:368)
Tide.App.T0CaseThreadSmoke/<Start>d__11:MoveNext () (at /private/tmp/t0-case-thread-p1-native-20260910/build-project/Assets/_Project/App/T0GameSession.cs:295)
UnityEngine.SetupCoroutine:InvokeMoveNext (System.Collections.IEnumerator,intptr) (at /Users/bokken/build/output/unity/unity/Runtime/Export/Scripting/Coroutines.cs:17)

(Filename: /Users/bokken/build/output/unity/unity/Runtime/Export/Debug/Debug.bindings.cs Line: 123)

T0_CASE_THREAD_CHECK start-0-of-2: no disclosure of 근무 규정 필사본
UnityEngine.Debug:ExtractStackTraceNoAlloc (byte*,int,string)
UnityEngine.StackTraceUtility:ExtractStackTrace () (at /Users/bokken/build/output/unity/unity/Runtime/Export/Scripting/StackTrace.cs:35)
UnityEngine.DebugLogHandler:Internal_Log (UnityEngine.LogType,UnityEngine.LogOption,string,UnityEngine.Object)
UnityEngine.DebugLogHandler:LogFormat (UnityEngine.LogType,UnityEngine.Object,string,object[]) (at /Users/bokken/build/output/unity/unity/Runtime/Export/Logging/DebugLogHandler.cs:9)
UnityEngine.Logger:Log (UnityEngine.LogType,object) (at /Users/bokken/build/output/unity/unity/Runtime/Export/Logging/Logger.cs:60)
UnityEngine.Debug:Log (object) (at /Users/bokken/build/output/unity/unity/Runtime/Export/Debug/Debug.bindings.cs:123)
Tide.App.T0CaseThreadSmoke:Require (bool,string) (at /private/tmp/t0-case-thread-p1-native-20260910/build-project/Assets/_Project/App/T0GameSession.cs:304)
Tide.App.T0CaseThreadSmoke:GenericGuidance (UnityEngine.UI.Text,string) (at /private/tmp/t0-case-thread-p1-native-20260910/build-project/Assets/_Project/App/T0GameSession.cs:359)
Tide.App.T0CaseThreadSmoke/<Inspect>d__23:MoveNext () (at /private/tmp/t0-case-thread-p1-native-20260910/build-project/Assets/_Project/App/T0GameSession.cs:368)
Tide.App.T0CaseThreadSmoke/<Start>d__11:MoveNext () (at /private/tmp/t0-case-thread-p1-native-20260910/build-project/Assets/_Project/App/T0GameSession.cs:295)
UnityEngine.SetupCoroutine:InvokeMoveNext (System.Collections.IEnumerator,intptr) (at /Users/bokken/build/output/unity/unity/Runtime/Export/Scripting/Coroutines.cs:17)

(Filename: /Users/bokken/build/output/unity/unity/Runtime/Export/Debug/Debug.bindings.cs Line: 123)

T0_CASE_THREAD_CHECK start-0-of-2: no disclosure of 기록국 조위대장
UnityEngine.Debug:ExtractStackTraceNoAlloc (byte*,int,string)
UnityEngine.StackTraceUtility:ExtractStackTrace () (at /Users/bokken/build/output/unity/unity/Runtime/Export/Scripting/StackTrace.cs:35)
UnityEngine.DebugLogHandler:Internal_Log (UnityEngine.LogType,UnityEngine.LogOption,string,UnityEngine.Object)
UnityEngine.DebugLogHandler:LogFormat (UnityEngine.LogType,UnityEngine.Object,string,object[]) (at /Users/bokken/build/output/unity/unity/Runtime/Export/Logging/DebugLogHandler.cs:9)
UnityEngine.Logger:Log (UnityEngine.LogType,object) (at /Users/bokken/build/output/unity/unity/Runtime/Export/Logging/Logger.cs:60)
UnityEngine.Debug:Log (object) (at /Users/bokken/build/output/unity/unity/Runtime/Export/Debug/Debug.bindings.cs:123)
Tide.App.T0CaseThreadSmoke:Require (bool,string) (at /private/tmp/t0-case-thread-p1-native-20260910/build-project/Assets/_Project/App/T0GameSession.cs:304)
Tide.App.T0CaseThreadSmoke:GenericGuidance (UnityEngine.UI.Text,string) (at /private/tmp/t0-case-thread-p1-native-20260910/build-project/Assets/_Project/App/T0GameSession.cs:359)
Tide.App.T0CaseThreadSmoke/<Inspect>d__23:MoveNext () (at /private/tmp/t0-case-thread-p1-native-20260910/build-project/Assets/_Project/App/T0GameSession.cs:368)
Tide.App.T0CaseThreadSmoke/<Start>d__11:MoveNext () (at /private/tmp/t0-case-thread-p1-native-20260910/build-project/Assets/_Project/App/T0GameSession.cs:295)
UnityEngine.SetupCoroutine:InvokeMoveNext (System.Collections.IEnumerator,intptr) (at /Users/bokken/build/output/unity/unity/Runtime/Export/Scripting/Coroutines.cs:17)

(Filename: /Users/bokken/build/output/unity/unity/Runtime/Export/Debug/Debug.bindings.cs Line: 123)

T0_CASE_THREAD_CHECK start-0-of-2: no disclosure of 당직실 표준판
UnityEngine.Debug:ExtractStackTraceNoAlloc (byte*,int,string)
UnityEngine.StackTraceUtility:ExtractStackTrace () (at /Users/bokken/build/output/unity/unity/Runtime/Export/Scripting/StackTrace.cs:35)
UnityEngine.DebugLogHandler:Internal_Log (UnityEngine.LogType,UnityEngine.LogOption,string,UnityEngine.Object)
UnityEngine.DebugLogHandler:LogFormat (UnityEngine.LogType,UnityEngine.Object,string,object[]) (at /Users/bokken/build/output/unity/unity/Runtime/Export/Logging/DebugLogHandler.cs:9)
UnityEngine.Logger:Log (UnityEngine.LogType,object) (at /Users/bokken/build/output/unity/unity/Runtime/Export/Logging/Logger.cs:60)
UnityEngine.Debug:Log (object) (at /Users/bokken/build/output/unity/unity/Runtime/Export/Debug/Debug.bindings.cs:123)
Tide.App.T0CaseThreadSmoke:Require (bool,string) (at /private/tmp/t0-case-thread-p1-native-20260910/build-project/Assets/_Project/App/T0GameSession.cs:304)
Tide.App.T0CaseThreadSmoke:GenericGuidance (UnityEngine.UI.Text,string) (at /private/tmp/t0-case-thread-p1-native-20260910/build-project/Assets/_Project/App/T0GameSession.cs:359)
Tide.App.T0CaseThreadSmoke/<Inspect>d__23:MoveNext () (at /private/tmp/t0-case-thread-p1-native-20260910/build-project/Assets/_Project/App/T0GameSession.cs:368)
Tide.App.T0CaseThreadSmoke/<Start>d__11:MoveNext () (at /private/tmp/t0-case-thread-p1-native-20260910/build-project/Assets/_Project/App/T0GameSession.cs:295)
UnityEngine.SetupCoroutine:InvokeMoveNext (System.Collections.IEnumerator,intptr) (at /Users/bokken/build/output/unity/unity/Runtime/Export/Scripting/Coroutines.cs:17)

(Filename: /Users/bokken/build/output/unity/unity/Runtime/Export/Debug/Debug.bindings.cs Line: 123)

T0_CASE_THREAD_CHECK start-0-of-2: no disclosure of 이관 목록
UnityEngine.Debug:ExtractStackTraceNoAlloc (byte*,int,string)
UnityEngine.StackTraceUtility:ExtractStackTrace () (at /Users/bokken/build/output/unity/unity/Runtime/Export/Scripting/StackTrace.cs:35)
UnityEngine.DebugLogHandler:Internal_Log (UnityEngine.LogType,UnityEngine.LogOption,string,UnityEngine.Object)
UnityEngine.DebugLogHandler:LogFormat (UnityEngine.LogType,UnityEngine.Object,string,object[]) (at /Users/bokken/build/output/unity/unity/Runtime/Export/Logging/DebugLogHandler.cs:9)
UnityEngine.Logger:Log (UnityEngine.LogType,object) (at /Users/bokken/build/output/unity/unity/Runtime/Export/Logging/Logger.cs:60)
UnityEngine.Debug:Log (object) (at /Users/bokken/build/output/unity/unity/Runtime/Export/Debug/Debug.bindings.cs:123)
Tide.App.T0CaseThreadSmoke:Require (bool,string) (at /private/tmp/t0-case-thread-p1-native-20260910/build-project/Assets/_Project/App/T0GameSession.cs:304)
Tide.App.T0CaseThreadSmoke:GenericGuidance (UnityEngine.UI.Text,string) (at /private/tmp/t0-case-thread-p1-native-20260910/build-project/Assets/_Project/App/T0GameSession.cs:359)
Tide.App.T0CaseThreadSmoke/<Inspect>d__23:MoveNext () (at /private/tmp/t0-case-thread-p1-native-20260910/build-project/Assets/_Project/App/T0GameSession.cs:368)
Tide.App.T0CaseThreadSmoke/<Start>d__11:MoveNext () (at /private/tmp/t0-case-thread-p1-native-20260910/build-project/Assets/_Project/App/T0GameSession.cs:295)
UnityEngine.SetupCoroutine:InvokeMoveNext (System.Collections.IEnumerator,intptr) (at /Users/bokken/build/output/unity/unity/Runtime/Export/Scripting/Coroutines.cs:17)

(Filename: /Users/bokken/build/output/unity/unity/Runtime/Export/Debug/Debug.bindings.cs Line: 123)

T0_CASE_THREAD_CHECK start-0-of-2: no disclosure of 인수 각서
UnityEngine.Debug:ExtractStackTraceNoAlloc (byte*,int,string)
UnityEngine.StackTraceUtility:ExtractStackTrace () (at /Users/bokken/build/output/unity/unity/Runtime/Export/Scripting/StackTrace.cs:35)
UnityEngine.DebugLogHandler:Internal_Log (UnityEngine.LogType,UnityEngine.LogOption,string,UnityEngine.Object)
UnityEngine.DebugLogHandler:LogFormat (UnityEngine.LogType,UnityEngine.Object,string,object[]) (at /Users/bokken/build/output/unity/unity/Runtime/Export/Logging/DebugLogHandler.cs:9)
UnityEngine.Logger:Log (UnityEngine.LogType,object) (at /Users/bokken/build/output/unity/unity/Runtime/Export/Logging/Logger.cs:60)
UnityEngine.Debug:Log (object) (at /Users/bokken/build/output/unity/unity/Runtime/Export/Debug/Debug.bindings.cs:123)
Tide.App.T0CaseThreadSmoke:Require (bool,string) (at /private/tmp/t0-case-thread-p1-native-20260910/build-project/Assets/_Project/App/T0GameSession.cs:304)
Tide.App.T0CaseThreadSmoke:GenericGuidance (UnityEngine.UI.Text,string) (at /private/tmp/t0-case-thread-p1-native-20260910/build-project/Assets/_Project/App/T0GameSession.cs:359)
Tide.App.T0CaseThreadSmoke/<Inspect>d__23:MoveNext () (at /private/tmp/t0-case-thread-p1-native-20260910/build-project/Assets/_Project/App/T0GameSession.cs:368)
Tide.App.T0CaseThreadSmoke/<Start>d__11:MoveNext () (at /private/tmp/t0-case-thread-p1-native-20260910/build-project/Assets/_Project/App/T0GameSession.cs:295)
UnityEngine.SetupCoroutine:InvokeMoveNext (System.Collections.IEnumerator,intptr) (at /Users/bokken/build/output/unity/unity/Runtime/Export/Scripting/Coroutines.cs:17)

(Filename: /Users/bokken/build/output/unity/unity/Runtime/Export/Debug/Debug.bindings.cs Line: 123)

T0_CASE_THREAD_CHECK start-0-of-2: no disclosure of 원판
UnityEngine.Debug:ExtractStackTraceNoAlloc (byte*,int,string)
UnityEngine.StackTraceUtility:ExtractStackTrace () (at /Users/bokken/build/output/unity/unity/Runtime/Export/Scripting/StackTrace.cs:35)
UnityEngine.DebugLogHandler:Internal_Log (UnityEngine.LogType,UnityEngine.LogOption,string,UnityEngine.Object)
UnityEngine.DebugLogHandler:LogFormat (UnityEngine.LogType,UnityEngine.Object,string,object[]) (at /Users/bokken/build/output/unity/unity/Runtime/Export/Logging/DebugLogHandler.cs:9)
UnityEngine.Logger:Log (UnityEngine.LogType,object) (at /Users/bokken/build/output/unity/unity/Runtime/Export/Logging/Logger.cs:60)
UnityEngine.Debug:Log (object) (at /Users/bokken/build/output/unity/unity/Runtime/Export/Debug/Debug.bindings.cs:123)
Tide.App.T0CaseThreadSmoke:Require (bool,string) (at /private/tmp/t0-case-thread-p1-native-20260910/build-project/Assets/_Project/App/T0GameSession.cs:304)
Tide.App.T0CaseThreadSmoke:GenericGuidance (UnityEngine.UI.Text,string) (at /private/tmp/t0-case-thread-p1-native-20260910/build-project/Assets/_Project/App/T0GameSession.cs:359)
Tide.App.T0CaseThreadSmoke/<Inspect>d__23:MoveNext () (at /private/tmp/t0-case-thread-p1-native-20260910/build-project/Assets/_Project/App/T0GameSession.cs:368)
Tide.App.T0CaseThreadSmoke/<Start>d__11:MoveNext () (at /private/tmp/t0-case-thread-p1-native-20260910/build-project/Assets/_Project/App/T0GameSession.cs:295)
UnityEngine.SetupCoroutine:InvokeMoveNext (System.Collections.IEnumerator,intptr) (at /Users/bokken/build/output/unity/unity/Runtime/Export/Scripting/Coroutines.cs:17)

(Filename: /Users/bokken/build/output/unity/unity/Runtime/Export/Debug/Debug.bindings.cs Line: 123)

T0_CASE_THREAD_CHECK start-0-of-2: no disclosure of 장부
UnityEngine.Debug:ExtractStackTraceNoAlloc (byte*,int,string)
UnityEngine.StackTraceUtility:ExtractStackTrace () (at /Users/bokken/build/output/unity/unity/Runtime/Export/Scripting/StackTrace.cs:35)
UnityEngine.DebugLogHandler:Internal_Log (UnityEngine.LogType,UnityEngine.LogOption,string,UnityEngine.Object)
UnityEngine.DebugLogHandler:LogFormat (UnityEngine.LogType,UnityEngine.Object,string,object[]) (at /Users/bokken/build/output/unity/unity/Runtime/Export/Logging/DebugLogHandler.cs:9)
UnityEngine.Logger:Log (UnityEngine.LogType,object) (at /Users/bokken/build/output/unity/unity/Runtime/Export/Logging/Logger.cs:60)
UnityEngine.Debug:Log (object) (at /Users/bokken/build/output/unity/unity/Runtime/Export/Debug/Debug.bindings.cs:123)
Tide.App.T0CaseThreadSmoke:Require (bool,string) (at /private/tmp/t0-case-thread-p1-native-20260910/build-project/Assets/_Project/App/T0GameSession.cs:304)
Tide.App.T0CaseThreadSmoke:GenericGuidance (UnityEngine.UI.Text,string) (at /private/tmp/t0-case-thread-p1-native-20260910/build-project/Assets/_Project/App/T0GameSession.cs:359)
Tide.App.T0CaseThreadSmoke/<Inspect>d__23:MoveNext () (at /private/tmp/t0-case-thread-p1-native-20260910/build-project/Assets/_Project/App/T0GameSession.cs:368)
Tide.App.T0CaseThreadSmoke/<Start>d__11:MoveNext () (at /private/tmp/t0-case-thread-p1-native-20260910/build-project/Assets/_Project/App/T0GameSession.cs:295)
UnityEngine.SetupCoroutine:InvokeMoveNext (System.Collections.IEnumerator,intptr) (at /Users/bokken/build/output/unity/unity/Runtime/Export/Scripting/Coroutines.cs:17)

(Filename: /Users/bokken/build/output/unity/unity/Runtime/Export/Debug/Debug.bindings.cs Line: 123)

T0_CASE_THREAD_CHECK start-0-of-2: no disclosure of 당직일지
UnityEngine.Debug:ExtractStackTraceNoAlloc (byte*,int,string)
UnityEngine.StackTraceUtility:ExtractStackTrace () (at /Users/bokken/build/output/unity/unity/Runtime/Export/Scripting/StackTrace.cs:35)
UnityEngine.DebugLogHandler:Internal_Log (UnityEngine.LogType,UnityEngine.LogOption,string,UnityEngine.Object)
UnityEngine.DebugLogHandler:LogFormat (UnityEngine.LogType,UnityEngine.Object,string,object[]) (at /Users/bokken/build/output/unity/unity/Runtime/Export/Logging/DebugLogHandler.cs:9)
UnityEngine.Logger:Log (UnityEngine.LogType,object) (at /Users/bokken/build/output/unity/unity/Runtime/Export/Logging/Logger.cs:60)
UnityEngine.Debug:Log (object) (at /Users/bokken/build/output/unity/unity/Runtime/Export/Debug/Debug.bindings.cs:123)
Tide.App.T0CaseThreadSmoke:Require (bool,string) (at /private/tmp/t0-case-thread-p1-native-20260910/build-project/Assets/_Project/App/T0GameSession.cs:304)
Tide.App.T0CaseThreadSmoke:GenericGuidance (UnityEngine.UI.Text,string) (at /private/tmp/t0-case-thread-p1-native-20260910/build-project/Assets/_Project/App/T0GameSession.cs:359)
Tide.App.T0CaseThreadSmoke/<Inspect>d__23:MoveNext () (at /private/tmp/t0-case-thread-p1-native-20260910/build-project/Assets/_Project/App/T0GameSession.cs:368)
Tide.App.T0CaseThreadSmoke/<Start>d__11:MoveNext () (at /private/tmp/t0-case-thread-p1-native-20260910/build-project/Assets/_Project/App/T0GameSession.cs:295)
UnityEngine.SetupCoroutine:InvokeMoveNext (System.Collections.IEnumerator,intptr) (at /Users/bokken/build/output/unity/unity/Runtime/Export/Scripting/Coroutines.cs:17)

(Filename: /Users/bokken/build/output/unity/unity/Runtime/Export/Debug/Debug.bindings.cs Line: 123)

T0_CASE_THREAD_CHECK start-0-of-2: no disclosure of H-1
UnityEngine.Debug:ExtractStackTraceNoAlloc (byte*,int,string)
UnityEngine.StackTraceUtility:ExtractStackTrace () (at /Users/bokken/build/output/unity/unity/Runtime/Export/Scripting/StackTrace.cs:35)
UnityEngine.DebugLogHandler:Internal_Log (UnityEngine.LogType,UnityEngine.LogOption,string,UnityEngine.Object)
UnityEngine.DebugLogHandler:LogFormat (UnityEngine.LogType,UnityEngine.Object,string,object[]) (at /Users/bokken/build/output/unity/unity/Runtime/Export/Logging/DebugLogHandler.cs:9)
UnityEngine.Logger:Log (UnityEngine.LogType,object) (at /Users/bokken/build/output/unity/unity/Runtime/Export/Logging/Logger.cs:60)
UnityEngine.Debug:Log (object) (at /Users/bokken/build/output/unity/unity/Runtime/Export/Debug/Debug.bindings.cs:123)
Tide.App.T0CaseThreadSmoke:Require (bool,string) (at /private/tmp/t0-case-thread-p1-native-20260910/build-project/Assets/_Project/App/T0GameSession.cs:304)
Tide.App.T0CaseThreadSmoke:GenericGuidance (UnityEngine.UI.Text,string) (at /private/tmp/t0-case-thread-p1-native-20260910/build-project/Assets/_Project/App/T0GameSession.cs:359)
Tide.App.T0CaseThreadSmoke/<Inspect>d__23:MoveNext () (at /private/tmp/t0-case-thread-p1-native-20260910/build-project/Assets/_Project/App/T0GameSession.cs:368)
Tide.App.T0CaseThreadSmoke/<Start>d__11:MoveNext () (at /private/tmp/t0-case-thread-p1-native-20260910/build-project/Assets/_Project/App/T0GameSession.cs:295)
UnityEngine.SetupCoroutine:InvokeMoveNext (System.Collections.IEnumerator,intptr) (at /Users/bokken/build/output/unity/unity/Runtime/Export/Scripting/Coroutines.cs:17)

(Filename: /Users/bokken/build/output/unity/unity/Runtime/Export/Debug/Debug.bindings.cs Line: 123)

T0_CASE_THREAD_CHECK start-0-of-2: no disclosure of H+3
UnityEngine.Debug:ExtractStackTraceNoAlloc (byte*,int,string)
UnityEngine.StackTraceUtility:ExtractStackTrace () (at /Users/bokken/build/output/unity/unity/Runtime/Export/Scripting/StackTrace.cs:35)
UnityEngine.DebugLogHandler:Internal_Log (UnityEngine.LogType,UnityEngine.LogOption,string,UnityEngine.Object)
UnityEngine.DebugLogHandler:LogFormat (UnityEngine.LogType,UnityEngine.Object,string,object[]) (at /Users/bokken/build/output/unity/unity/Runtime/Export/Logging/DebugLogHandler.cs:9)
UnityEngine.Logger:Log (UnityEngine.LogType,object) (at /Users/bokken/build/output/unity/unity/Runtime/Export/Logging/Logger.cs:60)
UnityEngine.Debug:Log (object) (at /Users/bokken/build/output/unity/unity/Runtime/Export/Debug/Debug.bindings.cs:123)
Tide.App.T0CaseThreadSmoke:Require (bool,string) (at /private/tmp/t0-case-thread-p1-native-20260910/build-project/Assets/_Project/App/T0GameSession.cs:304)
Tide.App.T0CaseThreadSmoke:GenericGuidance (UnityEngine.UI.Text,string) (at /private/tmp/t0-case-thread-p1-native-20260910/build-project/Assets/_Project/App/T0GameSession.cs:359)
Tide.App.T0CaseThreadSmoke/<Inspect>d__23:MoveNext () (at /private/tmp/t0-case-thread-p1-native-20260910/build-project/Assets/_Project/App/T0GameSession.cs:368)
Tide.App.T0CaseThreadSmoke/<Start>d__11:MoveNext () (at /private/tmp/t0-case-thread-p1-native-20260910/build-project/Assets/_Project/App/T0GameSession.cs:295)
UnityEngine.SetupCoroutine:InvokeMoveNext (System.Collections.IEnumerator,intptr) (at /Users/bokken/build/output/unity/unity/Runtime/Export/Scripting/Coroutines.cs:17)

(Filename: /Users/bokken/build/output/unity/unity/Runtime/Export/Debug/Debug.bindings.cs Line: 123)

T0_CASE_THREAD_CHECK start-0-of-2: no disclosure of 단일 사고
UnityEngine.Debug:ExtractStackTraceNoAlloc (byte*,int,string)
UnityEngine.StackTraceUtility:ExtractStackTrace () (at /Users/bokken/build/output/unity/unity/Runtime/Export/Scripting/StackTrace.cs:35)
UnityEngine.DebugLogHandler:Internal_Log (UnityEngine.LogType,UnityEngine.LogOption,string,UnityEngine.Object)
UnityEngine.DebugLogHandler:LogFormat (UnityEngine.LogType,UnityEngine.Object,string,object[]) (at /Users/bokken/build/output/unity/unity/Runtime/Export/Logging/DebugLogHandler.cs:9)
UnityEngine.Logger:Log (UnityEngine.LogType,object) (at /Users/bokken/build/output/unity/unity/Runtime/Export/Logging/Logger.cs:60)
UnityEngine.Debug:Log (object) (at /Users/bokken/build/output/unity/unity/Runtime/Export/Debug/Debug.bindings.cs:123)
Tide.App.T0CaseThreadSmoke:Require (bool,string) (at /private/tmp/t0-case-thread-p1-native-20260910/build-project/Assets/_Project/App/T0GameSession.cs:304)
Tide.App.T0CaseThreadSmoke:GenericGuidance (UnityEngine.UI.Text,string) (at /private/tmp/t0-case-thread-p1-native-20260910/build-project/Assets/_Project/App/T0GameSession.cs:359)
Tide.App.T0CaseThreadSmoke/<Inspect>d__23:MoveNext () (at /private/tmp/t0-case-thread-p1-native-20260910/build-project/Assets/_Project/App/T0GameSession.cs:368)
Tide.App.T0CaseThreadSmoke/<Start>d__11:MoveNext () (at /private/tmp/t0-case-thread-p1-native-20260910/build-project/Assets/_Project/App/T0GameSession.cs:295)
UnityEngine.SetupCoroutine:InvokeMoveNext (System.Collections.IEnumerator,intptr) (at /Users/bokken/build/output/unity/unity/Runtime/Export/Scripting/Coroutines.cs:17)

(Filename: /Users/bokken/build/output/unity/unity/Runtime/Export/Debug/Debug.bindings.cs Line: 123)

T0_CASE_THREAD_CHECK start-0-of-2: no disclosure of 유지 실패
UnityEngine.Debug:ExtractStackTraceNoAlloc (byte*,int,string)
UnityEngine.StackTraceUtility:ExtractStackTrace () (at /Users/bokken/build/output/unity/unity/Runtime/Export/Scripting/StackTrace.cs:35)
UnityEngine.DebugLogHandler:Internal_Log (UnityEngine.LogType,UnityEngine.LogOption,string,UnityEngine.Object)
UnityEngine.DebugLogHandler:LogFormat (UnityEngine.LogType,UnityEngine.Object,string,object[]) (at /Users/bokken/build/output/unity/unity/Runtime/Export/Logging/DebugLogHandler.cs:9)
UnityEngine.Logger:Log (UnityEngine.LogType,object) (at /Users/bokken/build/output/unity/unity/Runtime/Export/Logging/Logger.cs:60)
UnityEngine.Debug:Log (object) (at /Users/bokken/build/output/unity/unity/Runtime/Export/Debug/Debug.bindings.cs:123)
Tide.App.T0CaseThreadSmoke:Require (bool,string) (at /private/tmp/t0-case-thread-p1-native-20260910/build-project/Assets/_Project/App/T0GameSession.cs:304)
Tide.App.T0CaseThreadSmoke:GenericGuidance (UnityEngine.UI.Text,string) (at /private/tmp/t0-case-thread-p1-native-20260910/build-project/Assets/_Project/App/T0GameSession.cs:359)
Tide.App.T0CaseThreadSmoke/<Inspect>d__23:MoveNext () (at /private/tmp/t0-case-thread-p1-native-20260910/build-project/Assets/_Project/App/T0GameSession.cs:368)
Tide.App.T0CaseThreadSmoke/<Start>d__11:MoveNext () (at /private/tmp/t0-case-thread-p1-native-20260910/build-project/Assets/_Project/App/T0GameSession.cs:295)
UnityEngine.SetupCoroutine:InvokeMoveNext (System.Collections.IEnumerator,intptr) (at /Users/bokken/build/output/unity/unity/Runtime/Export/Scripting/Coroutines.cs:17)

(Filename: /Users/bokken/build/output/unity/unity/Runtime/Export/Debug/Debug.bindings.cs Line: 123)

T0_CASE_THREAD_CHECK start-0-of-2: no disclosure of 서명 순서
UnityEngine.Debug:ExtractStackTraceNoAlloc (byte*,int,string)
UnityEngine.StackTraceUtility:ExtractStackTrace () (at /Users/bokken/build/output/unity/unity/Runtime/Export/Scripting/StackTrace.cs:35)
UnityEngine.DebugLogHandler:Internal_Log (UnityEngine.LogType,UnityEngine.LogOption,string,UnityEngine.Object)
UnityEngine.DebugLogHandler:LogFormat (UnityEngine.LogType,UnityEngine.Object,string,object[]) (at /Users/bokken/build/output/unity/unity/Runtime/Export/Logging/DebugLogHandler.cs:9)
UnityEngine.Logger:Log (UnityEngine.LogType,object) (at /Users/bokken/build/output/unity/unity/Runtime/Export/Logging/Logger.cs:60)
UnityEngine.Debug:Log (object) (at /Users/bokken/build/output/unity/unity/Runtime/Export/Debug/Debug.bindings.cs:123)
Tide.App.T0CaseThreadSmoke:Require (bool,string) (at /private/tmp/t0-case-thread-p1-native-20260910/build-project/Assets/_Project/App/T0GameSession.cs:304)
Tide.App.T0CaseThreadSmoke:GenericGuidance (UnityEngine.UI.Text,string) (at /private/tmp/t0-case-thread-p1-native-20260910/build-project/Assets/_Project/App/T0GameSession.cs:359)
Tide.App.T0CaseThreadSmoke/<Inspect>d__23:MoveNext () (at /private/tmp/t0-case-thread-p1-native-20260910/build-project/Assets/_Project/App/T0GameSession.cs:368)
Tide.App.T0CaseThreadSmoke/<Start>d__11:MoveNext () (at /private/tmp/t0-case-thread-p1-native-20260910/build-project/Assets/_Project/App/T0GameSession.cs:295)
UnityEngine.SetupCoroutine:InvokeMoveNext (System.Collections.IEnumerator,intptr) (at /Users/bokken/build/output/unity/unity/Runtime/Export/Scripting/Coroutines.cs:17)

(Filename: /Users/bokken/build/output/unity/unity/Runtime/Export/Debug/Debug.bindings.cs Line: 123)

T0_CASE_THREAD_CHECK start-0-of-2: no disclosure of 책임 사슬
UnityEngine.Debug:ExtractStackTraceNoAlloc (byte*,int,string)
UnityEngine.StackTraceUtility:ExtractStackTrace () (at /Users/bokken/build/output/unity/unity/Runtime/Export/Scripting/StackTrace.cs:35)
UnityEngine.DebugLogHandler:Internal_Log (UnityEngine.LogType,UnityEngine.LogOption,string,UnityEngine.Object)
UnityEngine.DebugLogHandler:LogFormat (UnityEngine.LogType,UnityEngine.Object,string,object[]) (at /Users/bokken/build/output/unity/unity/Runtime/Export/Logging/DebugLogHandler.cs:9)
UnityEngine.Logger:Log (UnityEngine.LogType,object) (at /Users/bokken/build/output/unity/unity/Runtime/Export/Logging/Logger.cs:60)
UnityEngine.Debug:Log (object) (at /Users/bokken/build/output/unity/unity/Runtime/Export/Debug/Debug.bindings.cs:123)
Tide.App.T0CaseThreadSmoke:Require (bool,string) (at /private/tmp/t0-case-thread-p1-native-20260910/build-project/Assets/_Project/App/T0GameSession.cs:304)
Tide.App.T0CaseThreadSmoke:GenericGuidance (UnityEngine.UI.Text,string) (at /private/tmp/t0-case-thread-p1-native-20260910/build-project/Assets/_Project/App/T0GameSession.cs:359)
Tide.App.T0CaseThreadSmoke/<Inspect>d__23:MoveNext () (at /private/tmp/t0-case-thread-p1-native-20260910/build-project/Assets/_Project/App/T0GameSession.cs:368)
Tide.App.T0CaseThreadSmoke/<Start>d__11:MoveNext () (at /private/tmp/t0-case-thread-p1-native-20260910/build-project/Assets/_Project/App/T0GameSession.cs:295)
UnityEngine.SetupCoroutine:InvokeMoveNext (System.Collections.IEnumerator,intptr) (at /Users/bokken/build/output/unity/unity/Runtime/Export/Scripting/Coroutines.cs:17)

(Filename: /Users/bokken/build/output/unity/unity/Runtime/Export/Debug/Debug.bindings.cs Line: 123)

T0_CASE_THREAD_CHECK start-0-of-2: no disclosure of offset-left
UnityEngine.Debug:ExtractStackTraceNoAlloc (byte*,int,string)
UnityEngine.StackTraceUtility:ExtractStackTrace () (at /Users/bokken/build/output/unity/unity/Runtime/Export/Scripting/StackTrace.cs:35)
UnityEngine.DebugLogHandler:Internal_Log (UnityEngine.LogType,UnityEngine.LogOption,string,UnityEngine.Object)
UnityEngine.DebugLogHandler:LogFormat (UnityEngine.LogType,UnityEngine.Object,string,object[]) (at /Users/bokken/build/output/unity/unity/Runtime/Export/Logging/DebugLogHandler.cs:9)
UnityEngine.Logger:Log (UnityEngine.LogType,object) (at /Users/bokken/build/output/unity/unity/Runtime/Export/Logging/Logger.cs:60)
UnityEngine.Debug:Log (object) (at /Users/bokken/build/output/unity/unity/Runtime/Export/Debug/Debug.bindings.cs:123)
Tide.App.T0CaseThreadSmoke:Require (bool,string) (at /private/tmp/t0-case-thread-p1-native-20260910/build-project/Assets/_Project/App/T0GameSession.cs:304)
Tide.App.T0CaseThreadSmoke:GenericGuidance (UnityEngine.UI.Text,string) (at /private/tmp/t0-case-thread-p1-native-20260910/build-project/Assets/_Project/App/T0GameSession.cs:359)
Tide.App.T0CaseThreadSmoke/<Inspect>d__23:MoveNext () (at /private/tmp/t0-case-thread-p1-native-20260910/build-project/Assets/_Project/App/T0GameSession.cs:368)
Tide.App.T0CaseThreadSmoke/<Start>d__11:MoveNext () (at /private/tmp/t0-case-thread-p1-native-20260910/build-project/Assets/_Project/App/T0GameSession.cs:295)
UnityEngine.SetupCoroutine:InvokeMoveNext (System.Collections.IEnumerator,intptr) (at /Users/bokken/build/output/unity/unity/Runtime/Export/Scripting/Coroutines.cs:17)

(Filename: /Users/bokken/build/output/unity/unity/Runtime/Export/Debug/Debug.bindings.cs Line: 123)

T0_CASE_THREAD_CHECK start-0-of-2: no disclosure of offset-up
UnityEngine.Debug:ExtractStackTraceNoAlloc (byte*,int,string)
UnityEngine.StackTraceUtility:ExtractStackTrace () (at /Users/bokken/build/output/unity/unity/Runtime/Export/Scripting/StackTrace.cs:35)
UnityEngine.DebugLogHandler:Internal_Log (UnityEngine.LogType,UnityEngine.LogOption,string,UnityEngine.Object)
UnityEngine.DebugLogHandler:LogFormat (UnityEngine.LogType,UnityEngine.Object,string,object[]) (at /Users/bokken/build/output/unity/unity/Runtime/Export/Logging/DebugLogHandler.cs:9)
UnityEngine.Logger:Log (UnityEngine.LogType,object) (at /Users/bokken/build/output/unity/unity/Runtime/Export/Logging/Logger.cs:60)
UnityEngine.Debug:Log (object) (at /Users/bokken/build/output/unity/unity/Runtime/Export/Debug/Debug.bindings.cs:123)
Tide.App.T0CaseThreadSmoke:Require (bool,string) (at /private/tmp/t0-case-thread-p1-native-20260910/build-project/Assets/_Project/App/T0GameSession.cs:304)
Tide.App.T0CaseThreadSmoke:GenericGuidance (UnityEngine.UI.Text,string) (at /private/tmp/t0-case-thread-p1-native-20260910/build-project/Assets/_Project/App/T0GameSession.cs:359)
Tide.App.T0CaseThreadSmoke/<Inspect>d__23:MoveNext () (at /private/tmp/t0-case-thread-p1-native-20260910/build-project/Assets/_Project/App/T0GameSession.cs:368)
Tide.App.T0CaseThreadSmoke/<Start>d__11:MoveNext () (at /private/tmp/t0-case-thread-p1-native-20260910/build-project/Assets/_Project/App/T0GameSession.cs:295)
UnityEngine.SetupCoroutine:InvokeMoveNext (System.Collections.IEnumerator,intptr) (at /Users/bokken/build/output/unity/unity/Runtime/Export/Scripting/Coroutines.cs:17)

(Filename: /Users/bokken/build/output/unity/unity/Runtime/Export/Debug/Debug.bindings.cs Line: 123)

T0_CASE_THREAD_CHECK start-0-of-2: no authored time window
UnityEngine.Debug:ExtractStackTraceNoAlloc (byte*,int,string)
UnityEngine.StackTraceUtility:ExtractStackTrace () (at /Users/bokken/build/output/unity/unity/Runtime/Export/Scripting/StackTrace.cs:35)
UnityEngine.DebugLogHandler:Internal_Log (UnityEngine.LogType,UnityEngine.LogOption,string,UnityEngine.Object)
UnityEngine.DebugLogHandler:LogFormat (UnityEngine.LogType,UnityEngine.Object,string,object[]) (at /Users/bokken/build/output/unity/unity/Runtime/Export/Logging/DebugLogHandler.cs:9)
UnityEngine.Logger:Log (UnityEngine.LogType,object) (at /Users/bokken/build/output/unity/unity/Runtime/Export/Logging/Logger.cs:60)
UnityEngine.Debug:Log (object) (at /Users/bokken/build/output/unity/unity/Runtime/Export/Debug/Debug.bindings.cs:123)
Tide.App.T0CaseThreadSmoke:Require (bool,string) (at /private/tmp/t0-case-thread-p1-native-20260910/build-project/Assets/_Project/App/T0GameSession.cs:304)
Tide.App.T0CaseThreadSmoke:GenericGuidance (UnityEngine.UI.Text,string) (at /private/tmp/t0-case-thread-p1-native-20260910/build-project/Assets/_Project/App/T0GameSession.cs:360)
Tide.App.T0CaseThreadSmoke/<Inspect>d__23:MoveNext () (at /private/tmp/t0-case-thread-p1-native-20260910/build-project/Assets/_Project/App/T0GameSession.cs:368)
Tide.App.T0CaseThreadSmoke/<Start>d__11:MoveNext () (at /private/tmp/t0-case-thread-p1-native-20260910/build-project/Assets/_Project/App/T0GameSession.cs:295)
UnityEngine.SetupCoroutine:InvokeMoveNext (System.Collections.IEnumerator,intptr) (at /Users/bokken/build/output/unity/unity/Runtime/Export/Scripting/Coroutines.cs:17)

(Filename: /Users/bokken/build/output/unity/unity/Runtime/Export/Debug/Debug.bindings.cs Line: 123)

T0_CASE_THREAD_CHECK start-0-of-2: card text fits allocated height
UnityEngine.Debug:ExtractStackTraceNoAlloc (byte*,int,string)
UnityEngine.StackTraceUtility:ExtractStackTrace () (at /Users/bokken/build/output/unity/unity/Runtime/Export/Scripting/StackTrace.cs:35)
UnityEngine.DebugLogHandler:Internal_Log (UnityEngine.LogType,UnityEngine.LogOption,string,UnityEngine.Object)
UnityEngine.DebugLogHandler:LogFormat (UnityEngine.LogType,UnityEngine.Object,string,object[]) (at /Users/bokken/build/output/unity/unity/Runtime/Export/Logging/DebugLogHandler.cs:9)
UnityEngine.Logger:Log (UnityEngine.LogType,object) (at /Users/bokken/build/output/unity/unity/Runtime/Export/Logging/Logger.cs:60)
UnityEngine.Debug:Log (object) (at /Users/bokken/build/output/unity/unity/Runtime/Export/Debug/Debug.bindings.cs:123)
Tide.App.T0CaseThreadSmoke:Require (bool,string) (at /private/tmp/t0-case-thread-p1-native-20260910/build-project/Assets/_Project/App/T0GameSession.cs:304)
Tide.App.T0CaseThreadSmoke:GenericGuidance (UnityEngine.UI.Text,string) (at /private/tmp/t0-case-thread-p1-native-20260910/build-project/Assets/_Project/App/T0GameSession.cs:361)
Tide.App.T0CaseThreadSmoke/<Inspect>d__23:MoveNext () (at /private/tmp/t0-case-thread-p1-native-20260910/build-project/Assets/_Project/App/T0GameSession.cs:368)
Tide.App.T0CaseThreadSmoke/<Start>d__11:MoveNext () (at /private/tmp/t0-case-thread-p1-native-20260910/build-project/Assets/_Project/App/T0GameSession.cs:295)
UnityEngine.SetupCoroutine:InvokeMoveNext (System.Collections.IEnumerator,intptr) (at /Users/bokken/build/output/unity/unity/Runtime/Export/Scripting/Coroutines.cs:17)

(Filename: /Users/bokken/build/output/unity/unity/Runtime/Export/Debug/Debug.bindings.cs Line: 123)

T0_CASE_THREAD_CHECK start-0-of-2: completion wording matches live state
UnityEngine.Debug:ExtractStackTraceNoAlloc (byte*,int,string)
UnityEngine.StackTraceUtility:ExtractStackTrace () (at /Users/bokken/build/output/unity/unity/Runtime/Export/Scripting/StackTrace.cs:35)
UnityEngine.DebugLogHandler:Internal_Log (UnityEngine.LogType,UnityEngine.LogOption,string,UnityEngine.Object)
UnityEngine.DebugLogHandler:LogFormat (UnityEngine.LogType,UnityEngine.Object,string,object[]) (at /Users/bokken/build/output/unity/unity/Runtime/Export/Logging/DebugLogHandler.cs:9)
UnityEngine.Logger:Log (UnityEngine.LogType,object) (at /Users/bokken/build/output/unity/unity/Runtime/Export/Logging/Logger.cs:60)
UnityEngine.Debug:Log (object) (at /Users/bokken/build/output/unity/unity/Runtime/Export/Debug/Debug.bindings.cs:123)
Tide.App.T0CaseThreadSmoke:Require (bool,string) (at /private/tmp/t0-case-thread-p1-native-20260910/build-project/Assets/_Project/App/T0GameSession.cs:304)
Tide.App.T0CaseThreadSmoke/<Inspect>d__23:MoveNext () (at /private/tmp/t0-case-thread-p1-native-20260910/build-project/Assets/_Project/App/T0GameSession.cs:369)
Tide.App.T0CaseThreadSmoke/<Start>d__11:MoveNext () (at /private/tmp/t0-case-thread-p1-native-20260910/build-project/Assets/_Project/App/T0GameSession.cs:295)
UnityEngine.SetupCoroutine:InvokeMoveNext (System.Collections.IEnumerator,intptr) (at /Users/bokken/build/output/unity/unity/Runtime/Export/Scripting/Coroutines.cs:17)

(Filename: /Users/bokken/build/output/unity/unity/Runtime/Export/Debug/Debug.bindings.cs Line: 123)

T0_CASE_THREAD_CHECK start-0-of-2: live t0-b3 completion agrees
UnityEngine.Debug:ExtractStackTraceNoAlloc (byte*,int,string)
UnityEngine.StackTraceUtility:ExtractStackTrace () (at /Users/bokken/build/output/unity/unity/Runtime/Export/Scripting/StackTrace.cs:35)
UnityEngine.DebugLogHandler:Internal_Log (UnityEngine.LogType,UnityEngine.LogOption,string,UnityEngine.Object)
UnityEngine.DebugLogHandler:LogFormat (UnityEngine.LogType,UnityEngine.Object,string,object[]) (at /Users/bokken/build/output/unity/unity/Runtime/Export/Logging/DebugLogHandler.cs:9)
UnityEngine.Logger:Log (UnityEngine.LogType,object) (at /Users/bokken/build/output/unity/unity/Runtime/Export/Logging/Logger.cs:60)
UnityEngine.Debug:Log (object) (at /Users/bokken/build/output/unity/unity/Runtime/Export/Debug/Debug.bindings.cs:123)
Tide.App.T0CaseThreadSmoke:Require (bool,string) (at /private/tmp/t0-case-thread-p1-native-20260910/build-project/Assets/_Project/App/T0GameSession.cs:304)
Tide.App.T0CaseThreadSmoke/<Inspect>d__23:MoveNext () (at /private/tmp/t0-case-thread-p1-native-20260910/build-project/Assets/_Project/App/T0GameSession.cs:370)
Tide.App.T0CaseThreadSmoke/<Start>d__11:MoveNext () (at /private/tmp/t0-case-thread-p1-native-20260910/build-project/Assets/_Project/App/T0GameSession.cs:295)
UnityEngine.SetupCoroutine:InvokeMoveNext (System.Collections.IEnumerator,intptr) (at /Users/bokken/build/output/unity/unity/Runtime/Export/Scripting/Coroutines.cs:17)

(Filename: /Users/bokken/build/output/unity/unity/Runtime/Export/Debug/Debug.bindings.cs Line: 123)

T0_CASE_THREAD_CHECK start-0-of-2: case thread is read-only and not a pointer target
UnityEngine.Debug:ExtractStackTraceNoAlloc (byte*,int,string)
UnityEngine.StackTraceUtility:ExtractStackTrace () (at /Users/bokken/build/output/unity/unity/Runtime/Export/Scripting/StackTrace.cs:35)
UnityEngine.DebugLogHandler:Internal_Log (UnityEngine.LogType,UnityEngine.LogOption,string,UnityEngine.Object)
UnityEngine.DebugLogHandler:LogFormat (UnityEngine.LogType,UnityEngine.Object,string,object[]) (at /Users/bokken/build/output/unity/unity/Runtime/Export/Logging/DebugLogHandler.cs:9)
UnityEngine.Logger:Log (UnityEngine.LogType,object) (at /Users/bokken/build/output/unity/unity/Runtime/Export/Logging/Logger.cs:60)
UnityEngine.Debug:Log (object) (at /Users/bokken/build/output/unity/unity/Runtime/Export/Debug/Debug.bindings.cs:123)
Tide.App.T0CaseThreadSmoke:Require (bool,string) (at /private/tmp/t0-case-thread-p1-native-20260910/build-project/Assets/_Project/App/T0GameSession.cs:304)
Tide.App.T0CaseThreadSmoke/<Inspect>d__23:MoveNext () (at /private/tmp/t0-case-thread-p1-native-20260910/build-project/Assets/_Project/App/T0GameSession.cs:371)
Tide.App.T0CaseThreadSmoke/<Start>d__11:MoveNext () (at /private/tmp/t0-case-thread-p1-native-20260910/build-project/Assets/_Project/App/T0GameSession.cs:295)
UnityEngine.SetupCoroutine:InvokeMoveNext (System.Collections.IEnumerator,intptr) (at /Users/bokken/build/output/unity/unity/Runtime/Export/Scripting/Coroutines.cs:17)

(Filename: /Users/bokken/build/output/unity/unity/Runtime/Export/Debug/Debug.bindings.cs Line: 123)

T0_CASE_THREAD_CHECK start-0-of-2: card creates no puzzle action
UnityEngine.Debug:ExtractStackTraceNoAlloc (byte*,int,string)
UnityEngine.StackTraceUtility:ExtractStackTrace () (at /Users/bokken/build/output/unity/unity/Runtime/Export/Scripting/StackTrace.cs:35)
UnityEngine.DebugLogHandler:Internal_Log (UnityEngine.LogType,UnityEngine.LogOption,string,UnityEngine.Object)
UnityEngine.DebugLogHandler:LogFormat (UnityEngine.LogType,UnityEngine.Object,string,object[]) (at /Users/bokken/build/output/unity/unity/Runtime/Export/Logging/DebugLogHandler.cs:9)
UnityEngine.Logger:Log (UnityEngine.LogType,object) (at /Users/bokken/build/output/unity/unity/Runtime/Export/Logging/Logger.cs:60)
UnityEngine.Debug:Log (object) (at /Users/bokken/build/output/unity/unity/Runtime/Export/Debug/Debug.bindings.cs:123)
Tide.App.T0CaseThreadSmoke:Require (bool,string) (at /private/tmp/t0-case-thread-p1-native-20260910/build-project/Assets/_Project/App/T0GameSession.cs:304)
Tide.App.T0CaseThreadSmoke/<Inspect>d__23:MoveNext () (at /private/tmp/t0-case-thread-p1-native-20260910/build-project/Assets/_Project/App/T0GameSession.cs:372)
Tide.App.T0CaseThreadSmoke/<Start>d__11:MoveNext () (at /private/tmp/t0-case-thread-p1-native-20260910/build-project/Assets/_Project/App/T0GameSession.cs:295)
UnityEngine.SetupCoroutine:InvokeMoveNext (System.Collections.IEnumerator,intptr) (at /Users/bokken/build/output/unity/unity/Runtime/Export/Scripting/Coroutines.cs:17)

(Filename: /Users/bokken/build/output/unity/unity/Runtime/Export/Debug/Debug.bindings.cs Line: 123)

T0_CASE_THREAD_CHECK start-0-of-2: repeated Render preserves journal, state, receipt count, pending flag and all save file bytes/timestamps
UnityEngine.Debug:ExtractStackTraceNoAlloc (byte*,int,string)
UnityEngine.StackTraceUtility:ExtractStackTrace () (at /Users/bokken/build/output/unity/unity/Runtime/Export/Scripting/StackTrace.cs:35)
UnityEngine.DebugLogHandler:Internal_Log (UnityEngine.LogType,UnityEngine.LogOption,string,UnityEngine.Object)
UnityEngine.DebugLogHandler:LogFormat (UnityEngine.LogType,UnityEngine.Object,string,object[]) (at /Users/bokken/build/output/unity/unity/Runtime/Export/Logging/DebugLogHandler.cs:9)
UnityEngine.Logger:Log (UnityEngine.LogType,object) (at /Users/bokken/build/output/unity/unity/Runtime/Export/Logging/Logger.cs:60)
UnityEngine.Debug:Log (object) (at /Users/bokken/build/output/unity/unity/Runtime/Export/Debug/Debug.bindings.cs:123)
Tide.App.T0CaseThreadSmoke:Require (bool,string) (at /private/tmp/t0-case-thread-p1-native-20260910/build-project/Assets/_Project/App/T0GameSession.cs:304)
Tide.App.T0CaseThreadSmoke/<Inspect>d__23:MoveNext () (at /private/tmp/t0-case-thread-p1-native-20260910/build-project/Assets/_Project/App/T0GameSession.cs:373)
Tide.App.T0CaseThreadSmoke/<Start>d__11:MoveNext () (at /private/tmp/t0-case-thread-p1-native-20260910/build-project/Assets/_Project/App/T0GameSession.cs:295)
UnityEngine.SetupCoroutine:InvokeMoveNext (System.Collections.IEnumerator,intptr) (at /Users/bokken/build/output/unity/unity/Runtime/Export/Scripting/Coroutines.cs:17)

(Filename: /Users/bokken/build/output/unity/unity/Runtime/Export/Debug/Debug.bindings.cs Line: 123)

T0_CASE_THREAD_CHECK start-0-of-2: repeated Render preserves actions and keyboard focus
UnityEngine.Debug:ExtractStackTraceNoAlloc (byte*,int,string)
UnityEngine.StackTraceUtility:ExtractStackTrace () (at /Users/bokken/build/output/unity/unity/Runtime/Export/Scripting/StackTrace.cs:35)
UnityEngine.DebugLogHandler:Internal_Log (UnityEngine.LogType,UnityEngine.LogOption,string,UnityEngine.Object)
UnityEngine.DebugLogHandler:LogFormat (UnityEngine.LogType,UnityEngine.Object,string,object[]) (at /Users/bokken/build/output/unity/unity/Runtime/Export/Logging/DebugLogHandler.cs:9)
UnityEngine.Logger:Log (UnityEngine.LogType,object) (at /Users/bokken/build/output/unity/unity/Runtime/Export/Logging/Logger.cs:60)
UnityEngine.Debug:Log (object) (at /Users/bokken/build/output/unity/unity/Runtime/Export/Debug/Debug.bindings.cs:123)
Tide.App.T0CaseThreadSmoke:Require (bool,string) (at /private/tmp/t0-case-thread-p1-native-20260910/build-project/Assets/_Project/App/T0GameSession.cs:304)
Tide.App.T0CaseThreadSmoke/<Inspect>d__23:MoveNext () (at /private/tmp/t0-case-thread-p1-native-20260910/build-project/Assets/_Project/App/T0GameSession.cs:374)
Tide.App.T0CaseThreadSmoke/<Start>d__11:MoveNext () (at /private/tmp/t0-case-thread-p1-native-20260910/build-project/Assets/_Project/App/T0GameSession.cs:295)
UnityEngine.SetupCoroutine:InvokeMoveNext (System.Collections.IEnumerator,intptr) (at /Users/bokken/build/output/unity/unity/Runtime/Export/Scripting/Coroutines.cs:17)

(Filename: /Users/bokken/build/output/unity/unity/Runtime/Export/Debug/Debug.bindings.cs Line: 123)

T0_CASE_THREAD_CHECK existing start control available
UnityEngine.Debug:ExtractStackTraceNoAlloc (byte*,int,string)
UnityEngine.StackTraceUtility:ExtractStackTrace () (at /Users/bokken/build/output/unity/unity/Runtime/Export/Scripting/StackTrace.cs:35)
UnityEngine.DebugLogHandler:Internal_Log (UnityEngine.LogType,UnityEngine.LogOption,string,UnityEngine.Object)
UnityEngine.DebugLogHandler:LogFormat (UnityEngine.LogType,UnityEngine.Object,string,object[]) (at /Users/bokken/build/output/unity/unity/Runtime/Export/Logging/DebugLogHandler.cs:9)
UnityEngine.Logger:Log (UnityEngine.LogType,object) (at /Users/bokken/build/output/unity/unity/Runtime/Export/Logging/Logger.cs:60)
UnityEngine.Debug:Log (object) (at /Users/bokken/build/output/unity/unity/Runtime/Export/Debug/Debug.bindings.cs:123)
Tide.App.T0CaseThreadSmoke:Require (bool,string) (at /private/tmp/t0-case-thread-p1-native-20260910/build-project/Assets/_Project/App/T0GameSession.cs:304)
Tide.App.T0CaseThreadSmoke/<Run>d__28:MoveNext () (at /private/tmp/t0-case-thread-p1-native-20260910/build-project/Assets/_Project/App/T0GameSession.cs:424)
Tide.App.T0CaseThreadSmoke/<Start>d__11:MoveNext () (at /private/tmp/t0-case-thread-p1-native-20260910/build-project/Assets/_Project/App/T0GameSession.cs:295)
UnityEngine.SetupCoroutine:InvokeMoveNext (System.Collections.IEnumerator,intptr) (at /Users/bokken/build/output/unity/unity/Runtime/Export/Scripting/Coroutines.cs:17)

(Filename: /Users/bokken/build/output/unity/unity/Runtime/Export/Debug/Debug.bindings.cs Line: 123)

T0_CASE_THREAD_CHECK desk investigation active
UnityEngine.Debug:ExtractStackTraceNoAlloc (byte*,int,string)
UnityEngine.StackTraceUtility:ExtractStackTrace () (at /Users/bokken/build/output/unity/unity/Runtime/Export/Scripting/StackTrace.cs:35)
UnityEngine.DebugLogHandler:Internal_Log (UnityEngine.LogType,UnityEngine.LogOption,string,UnityEngine.Object)
UnityEngine.DebugLogHandler:LogFormat (UnityEngine.LogType,UnityEngine.Object,string,object[]) (at /Users/bokken/build/output/unity/unity/Runtime/Export/Logging/DebugLogHandler.cs:9)
UnityEngine.Logger:Log (UnityEngine.LogType,object) (at /Users/bokken/build/output/unity/unity/Runtime/Export/Logging/Logger.cs:60)
UnityEngine.Debug:Log (object) (at /Users/bokken/build/output/unity/unity/Runtime/Export/Debug/Debug.bindings.cs:123)
Tide.App.T0CaseThreadSmoke:Require (bool,string) (at /private/tmp/t0-case-thread-p1-native-20260910/build-project/Assets/_Project/App/T0GameSession.cs:304)
Tide.App.T0CaseThreadSmoke:Desk () (at /private/tmp/t0-case-thread-p1-native-20260910/build-project/Assets/_Project/App/T0GameSession.cs:384)
Tide.App.T0CaseThreadSmoke/<Run>d__28:MoveNext () (at /private/tmp/t0-case-thread-p1-native-20260910/build-project/Assets/_Project/App/T0GameSession.cs:424)
Tide.App.T0CaseThreadSmoke/<Start>d__11:MoveNext () (at /private/tmp/t0-case-thread-p1-native-20260910/build-project/Assets/_Project/App/T0GameSession.cs:295)
UnityEngine.SetupCoroutine:InvokeMoveNext (System.Collections.IEnumerator,intptr) (at /Users/bokken/build/output/unity/unity/Runtime/Export/Scripting/Coroutines.cs:17)

(Filename: /Users/bokken/build/output/unity/unity/Runtime/Export/Debug/Debug.bindings.cs Line: 123)

T0_CASE_THREAD_CHECK save queue settled
UnityEngine.Debug:ExtractStackTraceNoAlloc (byte*,int,string)
UnityEngine.StackTraceUtility:ExtractStackTrace () (at /Users/bokken/build/output/unity/unity/Runtime/Export/Scripting/StackTrace.cs:35)
UnityEngine.DebugLogHandler:Internal_Log (UnityEngine.LogType,UnityEngine.LogOption,string,UnityEngine.Object)
UnityEngine.DebugLogHandler:LogFormat (UnityEngine.LogType,UnityEngine.Object,string,object[]) (at /Users/bokken/build/output/unity/unity/Runtime/Export/Logging/DebugLogHandler.cs:9)
UnityEngine.Logger:Log (UnityEngine.LogType,object) (at /Users/bokken/build/output/unity/unity/Runtime/Export/Logging/Logger.cs:60)
UnityEngine.Debug:Log (object) (at /Users/bokken/build/output/unity/unity/Runtime/Export/Debug/Debug.bindings.cs:123)
Tide.App.T0CaseThreadSmoke:Require (bool,string) (at /private/tmp/t0-case-thread-p1-native-20260910/build-project/Assets/_Project/App/T0GameSession.cs:304)
Tide.App.T0CaseThreadSmoke/<Drain>d__18:MoveNext () (at /private/tmp/t0-case-thread-p1-native-20260910/build-project/Assets/_Project/App/T0GameSession.cs:337)
Tide.App.T0CaseThreadSmoke/<Start>d__11:MoveNext () (at /private/tmp/t0-case-thread-p1-native-20260910/build-project/Assets/_Project/App/T0GameSession.cs:295)
UnityEngine.SetupCoroutine:InvokeMoveNext (System.Collections.IEnumerator,intptr) (at /Users/bokken/build/output/unity/unity/Runtime/Export/Scripting/Coroutines.cs:17)

(Filename: /Users/bokken/build/output/unity/unity/Runtime/Export/Debug/Debug.bindings.cs Line: 123)

T0_CASE_THREAD_CHECK exactly one active CaseThread text
UnityEngine.Debug:ExtractStackTraceNoAlloc (byte*,int,string)
UnityEngine.StackTraceUtility:ExtractStackTrace () (at /Users/bokken/build/output/unity/unity/Runtime/Export/Scripting/StackTrace.cs:35)
UnityEngine.DebugLogHandler:Internal_Log (UnityEngine.LogType,UnityEngine.LogOption,string,UnityEngine.Object)
UnityEngine.DebugLogHandler:LogFormat (UnityEngine.LogType,UnityEngine.Object,string,object[]) (at /Users/bokken/build/output/unity/unity/Runtime/Export/Logging/DebugLogHandler.cs:9)
UnityEngine.Logger:Log (UnityEngine.LogType,object) (at /Users/bokken/build/output/unity/unity/Runtime/Export/Logging/Logger.cs:60)
UnityEngine.Debug:Log (object) (at /Users/bokken/build/output/unity/unity/Runtime/Export/Debug/Debug.bindings.cs:123)
Tide.App.T0CaseThreadSmoke:Require (bool,string) (at /private/tmp/t0-case-thread-p1-native-20260910/build-project/Assets/_Project/App/T0GameSession.cs:304)
Tide.App.T0CaseThreadSmoke:Card () (at /private/tmp/t0-case-thread-p1-native-20260910/build-project/Assets/_Project/App/T0GameSession.cs:341)
Tide.App.T0CaseThreadSmoke/<Inspect>d__23:MoveNext () (at /private/tmp/t0-case-thread-p1-native-20260910/build-project/Assets/_Project/App/T0GameSession.cs:366)
Tide.App.T0CaseThreadSmoke/<Start>d__11:MoveNext () (at /private/tmp/t0-case-thread-p1-native-20260910/build-project/Assets/_Project/App/T0GameSession.cs:295)
UnityEngine.SetupCoroutine:InvokeMoveNext (System.Collections.IEnumerator,intptr) (at /Users/bokken/build/output/unity/unity/Runtime/Export/Scripting/Coroutines.cs:17)

(Filename: /Users/bokken/build/output/unity/unity/Runtime/Export/Debug/Debug.bindings.cs Line: 123)

T0_CASE_THREAD_CHECK initial-0-of-2: objective visible
UnityEngine.Debug:ExtractStackTraceNoAlloc (byte*,int,string)
UnityEngine.StackTraceUtility:ExtractStackTrace () (at /Users/bokken/build/output/unity/unity/Runtime/Export/Scripting/StackTrace.cs:35)
UnityEngine.DebugLogHandler:Internal_Log (UnityEngine.LogType,UnityEngine.LogOption,string,UnityEngine.Object)
UnityEngine.DebugLogHandler:LogFormat (UnityEngine.LogType,UnityEngine.Object,string,object[]) (at /Users/bokken/build/output/unity/unity/Runtime/Export/Logging/DebugLogHandler.cs:9)
UnityEngine.Logger:Log (UnityEngine.LogType,object) (at /Users/bokken/build/output/unity/unity/Runtime/Export/Logging/Logger.cs:60)
UnityEngine.Debug:Log (object) (at /Users/bokken/build/output/unity/unity/Runtime/Export/Debug/Debug.bindings.cs:123)
Tide.App.T0CaseThreadSmoke:Require (bool,string) (at /private/tmp/t0-case-thread-p1-native-20260910/build-project/Assets/_Project/App/T0GameSession.cs:304)
Tide.App.T0CaseThreadSmoke/<Inspect>d__23:MoveNext () (at /private/tmp/t0-case-thread-p1-native-20260910/build-project/Assets/_Project/App/T0GameSession.cs:366)
Tide.App.T0CaseThreadSmoke/<Start>d__11:MoveNext () (at /private/tmp/t0-case-thread-p1-native-20260910/build-project/Assets/_Project/App/T0GameSession.cs:295)
UnityEngine.SetupCoroutine:InvokeMoveNext (System.Collections.IEnumerator,intptr) (at /Users/bokken/build/output/unity/unity/Runtime/Export/Scripting/Coroutines.cs:17)

(Filename: /Users/bokken/build/output/unity/unity/Runtime/Export/Debug/Debug.bindings.cs Line: 123)

T0_CASE_THREAD_CHECK initial-0-of-2: 0/2 visible
UnityEngine.Debug:ExtractStackTraceNoAlloc (byte*,int,string)
UnityEngine.StackTraceUtility:ExtractStackTrace () (at /Users/bokken/build/output/unity/unity/Runtime/Export/Scripting/StackTrace.cs:35)
UnityEngine.DebugLogHandler:Internal_Log (UnityEngine.LogType,UnityEngine.LogOption,string,UnityEngine.Object)
UnityEngine.DebugLogHandler:LogFormat (UnityEngine.LogType,UnityEngine.Object,string,object[]) (at /Users/bokken/build/output/unity/unity/Runtime/Export/Logging/DebugLogHandler.cs:9)
UnityEngine.Logger:Log (UnityEngine.LogType,object) (at /Users/bokken/build/output/unity/unity/Runtime/Export/Logging/Logger.cs:60)
UnityEngine.Debug:Log (object) (at /Users/bokken/build/output/unity/unity/Runtime/Export/Debug/Debug.bindings.cs:123)
Tide.App.T0CaseThreadSmoke:Require (bool,string) (at /private/tmp/t0-case-thread-p1-native-20260910/build-project/Assets/_Project/App/T0GameSession.cs:304)
Tide.App.T0CaseThreadSmoke/<Inspect>d__23:MoveNext () (at /private/tmp/t0-case-thread-p1-native-20260910/build-project/Assets/_Project/App/T0GameSession.cs:367)
Tide.App.T0CaseThreadSmoke/<Start>d__11:MoveNext () (at /private/tmp/t0-case-thread-p1-native-20260910/build-project/Assets/_Project/App/T0GameSession.cs:295)
UnityEngine.SetupCoroutine:InvokeMoveNext (System.Collections.IEnumerator,intptr) (at /Users/bokken/build/output/unity/unity/Runtime/Export/Scripting/Coroutines.cs:17)

(Filename: /Users/bokken/build/output/unity/unity/Runtime/Export/Debug/Debug.bindings.cs Line: 123)

T0_CASE_THREAD_CHECK initial-0-of-2: next line present
UnityEngine.Debug:ExtractStackTraceNoAlloc (byte*,int,string)
UnityEngine.StackTraceUtility:ExtractStackTrace () (at /Users/bokken/build/output/unity/unity/Runtime/Export/Scripting/StackTrace.cs:35)
UnityEngine.DebugLogHandler:Internal_Log (UnityEngine.LogType,UnityEngine.LogOption,string,UnityEngine.Object)
UnityEngine.DebugLogHandler:LogFormat (UnityEngine.LogType,UnityEngine.Object,string,object[]) (at /Users/bokken/build/output/unity/unity/Runtime/Export/Logging/DebugLogHandler.cs:9)
UnityEngine.Logger:Log (UnityEngine.LogType,object) (at /Users/bokken/build/output/unity/unity/Runtime/Export/Logging/Logger.cs:60)
UnityEngine.Debug:Log (object) (at /Users/bokken/build/output/unity/unity/Runtime/Export/Debug/Debug.bindings.cs:123)
Tide.App.T0CaseThreadSmoke:Require (bool,string) (at /private/tmp/t0-case-thread-p1-native-20260910/build-project/Assets/_Project/App/T0GameSession.cs:304)
Tide.App.T0CaseThreadSmoke:GenericGuidance (UnityEngine.UI.Text,string) (at /private/tmp/t0-case-thread-p1-native-20260910/build-project/Assets/_Project/App/T0GameSession.cs:356)
Tide.App.T0CaseThreadSmoke/<Inspect>d__23:MoveNext () (at /private/tmp/t0-case-thread-p1-native-20260910/build-project/Assets/_Project/App/T0GameSession.cs:368)
Tide.App.T0CaseThreadSmoke/<Start>d__11:MoveNext () (at /private/tmp/t0-case-thread-p1-native-20260910/build-project/Assets/_Project/App/T0GameSession.cs:295)
UnityEngine.SetupCoroutine:InvokeMoveNext (System.Collections.IEnumerator,intptr) (at /Users/bokken/build/output/unity/unity/Runtime/Export/Scripting/Coroutines.cs:17)

(Filename: /Users/bokken/build/output/unity/unity/Runtime/Export/Debug/Debug.bindings.cs Line: 123)

T0_CASE_THREAD_CHECK initial-0-of-2: next line is generic objective guidance: 기록을 읽고 근거를 살펴보세요.
UnityEngine.Debug:ExtractStackTraceNoAlloc (byte*,int,string)
UnityEngine.StackTraceUtility:ExtractStackTrace () (at /Users/bokken/build/output/unity/unity/Runtime/Export/Scripting/StackTrace.cs:35)
UnityEngine.DebugLogHandler:Internal_Log (UnityEngine.LogType,UnityEngine.LogOption,string,UnityEngine.Object)
UnityEngine.DebugLogHandler:LogFormat (UnityEngine.LogType,UnityEngine.Object,string,object[]) (at /Users/bokken/build/output/unity/unity/Runtime/Export/Logging/DebugLogHandler.cs:9)
UnityEngine.Logger:Log (UnityEngine.LogType,object) (at /Users/bokken/build/output/unity/unity/Runtime/Export/Logging/Logger.cs:60)
UnityEngine.Debug:Log (object) (at /Users/bokken/build/output/unity/unity/Runtime/Export/Debug/Debug.bindings.cs:123)
Tide.App.T0CaseThreadSmoke:Require (bool,string) (at /private/tmp/t0-case-thread-p1-native-20260910/build-project/Assets/_Project/App/T0GameSession.cs:304)
Tide.App.T0CaseThreadSmoke:GenericGuidance (UnityEngine.UI.Text,string) (at /private/tmp/t0-case-thread-p1-native-20260910/build-project/Assets/_Project/App/T0GameSession.cs:358)
Tide.App.T0CaseThreadSmoke/<Inspect>d__23:MoveNext () (at /private/tmp/t0-case-thread-p1-native-20260910/build-project/Assets/_Project/App/T0GameSession.cs:368)
Tide.App.T0CaseThreadSmoke/<Start>d__11:MoveNext () (at /private/tmp/t0-case-thread-p1-native-20260910/build-project/Assets/_Project/App/T0GameSession.cs:295)
UnityEngine.SetupCoroutine:InvokeMoveNext (System.Collections.IEnumerator,intptr) (at /Users/bokken/build/output/unity/unity/Runtime/Export/Scripting/Coroutines.cs:17)

(Filename: /Users/bokken/build/output/unity/unity/Runtime/Export/Debug/Debug.bindings.cs Line: 123)

T0_CASE_THREAD_CHECK initial-0-of-2: no disclosure of rec-handover-brief
UnityEngine.Debug:ExtractStackTraceNoAlloc (byte*,int,string)
UnityEngine.StackTraceUtility:ExtractStackTrace () (at /Users/bokken/build/output/unity/unity/Runtime/Export/Scripting/StackTrace.cs:35)
UnityEngine.DebugLogHandler:Internal_Log (UnityEngine.LogType,UnityEngine.LogOption,string,UnityEngine.Object)
UnityEngine.DebugLogHandler:LogFormat (UnityEngine.LogType,UnityEngine.Object,string,object[]) (at /Users/bokken/build/output/unity/unity/Runtime/Export/Logging/DebugLogHandler.cs:9)
UnityEngine.Logger:Log (UnityEngine.LogType,object) (at /Users/bokken/build/output/unity/unity/Runtime/Export/Logging/Logger.cs:60)
UnityEngine.Debug:Log (object) (at /Users/bokken/build/output/unity/unity/Runtime/Export/Debug/Debug.bindings.cs:123)
Tide.App.T0CaseThreadSmoke:Require (bool,string) (at /private/tmp/t0-case-thread-p1-native-20260910/build-project/Assets/_Project/App/T0GameSession.cs:304)
Tide.App.T0CaseThreadSmoke:GenericGuidance (UnityEngine.UI.Text,string) (at /private/tmp/t0-case-thread-p1-native-20260910/build-project/Assets/_Project/App/T0GameSession.cs:359)
Tide.App.T0CaseThreadSmoke/<Inspect>d__23:MoveNext () (at /private/tmp/t0-case-thread-p1-native-20260910/build-project/Assets/_Project/App/T0GameSession.cs:368)
Tide.App.T0CaseThreadSmoke/<Start>d__11:MoveNext () (at /private/tmp/t0-case-thread-p1-native-20260910/build-project/Assets/_Project/App/T0GameSession.cs:295)
UnityEngine.SetupCoroutine:InvokeMoveNext (System.Collections.IEnumerator,intptr) (at /Users/bokken/build/output/unity/unity/Runtime/Export/Scripting/Coroutines.cs:17)

(Filename: /Users/bokken/build/output/unity/unity/Runtime/Export/Debug/Debug.bindings.cs Line: 123)

T0_CASE_THREAD_CHECK initial-0-of-2: no disclosure of rec-plate-standard-hub
UnityEngine.Debug:ExtractStackTraceNoAlloc (byte*,int,string)
UnityEngine.StackTraceUtility:ExtractStackTrace () (at /Users/bokken/build/output/unity/unity/Runtime/Export/Scripting/StackTrace.cs:35)
UnityEngine.DebugLogHandler:Internal_Log (UnityEngine.LogType,UnityEngine.LogOption,string,UnityEngine.Object)
UnityEngine.DebugLogHandler:LogFormat (UnityEngine.LogType,UnityEngine.Object,string,object[]) (at /Users/bokken/build/output/unity/unity/Runtime/Export/Logging/DebugLogHandler.cs:9)
UnityEngine.Logger:Log (UnityEngine.LogType,object) (at /Users/bokken/build/output/unity/unity/Runtime/Export/Logging/Logger.cs:60)
UnityEngine.Debug:Log (object) (at /Users/bokken/build/output/unity/unity/Runtime/Export/Debug/Debug.bindings.cs:123)
Tide.App.T0CaseThreadSmoke:Require (bool,string) (at /private/tmp/t0-case-thread-p1-native-20260910/build-project/Assets/_Project/App/T0GameSession.cs:304)
Tide.App.T0CaseThreadSmoke:GenericGuidance (UnityEngine.UI.Text,string) (at /private/tmp/t0-case-thread-p1-native-20260910/build-project/Assets/_Project/App/T0GameSession.cs:359)
Tide.App.T0CaseThreadSmoke/<Inspect>d__23:MoveNext () (at /private/tmp/t0-case-thread-p1-native-20260910/build-project/Assets/_Project/App/T0GameSession.cs:368)
Tide.App.T0CaseThreadSmoke/<Start>d__11:MoveNext () (at /private/tmp/t0-case-thread-p1-native-20260910/build-project/Assets/_Project/App/T0GameSession.cs:295)
UnityEngine.SetupCoroutine:InvokeMoveNext (System.Collections.IEnumerator,intptr) (at /Users/bokken/build/output/unity/unity/Runtime/Export/Scripting/Coroutines.cs:17)

(Filename: /Users/bokken/build/output/unity/unity/Runtime/Export/Debug/Debug.bindings.cs Line: 123)

T0_CASE_THREAD_CHECK initial-0-of-2: no disclosure of rec-tide-ledger-bureau
UnityEngine.Debug:ExtractStackTraceNoAlloc (byte*,int,string)
UnityEngine.StackTraceUtility:ExtractStackTrace () (at /Users/bokken/build/output/unity/unity/Runtime/Export/Scripting/StackTrace.cs:35)
UnityEngine.DebugLogHandler:Internal_Log (UnityEngine.LogType,UnityEngine.LogOption,string,UnityEngine.Object)
UnityEngine.DebugLogHandler:LogFormat (UnityEngine.LogType,UnityEngine.Object,string,object[]) (at /Users/bokken/build/output/unity/unity/Runtime/Export/Logging/DebugLogHandler.cs:9)
UnityEngine.Logger:Log (UnityEngine.LogType,object) (at /Users/bokken/build/output/unity/unity/Runtime/Export/Logging/Logger.cs:60)
UnityEngine.Debug:Log (object) (at /Users/bokken/build/output/unity/unity/Runtime/Export/Debug/Debug.bindings.cs:123)
Tide.App.T0CaseThreadSmoke:Require (bool,string) (at /private/tmp/t0-case-thread-p1-native-20260910/build-project/Assets/_Project/App/T0GameSession.cs:304)
Tide.App.T0CaseThreadSmoke:GenericGuidance (UnityEngine.UI.Text,string) (at /private/tmp/t0-case-thread-p1-native-20260910/build-project/Assets/_Project/App/T0GameSession.cs:359)
Tide.App.T0CaseThreadSmoke/<Inspect>d__23:MoveNext () (at /private/tmp/t0-case-thread-p1-native-20260910/build-project/Assets/_Project/App/T0GameSession.cs:368)
Tide.App.T0CaseThreadSmoke/<Start>d__11:MoveNext () (at /private/tmp/t0-case-thread-p1-native-20260910/build-project/Assets/_Project/App/T0GameSession.cs:295)
UnityEngine.SetupCoroutine:InvokeMoveNext (System.Collections.IEnumerator,intptr) (at /Users/bokken/build/output/unity/unity/Runtime/Export/Scripting/Coroutines.cs:17)

(Filename: /Users/bokken/build/output/unity/unity/Runtime/Export/Debug/Debug.bindings.cs Line: 123)

T0_CASE_THREAD_CHECK initial-0-of-2: no disclosure of rec-transfer-list
UnityEngine.Debug:ExtractStackTraceNoAlloc (byte*,int,string)
UnityEngine.StackTraceUtility:ExtractStackTrace () (at /Users/bokken/build/output/unity/unity/Runtime/Export/Scripting/StackTrace.cs:35)
UnityEngine.DebugLogHandler:Internal_Log (UnityEngine.LogType,UnityEngine.LogOption,string,UnityEngine.Object)
UnityEngine.DebugLogHandler:LogFormat (UnityEngine.LogType,UnityEngine.Object,string,object[]) (at /Users/bokken/build/output/unity/unity/Runtime/Export/Logging/DebugLogHandler.cs:9)
UnityEngine.Logger:Log (UnityEngine.LogType,object) (at /Users/bokken/build/output/unity/unity/Runtime/Export/Logging/Logger.cs:60)
UnityEngine.Debug:Log (object) (at /Users/bokken/build/output/unity/unity/Runtime/Export/Debug/Debug.bindings.cs:123)
Tide.App.T0CaseThreadSmoke:Require (bool,string) (at /private/tmp/t0-case-thread-p1-native-20260910/build-project/Assets/_Project/App/T0GameSession.cs:304)
Tide.App.T0CaseThreadSmoke:GenericGuidance (UnityEngine.UI.Text,string) (at /private/tmp/t0-case-thread-p1-native-20260910/build-project/Assets/_Project/App/T0GameSession.cs:359)
Tide.App.T0CaseThreadSmoke/<Inspect>d__23:MoveNext () (at /private/tmp/t0-case-thread-p1-native-20260910/build-project/Assets/_Project/App/T0GameSession.cs:368)
Tide.App.T0CaseThreadSmoke/<Start>d__11:MoveNext () (at /private/tmp/t0-case-thread-p1-native-20260910/build-project/Assets/_Project/App/T0GameSession.cs:295)
UnityEngine.SetupCoroutine:InvokeMoveNext (System.Collections.IEnumerator,intptr) (at /Users/bokken/build/output/unity/unity/Runtime/Export/Scripting/Coroutines.cs:17)

(Filename: /Users/bokken/build/output/unity/unity/Runtime/Export/Debug/Debug.bindings.cs Line: 123)

T0_CASE_THREAD_CHECK initial-0-of-2: no disclosure of rec-watchlog-bureau
UnityEngine.Debug:ExtractStackTraceNoAlloc (byte*,int,string)
UnityEngine.StackTraceUtility:ExtractStackTrace () (at /Users/bokken/build/output/unity/unity/Runtime/Export/Scripting/StackTrace.cs:35)
UnityEngine.DebugLogHandler:Internal_Log (UnityEngine.LogType,UnityEngine.LogOption,string,UnityEngine.Object)
UnityEngine.DebugLogHandler:LogFormat (UnityEngine.LogType,UnityEngine.Object,string,object[]) (at /Users/bokken/build/output/unity/unity/Runtime/Export/Logging/DebugLogHandler.cs:9)
UnityEngine.Logger:Log (UnityEngine.LogType,object) (at /Users/bokken/build/output/unity/unity/Runtime/Export/Logging/Logger.cs:60)
UnityEngine.Debug:Log (object) (at /Users/bokken/build/output/unity/unity/Runtime/Export/Debug/Debug.bindings.cs:123)
Tide.App.T0CaseThreadSmoke:Require (bool,string) (at /private/tmp/t0-case-thread-p1-native-20260910/build-project/Assets/_Project/App/T0GameSession.cs:304)
Tide.App.T0CaseThreadSmoke:GenericGuidance (UnityEngine.UI.Text,string) (at /private/tmp/t0-case-thread-p1-native-20260910/build-project/Assets/_Project/App/T0GameSession.cs:359)
Tide.App.T0CaseThreadSmoke/<Inspect>d__23:MoveNext () (at /private/tmp/t0-case-thread-p1-native-20260910/build-project/Assets/_Project/App/T0GameSession.cs:368)
Tide.App.T0CaseThreadSmoke/<Start>d__11:MoveNext () (at /private/tmp/t0-case-thread-p1-native-20260910/build-project/Assets/_Project/App/T0GameSession.cs:295)
UnityEngine.SetupCoroutine:InvokeMoveNext (System.Collections.IEnumerator,intptr) (at /Users/bokken/build/output/unity/unity/Runtime/Export/Scripting/Coroutines.cs:17)

(Filename: /Users/bokken/build/output/unity/unity/Runtime/Export/Debug/Debug.bindings.cs Line: 123)

T0_CASE_THREAD_CHECK initial-0-of-2: no disclosure of 근무 규정 필사본
UnityEngine.Debug:ExtractStackTraceNoAlloc (byte*,int,string)
UnityEngine.StackTraceUtility:ExtractStackTrace () (at /Users/bokken/build/output/unity/unity/Runtime/Export/Scripting/StackTrace.cs:35)
UnityEngine.DebugLogHandler:Internal_Log (UnityEngine.LogType,UnityEngine.LogOption,string,UnityEngine.Object)
UnityEngine.DebugLogHandler:LogFormat (UnityEngine.LogType,UnityEngine.Object,string,object[]) (at /Users/bokken/build/output/unity/unity/Runtime/Export/Logging/DebugLogHandler.cs:9)
UnityEngine.Logger:Log (UnityEngine.LogType,object) (at /Users/bokken/build/output/unity/unity/Runtime/Export/Logging/Logger.cs:60)
UnityEngine.Debug:Log (object) (at /Users/bokken/build/output/unity/unity/Runtime/Export/Debug/Debug.bindings.cs:123)
Tide.App.T0CaseThreadSmoke:Require (bool,string) (at /private/tmp/t0-case-thread-p1-native-20260910/build-project/Assets/_Project/App/T0GameSession.cs:304)
Tide.App.T0CaseThreadSmoke:GenericGuidance (UnityEngine.UI.Text,string) (at /private/tmp/t0-case-thread-p1-native-20260910/build-project/Assets/_Project/App/T0GameSession.cs:359)
Tide.App.T0CaseThreadSmoke/<Inspect>d__23:MoveNext () (at /private/tmp/t0-case-thread-p1-native-20260910/build-project/Assets/_Project/App/T0GameSession.cs:368)
Tide.App.T0CaseThreadSmoke/<Start>d__11:MoveNext () (at /private/tmp/t0-case-thread-p1-native-20260910/build-project/Assets/_Project/App/T0GameSession.cs:295)
UnityEngine.SetupCoroutine:InvokeMoveNext (System.Collections.IEnumerator,intptr) (at /Users/bokken/build/output/unity/unity/Runtime/Export/Scripting/Coroutines.cs:17)

(Filename: /Users/bokken/build/output/unity/unity/Runtime/Export/Debug/Debug.bindings.cs Line: 123)

T0_CASE_THREAD_CHECK initial-0-of-2: no disclosure of 기록국 조위대장
UnityEngine.Debug:ExtractStackTraceNoAlloc (byte*,int,string)
UnityEngine.StackTraceUtility:ExtractStackTrace () (at /Users/bokken/build/output/unity/unity/Runtime/Export/Scripting/StackTrace.cs:35)
UnityEngine.DebugLogHandler:Internal_Log (UnityEngine.LogType,UnityEngine.LogOption,string,UnityEngine.Object)
UnityEngine.DebugLogHandler:LogFormat (UnityEngine.LogType,UnityEngine.Object,string,object[]) (at /Users/bokken/build/output/unity/unity/Runtime/Export/Logging/DebugLogHandler.cs:9)
UnityEngine.Logger:Log (UnityEngine.LogType,object) (at /Users/bokken/build/output/unity/unity/Runtime/Export/Logging/Logger.cs:60)
UnityEngine.Debug:Log (object) (at /Users/bokken/build/output/unity/unity/Runtime/Export/Debug/Debug.bindings.cs:123)
Tide.App.T0CaseThreadSmoke:Require (bool,string) (at /private/tmp/t0-case-thread-p1-native-20260910/build-project/Assets/_Project/App/T0GameSession.cs:304)
Tide.App.T0CaseThreadSmoke:GenericGuidance (UnityEngine.UI.Text,string) (at /private/tmp/t0-case-thread-p1-native-20260910/build-project/Assets/_Project/App/T0GameSession.cs:359)
Tide.App.T0CaseThreadSmoke/<Inspect>d__23:MoveNext () (at /private/tmp/t0-case-thread-p1-native-20260910/build-project/Assets/_Project/App/T0GameSession.cs:368)
Tide.App.T0CaseThreadSmoke/<Start>d__11:MoveNext () (at /private/tmp/t0-case-thread-p1-native-20260910/build-project/Assets/_Project/App/T0GameSession.cs:295)
UnityEngine.SetupCoroutine:InvokeMoveNext (System.Collections.IEnumerator,intptr) (at /Users/bokken/build/output/unity/unity/Runtime/Export/Scripting/Coroutines.cs:17)

(Filename: /Users/bokken/build/output/unity/unity/Runtime/Export/Debug/Debug.bindings.cs Line: 123)

T0_CASE_THREAD_CHECK initial-0-of-2: no disclosure of 당직실 표준판
UnityEngine.Debug:ExtractStackTraceNoAlloc (byte*,int,string)
UnityEngine.StackTraceUtility:ExtractStackTrace () (at /Users/bokken/build/output/unity/unity/Runtime/Export/Scripting/StackTrace.cs:35)
UnityEngine.DebugLogHandler:Internal_Log (UnityEngine.LogType,UnityEngine.LogOption,string,UnityEngine.Object)
UnityEngine.DebugLogHandler:LogFormat (UnityEngine.LogType,UnityEngine.Object,string,object[]) (at /Users/bokken/build/output/unity/unity/Runtime/Export/Logging/DebugLogHandler.cs:9)
UnityEngine.Logger:Log (UnityEngine.LogType,object) (at /Users/bokken/build/output/unity/unity/Runtime/Export/Logging/Logger.cs:60)
UnityEngine.Debug:Log (object) (at /Users/bokken/build/output/unity/unity/Runtime/Export/Debug/Debug.bindings.cs:123)
Tide.App.T0CaseThreadSmoke:Require (bool,string) (at /private/tmp/t0-case-thread-p1-native-20260910/build-project/Assets/_Project/App/T0GameSession.cs:304)
Tide.App.T0CaseThreadSmoke:GenericGuidance (UnityEngine.UI.Text,string) (at /private/tmp/t0-case-thread-p1-native-20260910/build-project/Assets/_Project/App/T0GameSession.cs:359)
Tide.App.T0CaseThreadSmoke/<Inspect>d__23:MoveNext () (at /private/tmp/t0-case-thread-p1-native-20260910/build-project/Assets/_Project/App/T0GameSession.cs:368)
Tide.App.T0CaseThreadSmoke/<Start>d__11:MoveNext () (at /private/tmp/t0-case-thread-p1-native-20260910/build-project/Assets/_Project/App/T0GameSession.cs:295)
UnityEngine.SetupCoroutine:InvokeMoveNext (System.Collections.IEnumerator,intptr) (at /Users/bokken/build/output/unity/unity/Runtime/Export/Scripting/Coroutines.cs:17)

(Filename: /Users/bokken/build/output/unity/unity/Runtime/Export/Debug/Debug.bindings.cs Line: 123)

T0_CASE_THREAD_CHECK initial-0-of-2: no disclosure of 이관 목록
UnityEngine.Debug:ExtractStackTraceNoAlloc (byte*,int,string)
UnityEngine.StackTraceUtility:ExtractStackTrace () (at /Users/bokken/build/output/unity/unity/Runtime/Export/Scripting/StackTrace.cs:35)
UnityEngine.DebugLogHandler:Internal_Log (UnityEngine.LogType,UnityEngine.LogOption,string,UnityEngine.Object)
UnityEngine.DebugLogHandler:LogFormat (UnityEngine.LogType,UnityEngine.Object,string,object[]) (at /Users/bokken/build/output/unity/unity/Runtime/Export/Logging/DebugLogHandler.cs:9)
UnityEngine.Logger:Log (UnityEngine.LogType,object) (at /Users/bokken/build/output/unity/unity/Runtime/Export/Logging/Logger.cs:60)
UnityEngine.Debug:Log (object) (at /Users/bokken/build/output/unity/unity/Runtime/Export/Debug/Debug.bindings.cs:123)
Tide.App.T0CaseThreadSmoke:Require (bool,string) (at /private/tmp/t0-case-thread-p1-native-20260910/build-project/Assets/_Project/App/T0GameSession.cs:304)
Tide.App.T0CaseThreadSmoke:GenericGuidance (UnityEngine.UI.Text,string) (at /private/tmp/t0-case-thread-p1-native-20260910/build-project/Assets/_Project/App/T0GameSession.cs:359)
Tide.App.T0CaseThreadSmoke/<Inspect>d__23:MoveNext () (at /private/tmp/t0-case-thread-p1-native-20260910/build-project/Assets/_Project/App/T0GameSession.cs:368)
Tide.App.T0CaseThreadSmoke/<Start>d__11:MoveNext () (at /private/tmp/t0-case-thread-p1-native-20260910/build-project/Assets/_Project/App/T0GameSession.cs:295)
UnityEngine.SetupCoroutine:InvokeMoveNext (System.Collections.IEnumerator,intptr) (at /Users/bokken/build/output/unity/unity/Runtime/Export/Scripting/Coroutines.cs:17)

(Filename: /Users/bokken/build/output/unity/unity/Runtime/Export/Debug/Debug.bindings.cs Line: 123)

T0_CASE_THREAD_CHECK initial-0-of-2: no disclosure of 인수 각서
UnityEngine.Debug:ExtractStackTraceNoAlloc (byte*,int,string)
UnityEngine.StackTraceUtility:ExtractStackTrace () (at /Users/bokken/build/output/unity/unity/Runtime/Export/Scripting/StackTrace.cs:35)
UnityEngine.DebugLogHandler:Internal_Log (UnityEngine.LogType,UnityEngine.LogOption,string,UnityEngine.Object)
UnityEngine.DebugLogHandler:LogFormat (UnityEngine.LogType,UnityEngine.Object,string,object[]) (at /Users/bokken/build/output/unity/unity/Runtime/Export/Logging/DebugLogHandler.cs:9)
UnityEngine.Logger:Log (UnityEngine.LogType,object) (at /Users/bokken/build/output/unity/unity/Runtime/Export/Logging/Logger.cs:60)
UnityEngine.Debug:Log (object) (at /Users/bokken/build/output/unity/unity/Runtime/Export/Debug/Debug.bindings.cs:123)
Tide.App.T0CaseThreadSmoke:Require (bool,string) (at /private/tmp/t0-case-thread-p1-native-20260910/build-project/Assets/_Project/App/T0GameSession.cs:304)
Tide.App.T0CaseThreadSmoke:GenericGuidance (UnityEngine.UI.Text,string) (at /private/tmp/t0-case-thread-p1-native-20260910/build-project/Assets/_Project/App/T0GameSession.cs:359)
Tide.App.T0CaseThreadSmoke/<Inspect>d__23:MoveNext () (at /private/tmp/t0-case-thread-p1-native-20260910/build-project/Assets/_Project/App/T0GameSession.cs:368)
Tide.App.T0CaseThreadSmoke/<Start>d__11:MoveNext () (at /private/tmp/t0-case-thread-p1-native-20260910/build-project/Assets/_Project/App/T0GameSession.cs:295)
UnityEngine.SetupCoroutine:InvokeMoveNext (System.Collections.IEnumerator,intptr) (at /Users/bokken/build/output/unity/unity/Runtime/Export/Scripting/Coroutines.cs:17)

(Filename: /Users/bokken/build/output/unity/unity/Runtime/Export/Debug/Debug.bindings.cs Line: 123)

T0_CASE_THREAD_CHECK initial-0-of-2: no disclosure of 원판
UnityEngine.Debug:ExtractStackTraceNoAlloc (byte*,int,string)
UnityEngine.StackTraceUtility:ExtractStackTrace () (at /Users/bokken/build/output/unity/unity/Runtime/Export/Scripting/StackTrace.cs:35)
UnityEngine.DebugLogHandler:Internal_Log (UnityEngine.LogType,UnityEngine.LogOption,string,UnityEngine.Object)
UnityEngine.DebugLogHandler:LogFormat (UnityEngine.LogType,UnityEngine.Object,string,object[]) (at /Users/bokken/build/output/unity/unity/Runtime/Export/Logging/DebugLogHandler.cs:9)
UnityEngine.Logger:Log (UnityEngine.LogType,object) (at /Users/bokken/build/output/unity/unity/Runtime/Export/Logging/Logger.cs:60)
UnityEngine.Debug:Log (object) (at /Users/bokken/build/output/unity/unity/Runtime/Export/Debug/Debug.bindings.cs:123)
Tide.App.T0CaseThreadSmoke:Require (bool,string) (at /private/tmp/t0-case-thread-p1-native-20260910/build-project/Assets/_Project/App/T0GameSession.cs:304)
Tide.App.T0CaseThreadSmoke:GenericGuidance (UnityEngine.UI.Text,string) (at /private/tmp/t0-case-thread-p1-native-20260910/build-project/Assets/_Project/App/T0GameSession.cs:359)
Tide.App.T0CaseThreadSmoke/<Inspect>d__23:MoveNext () (at /private/tmp/t0-case-thread-p1-native-20260910/build-project/Assets/_Project/App/T0GameSession.cs:368)
Tide.App.T0CaseThreadSmoke/<Start>d__11:MoveNext () (at /private/tmp/t0-case-thread-p1-native-20260910/build-project/Assets/_Project/App/T0GameSession.cs:295)
UnityEngine.SetupCoroutine:InvokeMoveNext (System.Collections.IEnumerator,intptr) (at /Users/bokken/build/output/unity/unity/Runtime/Export/Scripting/Coroutines.cs:17)

(Filename: /Users/bokken/build/output/unity/unity/Runtime/Export/Debug/Debug.bindings.cs Line: 123)

T0_CASE_THREAD_CHECK initial-0-of-2: no disclosure of 장부
UnityEngine.Debug:ExtractStackTraceNoAlloc (byte*,int,string)
UnityEngine.StackTraceUtility:ExtractStackTrace () (at /Users/bokken/build/output/unity/unity/Runtime/Export/Scripting/StackTrace.cs:35)
UnityEngine.DebugLogHandler:Internal_Log (UnityEngine.LogType,UnityEngine.LogOption,string,UnityEngine.Object)
UnityEngine.DebugLogHandler:LogFormat (UnityEngine.LogType,UnityEngine.Object,string,object[]) (at /Users/bokken/build/output/unity/unity/Runtime/Export/Logging/DebugLogHandler.cs:9)
UnityEngine.Logger:Log (UnityEngine.LogType,object) (at /Users/bokken/build/output/unity/unity/Runtime/Export/Logging/Logger.cs:60)
UnityEngine.Debug:Log (object) (at /Users/bokken/build/output/unity/unity/Runtime/Export/Debug/Debug.bindings.cs:123)
Tide.App.T0CaseThreadSmoke:Require (bool,string) (at /private/tmp/t0-case-thread-p1-native-20260910/build-project/Assets/_Project/App/T0GameSession.cs:304)
Tide.App.T0CaseThreadSmoke:GenericGuidance (UnityEngine.UI.Text,string) (at /private/tmp/t0-case-thread-p1-native-20260910/build-project/Assets/_Project/App/T0GameSession.cs:359)
Tide.App.T0CaseThreadSmoke/<Inspect>d__23:MoveNext () (at /private/tmp/t0-case-thread-p1-native-20260910/build-project/Assets/_Project/App/T0GameSession.cs:368)
Tide.App.T0CaseThreadSmoke/<Start>d__11:MoveNext () (at /private/tmp/t0-case-thread-p1-native-20260910/build-project/Assets/_Project/App/T0GameSession.cs:295)
UnityEngine.SetupCoroutine:InvokeMoveNext (System.Collections.IEnumerator,intptr) (at /Users/bokken/build/output/unity/unity/Runtime/Export/Scripting/Coroutines.cs:17)

(Filename: /Users/bokken/build/output/unity/unity/Runtime/Export/Debug/Debug.bindings.cs Line: 123)

T0_CASE_THREAD_CHECK initial-0-of-2: no disclosure of 당직일지
UnityEngine.Debug:ExtractStackTraceNoAlloc (byte*,int,string)
UnityEngine.StackTraceUtility:ExtractStackTrace () (at /Users/bokken/build/output/unity/unity/Runtime/Export/Scripting/StackTrace.cs:35)
UnityEngine.DebugLogHandler:Internal_Log (UnityEngine.LogType,UnityEngine.LogOption,string,UnityEngine.Object)
UnityEngine.DebugLogHandler:LogFormat (UnityEngine.LogType,UnityEngine.Object,string,object[]) (at /Users/bokken/build/output/unity/unity/Runtime/Export/Logging/DebugLogHandler.cs:9)
UnityEngine.Logger:Log (UnityEngine.LogType,object) (at /Users/bokken/build/output/unity/unity/Runtime/Export/Logging/Logger.cs:60)
UnityEngine.Debug:Log (object) (at /Users/bokken/build/output/unity/unity/Runtime/Export/Debug/Debug.bindings.cs:123)
Tide.App.T0CaseThreadSmoke:Require (bool,string) (at /private/tmp/t0-case-thread-p1-native-20260910/build-project/Assets/_Project/App/T0GameSession.cs:304)
Tide.App.T0CaseThreadSmoke:GenericGuidance (UnityEngine.UI.Text,string) (at /private/tmp/t0-case-thread-p1-native-20260910/build-project/Assets/_Project/App/T0GameSession.cs:359)
Tide.App.T0CaseThreadSmoke/<Inspect>d__23:MoveNext () (at /private/tmp/t0-case-thread-p1-native-20260910/build-project/Assets/_Project/App/T0GameSession.cs:368)
Tide.App.T0CaseThreadSmoke/<Start>d__11:MoveNext () (at /private/tmp/t0-case-thread-p1-native-20260910/build-project/Assets/_Project/App/T0GameSession.cs:295)
UnityEngine.SetupCoroutine:InvokeMoveNext (System.Collections.IEnumerator,intptr) (at /Users/bokken/build/output/unity/unity/Runtime/Export/Scripting/Coroutines.cs:17)

(Filename: /Users/bokken/build/output/unity/unity/Runtime/Export/Debug/Debug.bindings.cs Line: 123)

T0_CASE_THREAD_CHECK initial-0-of-2: no disclosure of H-1
UnityEngine.Debug:ExtractStackTraceNoAlloc (byte*,int,string)
UnityEngine.StackTraceUtility:ExtractStackTrace () (at /Users/bokken/build/output/unity/unity/Runtime/Export/Scripting/StackTrace.cs:35)
UnityEngine.DebugLogHandler:Internal_Log (UnityEngine.LogType,UnityEngine.LogOption,string,UnityEngine.Object)
UnityEngine.DebugLogHandler:LogFormat (UnityEngine.LogType,UnityEngine.Object,string,object[]) (at /Users/bokken/build/output/unity/unity/Runtime/Export/Logging/DebugLogHandler.cs:9)
UnityEngine.Logger:Log (UnityEngine.LogType,object) (at /Users/bokken/build/output/unity/unity/Runtime/Export/Logging/Logger.cs:60)
UnityEngine.Debug:Log (object) (at /Users/bokken/build/output/unity/unity/Runtime/Export/Debug/Debug.bindings.cs:123)
Tide.App.T0CaseThreadSmoke:Require (bool,string) (at /private/tmp/t0-case-thread-p1-native-20260910/build-project/Assets/_Project/App/T0GameSession.cs:304)
Tide.App.T0CaseThreadSmoke:GenericGuidance (UnityEngine.UI.Text,string) (at /private/tmp/t0-case-thread-p1-native-20260910/build-project/Assets/_Project/App/T0GameSession.cs:359)
Tide.App.T0CaseThreadSmoke/<Inspect>d__23:MoveNext () (at /private/tmp/t0-case-thread-p1-native-20260910/build-project/Assets/_Project/App/T0GameSession.cs:368)
Tide.App.T0CaseThreadSmoke/<Start>d__11:MoveNext () (at /private/tmp/t0-case-thread-p1-native-20260910/build-project/Assets/_Project/App/T0GameSession.cs:295)
UnityEngine.SetupCoroutine:InvokeMoveNext (System.Collections.IEnumerator,intptr) (at /Users/bokken/build/output/unity/unity/Runtime/Export/Scripting/Coroutines.cs:17)

(Filename: /Users/bokken/build/output/unity/unity/Runtime/Export/Debug/Debug.bindings.cs Line: 123)

T0_CASE_THREAD_CHECK initial-0-of-2: no disclosure of H+3
UnityEngine.Debug:ExtractStackTraceNoAlloc (byte*,int,string)
UnityEngine.StackTraceUtility:ExtractStackTrace () (at /Users/bokken/build/output/unity/unity/Runtime/Export/Scripting/StackTrace.cs:35)
UnityEngine.DebugLogHandler:Internal_Log (UnityEngine.LogType,UnityEngine.LogOption,string,UnityEngine.Object)
UnityEngine.DebugLogHandler:LogFormat (UnityEngine.LogType,UnityEngine.Object,string,object[]) (at /Users/bokken/build/output/unity/unity/Runtime/Export/Logging/DebugLogHandler.cs:9)
UnityEngine.Logger:Log (UnityEngine.LogType,object) (at /Users/bokken/build/output/unity/unity/Runtime/Export/Logging/Logger.cs:60)
UnityEngine.Debug:Log (object) (at /Users/bokken/build/output/unity/unity/Runtime/Export/Debug/Debug.bindings.cs:123)
Tide.App.T0CaseThreadSmoke:Require (bool,string) (at /private/tmp/t0-case-thread-p1-native-20260910/build-project/Assets/_Project/App/T0GameSession.cs:304)
Tide.App.T0CaseThreadSmoke:GenericGuidance (UnityEngine.UI.Text,string) (at /private/tmp/t0-case-thread-p1-native-20260910/build-project/Assets/_Project/App/T0GameSession.cs:359)
Tide.App.T0CaseThreadSmoke/<Inspect>d__23:MoveNext () (at /private/tmp/t0-case-thread-p1-native-20260910/build-project/Assets/_Project/App/T0GameSession.cs:368)
Tide.App.T0CaseThreadSmoke/<Start>d__11:MoveNext () (at /private/tmp/t0-case-thread-p1-native-20260910/build-project/Assets/_Project/App/T0GameSession.cs:295)
UnityEngine.SetupCoroutine:InvokeMoveNext (System.Collections.IEnumerator,intptr) (at /Users/bokken/build/output/unity/unity/Runtime/Export/Scripting/Coroutines.cs:17)

(Filename: /Users/bokken/build/output/unity/unity/Runtime/Export/Debug/Debug.bindings.cs Line: 123)

T0_CASE_THREAD_CHECK initial-0-of-2: no disclosure of 단일 사고
UnityEngine.Debug:ExtractStackTraceNoAlloc (byte*,int,string)
UnityEngine.StackTraceUtility:ExtractStackTrace () (at /Users/bokken/build/output/unity/unity/Runtime/Export/Scripting/StackTrace.cs:35)
UnityEngine.DebugLogHandler:Internal_Log (UnityEngine.LogType,UnityEngine.LogOption,string,UnityEngine.Object)
UnityEngine.DebugLogHandler:LogFormat (UnityEngine.LogType,UnityEngine.Object,string,object[]) (at /Users/bokken/build/output/unity/unity/Runtime/Export/Logging/DebugLogHandler.cs:9)
UnityEngine.Logger:Log (UnityEngine.LogType,object) (at /Users/bokken/build/output/unity/unity/Runtime/Export/Logging/Logger.cs:60)
UnityEngine.Debug:Log (object) (at /Users/bokken/build/output/unity/unity/Runtime/Export/Debug/Debug.bindings.cs:123)
Tide.App.T0CaseThreadSmoke:Require (bool,string) (at /private/tmp/t0-case-thread-p1-native-20260910/build-project/Assets/_Project/App/T0GameSession.cs:304)
Tide.App.T0CaseThreadSmoke:GenericGuidance (UnityEngine.UI.Text,string) (at /private/tmp/t0-case-thread-p1-native-20260910/build-project/Assets/_Project/App/T0GameSession.cs:359)
Tide.App.T0CaseThreadSmoke/<Inspect>d__23:MoveNext () (at /private/tmp/t0-case-thread-p1-native-20260910/build-project/Assets/_Project/App/T0GameSession.cs:368)
Tide.App.T0CaseThreadSmoke/<Start>d__11:MoveNext () (at /private/tmp/t0-case-thread-p1-native-20260910/build-project/Assets/_Project/App/T0GameSession.cs:295)
UnityEngine.SetupCoroutine:InvokeMoveNext (System.Collections.IEnumerator,intptr) (at /Users/bokken/build/output/unity/unity/Runtime/Export/Scripting/Coroutines.cs:17)

(Filename: /Users/bokken/build/output/unity/unity/Runtime/Export/Debug/Debug.bindings.cs Line: 123)

T0_CASE_THREAD_CHECK initial-0-of-2: no disclosure of 유지 실패
UnityEngine.Debug:ExtractStackTraceNoAlloc (byte*,int,string)
UnityEngine.StackTraceUtility:ExtractStackTrace () (at /Users/bokken/build/output/unity/unity/Runtime/Export/Scripting/StackTrace.cs:35)
UnityEngine.DebugLogHandler:Internal_Log (UnityEngine.LogType,UnityEngine.LogOption,string,UnityEngine.Object)
UnityEngine.DebugLogHandler:LogFormat (UnityEngine.LogType,UnityEngine.Object,string,object[]) (at /Users/bokken/build/output/unity/unity/Runtime/Export/Logging/DebugLogHandler.cs:9)
UnityEngine.Logger:Log (UnityEngine.LogType,object) (at /Users/bokken/build/output/unity/unity/Runtime/Export/Logging/Logger.cs:60)
UnityEngine.Debug:Log (object) (at /Users/bokken/build/output/unity/unity/Runtime/Export/Debug/Debug.bindings.cs:123)
Tide.App.T0CaseThreadSmoke:Require (bool,string) (at /private/tmp/t0-case-thread-p1-native-20260910/build-project/Assets/_Project/App/T0GameSession.cs:304)
Tide.App.T0CaseThreadSmoke:GenericGuidance (UnityEngine.UI.Text,string) (at /private/tmp/t0-case-thread-p1-native-20260910/build-project/Assets/_Project/App/T0GameSession.cs:359)
Tide.App.T0CaseThreadSmoke/<Inspect>d__23:MoveNext () (at /private/tmp/t0-case-thread-p1-native-20260910/build-project/Assets/_Project/App/T0GameSession.cs:368)
Tide.App.T0CaseThreadSmoke/<Start>d__11:MoveNext () (at /private/tmp/t0-case-thread-p1-native-20260910/build-project/Assets/_Project/App/T0GameSession.cs:295)
UnityEngine.SetupCoroutine:InvokeMoveNext (System.Collections.IEnumerator,intptr) (at /Users/bokken/build/output/unity/unity/Runtime/Export/Scripting/Coroutines.cs:17)

(Filename: /Users/bokken/build/output/unity/unity/Runtime/Export/Debug/Debug.bindings.cs Line: 123)

T0_CASE_THREAD_CHECK initial-0-of-2: no disclosure of 서명 순서
UnityEngine.Debug:ExtractStackTraceNoAlloc (byte*,int,string)
UnityEngine.StackTraceUtility:ExtractStackTrace () (at /Users/bokken/build/output/unity/unity/Runtime/Export/Scripting/StackTrace.cs:35)
UnityEngine.DebugLogHandler:Internal_Log (UnityEngine.LogType,UnityEngine.LogOption,string,UnityEngine.Object)
UnityEngine.DebugLogHandler:LogFormat (UnityEngine.LogType,UnityEngine.Object,string,object[]) (at /Users/bokken/build/output/unity/unity/Runtime/Export/Logging/DebugLogHandler.cs:9)
UnityEngine.Logger:Log (UnityEngine.LogType,object) (at /Users/bokken/build/output/unity/unity/Runtime/Export/Logging/Logger.cs:60)
UnityEngine.Debug:Log (object) (at /Users/bokken/build/output/unity/unity/Runtime/Export/Debug/Debug.bindings.cs:123)
Tide.App.T0CaseThreadSmoke:Require (bool,string) (at /private/tmp/t0-case-thread-p1-native-20260910/build-project/Assets/_Project/App/T0GameSession.cs:304)
Tide.App.T0CaseThreadSmoke:GenericGuidance (UnityEngine.UI.Text,string) (at /private/tmp/t0-case-thread-p1-native-20260910/build-project/Assets/_Project/App/T0GameSession.cs:359)
Tide.App.T0CaseThreadSmoke/<Inspect>d__23:MoveNext () (at /private/tmp/t0-case-thread-p1-native-20260910/build-project/Assets/_Project/App/T0GameSession.cs:368)
Tide.App.T0CaseThreadSmoke/<Start>d__11:MoveNext () (at /private/tmp/t0-case-thread-p1-native-20260910/build-project/Assets/_Project/App/T0GameSession.cs:295)
UnityEngine.SetupCoroutine:InvokeMoveNext (System.Collections.IEnumerator,intptr) (at /Users/bokken/build/output/unity/unity/Runtime/Export/Scripting/Coroutines.cs:17)

(Filename: /Users/bokken/build/output/unity/unity/Runtime/Export/Debug/Debug.bindings.cs Line: 123)

T0_CASE_THREAD_CHECK initial-0-of-2: no disclosure of 책임 사슬
UnityEngine.Debug:ExtractStackTraceNoAlloc (byte*,int,string)
UnityEngine.StackTraceUtility:ExtractStackTrace () (at /Users/bokken/build/output/unity/unity/Runtime/Export/Scripting/StackTrace.cs:35)
UnityEngine.DebugLogHandler:Internal_Log (UnityEngine.LogType,UnityEngine.LogOption,string,UnityEngine.Object)
UnityEngine.DebugLogHandler:LogFormat (UnityEngine.LogType,UnityEngine.Object,string,object[]) (at /Users/bokken/build/output/unity/unity/Runtime/Export/Logging/DebugLogHandler.cs:9)
UnityEngine.Logger:Log (UnityEngine.LogType,object) (at /Users/bokken/build/output/unity/unity/Runtime/Export/Logging/Logger.cs:60)
UnityEngine.Debug:Log (object) (at /Users/bokken/build/output/unity/unity/Runtime/Export/Debug/Debug.bindings.cs:123)
Tide.App.T0CaseThreadSmoke:Require (bool,string) (at /private/tmp/t0-case-thread-p1-native-20260910/build-project/Assets/_Project/App/T0GameSession.cs:304)
Tide.App.T0CaseThreadSmoke:GenericGuidance (UnityEngine.UI.Text,string) (at /private/tmp/t0-case-thread-p1-native-20260910/build-project/Assets/_Project/App/T0GameSession.cs:359)
Tide.App.T0CaseThreadSmoke/<Inspect>d__23:MoveNext () (at /private/tmp/t0-case-thread-p1-native-20260910/build-project/Assets/_Project/App/T0GameSession.cs:368)
Tide.App.T0CaseThreadSmoke/<Start>d__11:MoveNext () (at /private/tmp/t0-case-thread-p1-native-20260910/build-project/Assets/_Project/App/T0GameSession.cs:295)
UnityEngine.SetupCoroutine:InvokeMoveNext (System.Collections.IEnumerator,intptr) (at /Users/bokken/build/output/unity/unity/Runtime/Export/Scripting/Coroutines.cs:17)

(Filename: /Users/bokken/build/output/unity/unity/Runtime/Export/Debug/Debug.bindings.cs Line: 123)

T0_CASE_THREAD_CHECK initial-0-of-2: no disclosure of offset-left
UnityEngine.Debug:ExtractStackTraceNoAlloc (byte*,int,string)
UnityEngine.StackTraceUtility:ExtractStackTrace () (at /Users/bokken/build/output/unity/unity/Runtime/Export/Scripting/StackTrace.cs:35)
UnityEngine.DebugLogHandler:Internal_Log (UnityEngine.LogType,UnityEngine.LogOption,string,UnityEngine.Object)
UnityEngine.DebugLogHandler:LogFormat (UnityEngine.LogType,UnityEngine.Object,string,object[]) (at /Users/bokken/build/output/unity/unity/Runtime/Export/Logging/DebugLogHandler.cs:9)
UnityEngine.Logger:Log (UnityEngine.LogType,object) (at /Users/bokken/build/output/unity/unity/Runtime/Export/Logging/Logger.cs:60)
UnityEngine.Debug:Log (object) (at /Users/bokken/build/output/unity/unity/Runtime/Export/Debug/Debug.bindings.cs:123)
Tide.App.T0CaseThreadSmoke:Require (bool,string) (at /private/tmp/t0-case-thread-p1-native-20260910/build-project/Assets/_Project/App/T0GameSession.cs:304)
Tide.App.T0CaseThreadSmoke:GenericGuidance (UnityEngine.UI.Text,string) (at /private/tmp/t0-case-thread-p1-native-20260910/build-project/Assets/_Project/App/T0GameSession.cs:359)
Tide.App.T0CaseThreadSmoke/<Inspect>d__23:MoveNext () (at /private/tmp/t0-case-thread-p1-native-20260910/build-project/Assets/_Project/App/T0GameSession.cs:368)
Tide.App.T0CaseThreadSmoke/<Start>d__11:MoveNext () (at /private/tmp/t0-case-thread-p1-native-20260910/build-project/Assets/_Project/App/T0GameSession.cs:295)
UnityEngine.SetupCoroutine:InvokeMoveNext (System.Collections.IEnumerator,intptr) (at /Users/bokken/build/output/unity/unity/Runtime/Export/Scripting/Coroutines.cs:17)

(Filename: /Users/bokken/build/output/unity/unity/Runtime/Export/Debug/Debug.bindings.cs Line: 123)

T0_CASE_THREAD_CHECK initial-0-of-2: no disclosure of offset-up
UnityEngine.Debug:ExtractStackTraceNoAlloc (byte*,int,string)
UnityEngine.StackTraceUtility:ExtractStackTrace () (at /Users/bokken/build/output/unity/unity/Runtime/Export/Scripting/StackTrace.cs:35)
UnityEngine.DebugLogHandler:Internal_Log (UnityEngine.LogType,UnityEngine.LogOption,string,UnityEngine.Object)
UnityEngine.DebugLogHandler:LogFormat (UnityEngine.LogType,UnityEngine.Object,string,object[]) (at /Users/bokken/build/output/unity/unity/Runtime/Export/Logging/DebugLogHandler.cs:9)
UnityEngine.Logger:Log (UnityEngine.LogType,object) (at /Users/bokken/build/output/unity/unity/Runtime/Export/Logging/Logger.cs:60)
UnityEngine.Debug:Log (object) (at /Users/bokken/build/output/unity/unity/Runtime/Export/Debug/Debug.bindings.cs:123)
Tide.App.T0CaseThreadSmoke:Require (bool,string) (at /private/tmp/t0-case-thread-p1-native-20260910/build-project/Assets/_Project/App/T0GameSession.cs:304)
Tide.App.T0CaseThreadSmoke:GenericGuidance (UnityEngine.UI.Text,string) (at /private/tmp/t0-case-thread-p1-native-20260910/build-project/Assets/_Project/App/T0GameSession.cs:359)
Tide.App.T0CaseThreadSmoke/<Inspect>d__23:MoveNext () (at /private/tmp/t0-case-thread-p1-native-20260910/build-project/Assets/_Project/App/T0GameSession.cs:368)
Tide.App.T0CaseThreadSmoke/<Start>d__11:MoveNext () (at /private/tmp/t0-case-thread-p1-native-20260910/build-project/Assets/_Project/App/T0GameSession.cs:295)
UnityEngine.SetupCoroutine:InvokeMoveNext (System.Collections.IEnumerator,intptr) (at /Users/bokken/build/output/unity/unity/Runtime/Export/Scripting/Coroutines.cs:17)

(Filename: /Users/bokken/build/output/unity/unity/Runtime/Export/Debug/Debug.bindings.cs Line: 123)

T0_CASE_THREAD_CHECK initial-0-of-2: no authored time window
UnityEngine.Debug:ExtractStackTraceNoAlloc (byte*,int,string)
UnityEngine.StackTraceUtility:ExtractStackTrace () (at /Users/bokken/build/output/unity/unity/Runtime/Export/Scripting/StackTrace.cs:35)
UnityEngine.DebugLogHandler:Internal_Log (UnityEngine.LogType,UnityEngine.LogOption,string,UnityEngine.Object)
UnityEngine.DebugLogHandler:LogFormat (UnityEngine.LogType,UnityEngine.Object,string,object[]) (at /Users/bokken/build/output/unity/unity/Runtime/Export/Logging/DebugLogHandler.cs:9)
UnityEngine.Logger:Log (UnityEngine.LogType,object) (at /Users/bokken/build/output/unity/unity/Runtime/Export/Logging/Logger.cs:60)
UnityEngine.Debug:Log (object) (at /Users/bokken/build/output/unity/unity/Runtime/Export/Debug/Debug.bindings.cs:123)
Tide.App.T0CaseThreadSmoke:Require (bool,string) (at /private/tmp/t0-case-thread-p1-native-20260910/build-project/Assets/_Project/App/T0GameSession.cs:304)
Tide.App.T0CaseThreadSmoke:GenericGuidance (UnityEngine.UI.Text,string) (at /private/tmp/t0-case-thread-p1-native-20260910/build-project/Assets/_Project/App/T0GameSession.cs:360)
Tide.App.T0CaseThreadSmoke/<Inspect>d__23:MoveNext () (at /private/tmp/t0-case-thread-p1-native-20260910/build-project/Assets/_Project/App/T0GameSession.cs:368)
Tide.App.T0CaseThreadSmoke/<Start>d__11:MoveNext () (at /private/tmp/t0-case-thread-p1-native-20260910/build-project/Assets/_Project/App/T0GameSession.cs:295)
UnityEngine.SetupCoroutine:InvokeMoveNext (System.Collections.IEnumerator,intptr) (at /Users/bokken/build/output/unity/unity/Runtime/Export/Scripting/Coroutines.cs:17)

(Filename: /Users/bokken/build/output/unity/unity/Runtime/Export/Debug/Debug.bindings.cs Line: 123)

T0_CASE_THREAD_CHECK initial-0-of-2: card text fits allocated height
UnityEngine.Debug:ExtractStackTraceNoAlloc (byte*,int,string)
UnityEngine.StackTraceUtility:ExtractStackTrace () (at /Users/bokken/build/output/unity/unity/Runtime/Export/Scripting/StackTrace.cs:35)
UnityEngine.DebugLogHandler:Internal_Log (UnityEngine.LogType,UnityEngine.LogOption,string,UnityEngine.Object)
UnityEngine.DebugLogHandler:LogFormat (UnityEngine.LogType,UnityEngine.Object,string,object[]) (at /Users/bokken/build/output/unity/unity/Runtime/Export/Logging/DebugLogHandler.cs:9)
UnityEngine.Logger:Log (UnityEngine.LogType,object) (at /Users/bokken/build/output/unity/unity/Runtime/Export/Logging/Logger.cs:60)
UnityEngine.Debug:Log (object) (at /Users/bokken/build/output/unity/unity/Runtime/Export/Debug/Debug.bindings.cs:123)
Tide.App.T0CaseThreadSmoke:Require (bool,string) (at /private/tmp/t0-case-thread-p1-native-20260910/build-project/Assets/_Project/App/T0GameSession.cs:304)
Tide.App.T0CaseThreadSmoke:GenericGuidance (UnityEngine.UI.Text,string) (at /private/tmp/t0-case-thread-p1-native-20260910/build-project/Assets/_Project/App/T0GameSession.cs:361)
Tide.App.T0CaseThreadSmoke/<Inspect>d__23:MoveNext () (at /private/tmp/t0-case-thread-p1-native-20260910/build-project/Assets/_Project/App/T0GameSession.cs:368)
Tide.App.T0CaseThreadSmoke/<Start>d__11:MoveNext () (at /private/tmp/t0-case-thread-p1-native-20260910/build-project/Assets/_Project/App/T0GameSession.cs:295)
UnityEngine.SetupCoroutine:InvokeMoveNext (System.Collections.IEnumerator,intptr) (at /Users/bokken/build/output/unity/unity/Runtime/Export/Scripting/Coroutines.cs:17)

(Filename: /Users/bokken/build/output/unity/unity/Runtime/Export/Debug/Debug.bindings.cs Line: 123)

T0_CASE_THREAD_CHECK initial-0-of-2: completion wording matches live state
UnityEngine.Debug:ExtractStackTraceNoAlloc (byte*,int,string)
UnityEngine.StackTraceUtility:ExtractStackTrace () (at /Users/bokken/build/output/unity/unity/Runtime/Export/Scripting/StackTrace.cs:35)
UnityEngine.DebugLogHandler:Internal_Log (UnityEngine.LogType,UnityEngine.LogOption,string,UnityEngine.Object)
UnityEngine.DebugLogHandler:LogFormat (UnityEngine.LogType,UnityEngine.Object,string,object[]) (at /Users/bokken/build/output/unity/unity/Runtime/Export/Logging/DebugLogHandler.cs:9)
UnityEngine.Logger:Log (UnityEngine.LogType,object) (at /Users/bokken/build/output/unity/unity/Runtime/Export/Logging/Logger.cs:60)
UnityEngine.Debug:Log (object) (at /Users/bokken/build/output/unity/unity/Runtime/Export/Debug/Debug.bindings.cs:123)
Tide.App.T0CaseThreadSmoke:Require (bool,string) (at /private/tmp/t0-case-thread-p1-native-20260910/build-project/Assets/_Project/App/T0GameSession.cs:304)
Tide.App.T0CaseThreadSmoke/<Inspect>d__23:MoveNext () (at /private/tmp/t0-case-thread-p1-native-20260910/build-project/Assets/_Project/App/T0GameSession.cs:369)
Tide.App.T0CaseThreadSmoke/<Start>d__11:MoveNext () (at /private/tmp/t0-case-thread-p1-native-20260910/build-project/Assets/_Project/App/T0GameSession.cs:295)
UnityEngine.SetupCoroutine:InvokeMoveNext (System.Collections.IEnumerator,intptr) (at /Users/bokken/build/output/unity/unity/Runtime/Export/Scripting/Coroutines.cs:17)

(Filename: /Users/bokken/build/output/unity/unity/Runtime/Export/Debug/Debug.bindings.cs Line: 123)

T0_CASE_THREAD_CHECK initial-0-of-2: live t0-b3 completion agrees
UnityEngine.Debug:ExtractStackTraceNoAlloc (byte*,int,string)
UnityEngine.StackTraceUtility:ExtractStackTrace () (at /Users/bokken/build/output/unity/unity/Runtime/Export/Scripting/StackTrace.cs:35)
UnityEngine.DebugLogHandler:Internal_Log (UnityEngine.LogType,UnityEngine.LogOption,string,UnityEngine.Object)
UnityEngine.DebugLogHandler:LogFormat (UnityEngine.LogType,UnityEngine.Object,string,object[]) (at /Users/bokken/build/output/unity/unity/Runtime/Export/Logging/DebugLogHandler.cs:9)
UnityEngine.Logger:Log (UnityEngine.LogType,object) (at /Users/bokken/build/output/unity/unity/Runtime/Export/Logging/Logger.cs:60)
UnityEngine.Debug:Log (object) (at /Users/bokken/build/output/unity/unity/Runtime/Export/Debug/Debug.bindings.cs:123)
Tide.App.T0CaseThreadSmoke:Require (bool,string) (at /private/tmp/t0-case-thread-p1-native-20260910/build-project/Assets/_Project/App/T0GameSession.cs:304)
Tide.App.T0CaseThreadSmoke/<Inspect>d__23:MoveNext () (at /private/tmp/t0-case-thread-p1-native-20260910/build-project/Assets/_Project/App/T0GameSession.cs:370)
Tide.App.T0CaseThreadSmoke/<Start>d__11:MoveNext () (at /private/tmp/t0-case-thread-p1-native-20260910/build-project/Assets/_Project/App/T0GameSession.cs:295)
UnityEngine.SetupCoroutine:InvokeMoveNext (System.Collections.IEnumerator,intptr) (at /Users/bokken/build/output/unity/unity/Runtime/Export/Scripting/Coroutines.cs:17)

(Filename: /Users/bokken/build/output/unity/unity/Runtime/Export/Debug/Debug.bindings.cs Line: 123)

T0_CASE_THREAD_CHECK initial-0-of-2: case thread is read-only and not a pointer target
UnityEngine.Debug:ExtractStackTraceNoAlloc (byte*,int,string)
UnityEngine.StackTraceUtility:ExtractStackTrace () (at /Users/bokken/build/output/unity/unity/Runtime/Export/Scripting/StackTrace.cs:35)
UnityEngine.DebugLogHandler:Internal_Log (UnityEngine.LogType,UnityEngine.LogOption,string,UnityEngine.Object)
UnityEngine.DebugLogHandler:LogFormat (UnityEngine.LogType,UnityEngine.Object,string,object[]) (at /Users/bokken/build/output/unity/unity/Runtime/Export/Logging/DebugLogHandler.cs:9)
UnityEngine.Logger:Log (UnityEngine.LogType,object) (at /Users/bokken/build/output/unity/unity/Runtime/Export/Logging/Logger.cs:60)
UnityEngine.Debug:Log (object) (at /Users/bokken/build/output/unity/unity/Runtime/Export/Debug/Debug.bindings.cs:123)
Tide.App.T0CaseThreadSmoke:Require (bool,string) (at /private/tmp/t0-case-thread-p1-native-20260910/build-project/Assets/_Project/App/T0GameSession.cs:304)
Tide.App.T0CaseThreadSmoke/<Inspect>d__23:MoveNext () (at /private/tmp/t0-case-thread-p1-native-20260910/build-project/Assets/_Project/App/T0GameSession.cs:371)
Tide.App.T0CaseThreadSmoke/<Start>d__11:MoveNext () (at /private/tmp/t0-case-thread-p1-native-20260910/build-project/Assets/_Project/App/T0GameSession.cs:295)
UnityEngine.SetupCoroutine:InvokeMoveNext (System.Collections.IEnumerator,intptr) (at /Users/bokken/build/output/unity/unity/Runtime/Export/Scripting/Coroutines.cs:17)

(Filename: /Users/bokken/build/output/unity/unity/Runtime/Export/Debug/Debug.bindings.cs Line: 123)

T0_CASE_THREAD_CHECK initial-0-of-2: card creates no puzzle action
UnityEngine.Debug:ExtractStackTraceNoAlloc (byte*,int,string)
UnityEngine.StackTraceUtility:ExtractStackTrace () (at /Users/bokken/build/output/unity/unity/Runtime/Export/Scripting/StackTrace.cs:35)
UnityEngine.DebugLogHandler:Internal_Log (UnityEngine.LogType,UnityEngine.LogOption,string,UnityEngine.Object)
UnityEngine.DebugLogHandler:LogFormat (UnityEngine.LogType,UnityEngine.Object,string,object[]) (at /Users/bokken/build/output/unity/unity/Runtime/Export/Logging/DebugLogHandler.cs:9)
UnityEngine.Logger:Log (UnityEngine.LogType,object) (at /Users/bokken/build/output/unity/unity/Runtime/Export/Logging/Logger.cs:60)
UnityEngine.Debug:Log (object) (at /Users/bokken/build/output/unity/unity/Runtime/Export/Debug/Debug.bindings.cs:123)
Tide.App.T0CaseThreadSmoke:Require (bool,string) (at /private/tmp/t0-case-thread-p1-native-20260910/build-project/Assets/_Project/App/T0GameSession.cs:304)
Tide.App.T0CaseThreadSmoke/<Inspect>d__23:MoveNext () (at /private/tmp/t0-case-thread-p1-native-20260910/build-project/Assets/_Project/App/T0GameSession.cs:372)
Tide.App.T0CaseThreadSmoke/<Start>d__11:MoveNext () (at /private/tmp/t0-case-thread-p1-native-20260910/build-project/Assets/_Project/App/T0GameSession.cs:295)
UnityEngine.SetupCoroutine:InvokeMoveNext (System.Collections.IEnumerator,intptr) (at /Users/bokken/build/output/unity/unity/Runtime/Export/Scripting/Coroutines.cs:17)

(Filename: /Users/bokken/build/output/unity/unity/Runtime/Export/Debug/Debug.bindings.cs Line: 123)

T0_CASE_THREAD_CHECK initial-0-of-2: repeated Render preserves journal, state, receipt count, pending flag and all save file bytes/timestamps
UnityEngine.Debug:ExtractStackTraceNoAlloc (byte*,int,string)
UnityEngine.StackTraceUtility:ExtractStackTrace () (at /Users/bokken/build/output/unity/unity/Runtime/Export/Scripting/StackTrace.cs:35)
UnityEngine.DebugLogHandler:Internal_Log (UnityEngine.LogType,UnityEngine.LogOption,string,UnityEngine.Object)
UnityEngine.DebugLogHandler:LogFormat (UnityEngine.LogType,UnityEngine.Object,string,object[]) (at /Users/bokken/build/output/unity/unity/Runtime/Export/Logging/DebugLogHandler.cs:9)
UnityEngine.Logger:Log (UnityEngine.LogType,object) (at /Users/bokken/build/output/unity/unity/Runtime/Export/Logging/Logger.cs:60)
UnityEngine.Debug:Log (object) (at /Users/bokken/build/output/unity/unity/Runtime/Export/Debug/Debug.bindings.cs:123)
Tide.App.T0CaseThreadSmoke:Require (bool,string) (at /private/tmp/t0-case-thread-p1-native-20260910/build-project/Assets/_Project/App/T0GameSession.cs:304)
Tide.App.T0CaseThreadSmoke/<Inspect>d__23:MoveNext () (at /private/tmp/t0-case-thread-p1-native-20260910/build-project/Assets/_Project/App/T0GameSession.cs:373)
Tide.App.T0CaseThreadSmoke/<Start>d__11:MoveNext () (at /private/tmp/t0-case-thread-p1-native-20260910/build-project/Assets/_Project/App/T0GameSession.cs:295)
UnityEngine.SetupCoroutine:InvokeMoveNext (System.Collections.IEnumerator,intptr) (at /Users/bokken/build/output/unity/unity/Runtime/Export/Scripting/Coroutines.cs:17)

(Filename: /Users/bokken/build/output/unity/unity/Runtime/Export/Debug/Debug.bindings.cs Line: 123)

T0_CASE_THREAD_CHECK initial-0-of-2: repeated Render preserves actions and keyboard focus
UnityEngine.Debug:ExtractStackTraceNoAlloc (byte*,int,string)
UnityEngine.StackTraceUtility:ExtractStackTrace () (at /Users/bokken/build/output/unity/unity/Runtime/Export/Scripting/StackTrace.cs:35)
UnityEngine.DebugLogHandler:Internal_Log (UnityEngine.LogType,UnityEngine.LogOption,string,UnityEngine.Object)
UnityEngine.DebugLogHandler:LogFormat (UnityEngine.LogType,UnityEngine.Object,string,object[]) (at /Users/bokken/build/output/unity/unity/Runtime/Export/Logging/DebugLogHandler.cs:9)
UnityEngine.Logger:Log (UnityEngine.LogType,object) (at /Users/bokken/build/output/unity/unity/Runtime/Export/Logging/Logger.cs:60)
UnityEngine.Debug:Log (object) (at /Users/bokken/build/output/unity/unity/Runtime/Export/Debug/Debug.bindings.cs:123)
Tide.App.T0CaseThreadSmoke:Require (bool,string) (at /private/tmp/t0-case-thread-p1-native-20260910/build-project/Assets/_Project/App/T0GameSession.cs:304)
Tide.App.T0CaseThreadSmoke/<Inspect>d__23:MoveNext () (at /private/tmp/t0-case-thread-p1-native-20260910/build-project/Assets/_Project/App/T0GameSession.cs:374)
Tide.App.T0CaseThreadSmoke/<Start>d__11:MoveNext () (at /private/tmp/t0-case-thread-p1-native-20260910/build-project/Assets/_Project/App/T0GameSession.cs:295)
UnityEngine.SetupCoroutine:InvokeMoveNext (System.Collections.IEnumerator,intptr) (at /Users/bokken/build/output/unity/unity/Runtime/Export/Scripting/Coroutines.cs:17)

(Filename: /Users/bokken/build/output/unity/unity/Runtime/Export/Debug/Debug.bindings.cs Line: 123)

T0_CASE_THREAD_CHECK native Tab changes existing focus and skips card
UnityEngine.Debug:ExtractStackTraceNoAlloc (byte*,int,string)
UnityEngine.StackTraceUtility:ExtractStackTrace () (at /Users/bokken/build/output/unity/unity/Runtime/Export/Scripting/StackTrace.cs:35)
UnityEngine.DebugLogHandler:Internal_Log (UnityEngine.LogType,UnityEngine.LogOption,string,UnityEngine.Object)
UnityEngine.DebugLogHandler:LogFormat (UnityEngine.LogType,UnityEngine.Object,string,object[]) (at /Users/bokken/build/output/unity/unity/Runtime/Export/Logging/DebugLogHandler.cs:9)
UnityEngine.Logger:Log (UnityEngine.LogType,object) (at /Users/bokken/build/output/unity/unity/Runtime/Export/Logging/Logger.cs:60)
UnityEngine.Debug:Log (object) (at /Users/bokken/build/output/unity/unity/Runtime/Export/Debug/Debug.bindings.cs:123)
Tide.App.T0CaseThreadSmoke:Require (bool,string) (at /private/tmp/t0-case-thread-p1-native-20260910/build-project/Assets/_Project/App/T0GameSession.cs:304)
Tide.App.T0CaseThreadSmoke/<Run>d__28:MoveNext () (at /private/tmp/t0-case-thread-p1-native-20260910/build-project/Assets/_Project/App/T0GameSession.cs:427)
Tide.App.T0CaseThreadSmoke/<Start>d__11:MoveNext () (at /private/tmp/t0-case-thread-p1-native-20260910/build-project/Assets/_Project/App/T0GameSession.cs:295)
UnityEngine.SetupCoroutine:InvokeMoveNext (System.Collections.IEnumerator,intptr) (at /Users/bokken/build/output/unity/unity/Runtime/Export/Scripting/Coroutines.cs:17)

(Filename: /Users/bokken/build/output/unity/unity/Runtime/Export/Debug/Debug.bindings.cs Line: 123)

T0_CASE_THREAD_CHECK native Tab causes no puzzle or save mutation
UnityEngine.Debug:ExtractStackTraceNoAlloc (byte*,int,string)
UnityEngine.StackTraceUtility:ExtractStackTrace () (at /Users/bokken/build/output/unity/unity/Runtime/Export/Scripting/StackTrace.cs:35)
UnityEngine.DebugLogHandler:Internal_Log (UnityEngine.LogType,UnityEngine.LogOption,string,UnityEngine.Object)
UnityEngine.DebugLogHandler:LogFormat (UnityEngine.LogType,UnityEngine.Object,string,object[]) (at /Users/bokken/build/output/unity/unity/Runtime/Export/Logging/DebugLogHandler.cs:9)
UnityEngine.Logger:Log (UnityEngine.LogType,object) (at /Users/bokken/build/output/unity/unity/Runtime/Export/Logging/Logger.cs:60)
UnityEngine.Debug:Log (object) (at /Users/bokken/build/output/unity/unity/Runtime/Export/Debug/Debug.bindings.cs:123)
Tide.App.T0CaseThreadSmoke:Require (bool,string) (at /private/tmp/t0-case-thread-p1-native-20260910/build-project/Assets/_Project/App/T0GameSession.cs:304)
Tide.App.T0CaseThreadSmoke/<Run>d__28:MoveNext () (at /private/tmp/t0-case-thread-p1-native-20260910/build-project/Assets/_Project/App/T0GameSession.cs:428)
Tide.App.T0CaseThreadSmoke/<Start>d__11:MoveNext () (at /private/tmp/t0-case-thread-p1-native-20260910/build-project/Assets/_Project/App/T0GameSession.cs:295)
UnityEngine.SetupCoroutine:InvokeMoveNext (System.Collections.IEnumerator,intptr) (at /Users/bokken/build/output/unity/unity/Runtime/Export/Scripting/Coroutines.cs:17)

(Filename: /Users/bokken/build/output/unity/unity/Runtime/Export/Debug/Debug.bindings.cs Line: 123)

T0_CASE_THREAD_CHECK drawer front inside scene camera viewport
UnityEngine.Debug:ExtractStackTraceNoAlloc (byte*,int,string)
UnityEngine.StackTraceUtility:ExtractStackTrace () (at /Users/bokken/build/output/unity/unity/Runtime/Export/Scripting/StackTrace.cs:35)
UnityEngine.DebugLogHandler:Internal_Log (UnityEngine.LogType,UnityEngine.LogOption,string,UnityEngine.Object)
UnityEngine.DebugLogHandler:LogFormat (UnityEngine.LogType,UnityEngine.Object,string,object[]) (at /Users/bokken/build/output/unity/unity/Runtime/Export/Logging/DebugLogHandler.cs:9)
UnityEngine.Logger:Log (UnityEngine.LogType,object) (at /Users/bokken/build/output/unity/unity/Runtime/Export/Logging/Logger.cs:60)
UnityEngine.Debug:Log (object) (at /Users/bokken/build/output/unity/unity/Runtime/Export/Debug/Debug.bindings.cs:123)
Tide.App.T0CaseThreadSmoke:Require (bool,string) (at /private/tmp/t0-case-thread-p1-native-20260910/build-project/Assets/_Project/App/T0GameSession.cs:304)
Tide.App.T0CaseThreadSmoke:DrawerFront () (at /private/tmp/t0-case-thread-p1-native-20260910/build-project/Assets/_Project/App/T0GameSession.cs:382)
Tide.App.T0CaseThreadSmoke/<DrawerNavigation>d__26:MoveNext () (at /private/tmp/t0-case-thread-p1-native-20260910/build-project/Assets/_Project/App/T0GameSession.cs:386)
Tide.App.T0CaseThreadSmoke/<Start>d__11:MoveNext () (at /private/tmp/t0-case-thread-p1-native-20260910/build-project/Assets/_Project/App/T0GameSession.cs:295)
UnityEngine.SetupCoroutine:InvokeMoveNext (System.Collections.IEnumerator,intptr) (at /Users/bokken/build/output/unity/unity/Runtime/Export/Scripting/Coroutines.cs:17)

(Filename: /Users/bokken/build/output/unity/unity/Runtime/Export/Debug/Debug.bindings.cs Line: 123)

T0_CASE_THREAD_CHECK native pointer selects visible drawer
UnityEngine.Debug:ExtractStackTraceNoAlloc (byte*,int,string)
UnityEngine.StackTraceUtility:ExtractStackTrace () (at /Users/bokken/build/output/unity/unity/Runtime/Export/Scripting/StackTrace.cs:35)
UnityEngine.DebugLogHandler:Internal_Log (UnityEngine.LogType,UnityEngine.LogOption,string,UnityEngine.Object)
UnityEngine.DebugLogHandler:LogFormat (UnityEngine.LogType,UnityEngine.Object,string,object[]) (at /Users/bokken/build/output/unity/unity/Runtime/Export/Logging/DebugLogHandler.cs:9)
UnityEngine.Logger:Log (UnityEngine.LogType,object) (at /Users/bokken/build/output/unity/unity/Runtime/Export/Logging/Logger.cs:60)
UnityEngine.Debug:Log (object) (at /Users/bokken/build/output/unity/unity/Runtime/Export/Debug/Debug.bindings.cs:123)
Tide.App.T0CaseThreadSmoke:Require (bool,string) (at /private/tmp/t0-case-thread-p1-native-20260910/build-project/Assets/_Project/App/T0GameSession.cs:304)
Tide.App.T0CaseThreadSmoke/<DrawerNavigation>d__26:MoveNext () (at /private/tmp/t0-case-thread-p1-native-20260910/build-project/Assets/_Project/App/T0GameSession.cs:387)
Tide.App.T0CaseThreadSmoke/<Start>d__11:MoveNext () (at /private/tmp/t0-case-thread-p1-native-20260910/build-project/Assets/_Project/App/T0GameSession.cs:295)
UnityEngine.SetupCoroutine:InvokeMoveNext (System.Collections.IEnumerator,intptr) (at /Users/bokken/build/output/unity/unity/Runtime/Export/Scripting/Coroutines.cs:17)

(Filename: /Users/bokken/build/output/unity/unity/Runtime/Export/Debug/Debug.bindings.cs Line: 123)

T0_CASE_THREAD_CHECK existing UI action available: hub-view-desk
UnityEngine.Debug:ExtractStackTraceNoAlloc (byte*,int,string)
UnityEngine.StackTraceUtility:ExtractStackTrace () (at /Users/bokken/build/output/unity/unity/Runtime/Export/Scripting/StackTrace.cs:35)
UnityEngine.DebugLogHandler:Internal_Log (UnityEngine.LogType,UnityEngine.LogOption,string,UnityEngine.Object)
UnityEngine.DebugLogHandler:LogFormat (UnityEngine.LogType,UnityEngine.Object,string,object[]) (at /Users/bokken/build/output/unity/unity/Runtime/Export/Logging/DebugLogHandler.cs:9)
UnityEngine.Logger:Log (UnityEngine.LogType,object) (at /Users/bokken/build/output/unity/unity/Runtime/Export/Logging/Logger.cs:60)
UnityEngine.Debug:Log (object) (at /Users/bokken/build/output/unity/unity/Runtime/Export/Debug/Debug.bindings.cs:123)
Tide.App.T0CaseThreadSmoke:Require (bool,string) (at /private/tmp/t0-case-thread-p1-native-20260910/build-project/Assets/_Project/App/T0GameSession.cs:304)
Tide.App.T0CaseThreadSmoke:Act (string) (at /private/tmp/t0-case-thread-p1-native-20260910/build-project/Assets/_Project/App/T0GameSession.cs:312)
Tide.App.T0CaseThreadSmoke/<DrawerNavigation>d__26:MoveNext () (at /private/tmp/t0-case-thread-p1-native-20260910/build-project/Assets/_Project/App/T0GameSession.cs:388)
Tide.App.T0CaseThreadSmoke/<Start>d__11:MoveNext () (at /private/tmp/t0-case-thread-p1-native-20260910/build-project/Assets/_Project/App/T0GameSession.cs:295)
UnityEngine.SetupCoroutine:InvokeMoveNext (System.Collections.IEnumerator,intptr) (at /Users/bokken/build/output/unity/unity/Runtime/Export/Scripting/Coroutines.cs:17)

(Filename: /Users/bokken/build/output/unity/unity/Runtime/Export/Debug/Debug.bindings.cs Line: 123)

T0_CASE_THREAD_CHECK drawer front inside scene camera viewport
UnityEngine.Debug:ExtractStackTraceNoAlloc (byte*,int,string)
UnityEngine.StackTraceUtility:ExtractStackTrace () (at /Users/bokken/build/output/unity/unity/Runtime/Export/Scripting/StackTrace.cs:35)
UnityEngine.DebugLogHandler:Internal_Log (UnityEngine.LogType,UnityEngine.LogOption,string,UnityEngine.Object)
UnityEngine.DebugLogHandler:LogFormat (UnityEngine.LogType,UnityEngine.Object,string,object[]) (at /Users/bokken/build/output/unity/unity/Runtime/Export/Logging/DebugLogHandler.cs:9)
UnityEngine.Logger:Log (UnityEngine.LogType,object) (at /Users/bokken/build/output/unity/unity/Runtime/Export/Logging/Logger.cs:60)
UnityEngine.Debug:Log (object) (at /Users/bokken/build/output/unity/unity/Runtime/Export/Debug/Debug.bindings.cs:123)
Tide.App.T0CaseThreadSmoke:Require (bool,string) (at /private/tmp/t0-case-thread-p1-native-20260910/build-project/Assets/_Project/App/T0GameSession.cs:304)
Tide.App.T0CaseThreadSmoke:DrawerFront () (at /private/tmp/t0-case-thread-p1-native-20260910/build-project/Assets/_Project/App/T0GameSession.cs:382)
Tide.App.T0CaseThreadSmoke/<DrawerNavigation>d__26:MoveNext () (at /private/tmp/t0-case-thread-p1-native-20260910/build-project/Assets/_Project/App/T0GameSession.cs:388)
Tide.App.T0CaseThreadSmoke/<Start>d__11:MoveNext () (at /private/tmp/t0-case-thread-p1-native-20260910/build-project/Assets/_Project/App/T0GameSession.cs:295)
UnityEngine.SetupCoroutine:InvokeMoveNext (System.Collections.IEnumerator,intptr) (at /Users/bokken/build/output/unity/unity/Runtime/Export/Scripting/Coroutines.cs:17)

(Filename: /Users/bokken/build/output/unity/unity/Runtime/Export/Debug/Debug.bindings.cs Line: 123)

T0_CASE_THREAD_CHECK retained occlusion fixture has no collider
UnityEngine.Debug:ExtractStackTraceNoAlloc (byte*,int,string)
UnityEngine.StackTraceUtility:ExtractStackTrace () (at /Users/bokken/build/output/unity/unity/Runtime/Export/Scripting/StackTrace.cs:35)
UnityEngine.DebugLogHandler:Internal_Log (UnityEngine.LogType,UnityEngine.LogOption,string,UnityEngine.Object)
UnityEngine.DebugLogHandler:LogFormat (UnityEngine.LogType,UnityEngine.Object,string,object[]) (at /Users/bokken/build/output/unity/unity/Runtime/Export/Logging/DebugLogHandler.cs:9)
UnityEngine.Logger:Log (UnityEngine.LogType,object) (at /Users/bokken/build/output/unity/unity/Runtime/Export/Logging/Logger.cs:60)
UnityEngine.Debug:Log (object) (at /Users/bokken/build/output/unity/unity/Runtime/Export/Debug/Debug.bindings.cs:123)
Tide.App.T0CaseThreadSmoke:Require (bool,string) (at /private/tmp/t0-case-thread-p1-native-20260910/build-project/Assets/_Project/App/T0GameSession.cs:304)
Tide.App.T0CaseThreadSmoke/<DrawerNavigation>d__26:MoveNext () (at /private/tmp/t0-case-thread-p1-native-20260910/build-project/Assets/_Project/App/T0GameSession.cs:394)
Tide.App.T0CaseThreadSmoke/<Start>d__11:MoveNext () (at /private/tmp/t0-case-thread-p1-native-20260910/build-project/Assets/_Project/App/T0GameSession.cs:295)
UnityEngine.SetupCoroutine:InvokeMoveNext (System.Collections.IEnumerator,intptr) (at /Users/bokken/build/output/unity/unity/Runtime/Export/Scripting/Coroutines.cs:17)

(Filename: /Users/bokken/build/output/unity/unity/Runtime/Export/Debug/Debug.bindings.cs Line: 123)

T0_CASE_THREAD_CHECK retained occlusion fixture is active and camera-visible
UnityEngine.Debug:ExtractStackTraceNoAlloc (byte*,int,string)
UnityEngine.StackTraceUtility:ExtractStackTrace () (at /Users/bokken/build/output/unity/unity/Runtime/Export/Scripting/StackTrace.cs:35)
UnityEngine.DebugLogHandler:Internal_Log (UnityEngine.LogType,UnityEngine.LogOption,string,UnityEngine.Object)
UnityEngine.DebugLogHandler:LogFormat (UnityEngine.LogType,UnityEngine.Object,string,object[]) (at /Users/bokken/build/output/unity/unity/Runtime/Export/Logging/DebugLogHandler.cs:9)
UnityEngine.Logger:Log (UnityEngine.LogType,object) (at /Users/bokken/build/output/unity/unity/Runtime/Export/Logging/Logger.cs:60)
UnityEngine.Debug:Log (object) (at /Users/bokken/build/output/unity/unity/Runtime/Export/Debug/Debug.bindings.cs:123)
Tide.App.T0CaseThreadSmoke:Require (bool,string) (at /private/tmp/t0-case-thread-p1-native-20260910/build-project/Assets/_Project/App/T0GameSession.cs:304)
Tide.App.T0CaseThreadSmoke/<DrawerNavigation>d__26:MoveNext () (at /private/tmp/t0-case-thread-p1-native-20260910/build-project/Assets/_Project/App/T0GameSession.cs:395)
Tide.App.T0CaseThreadSmoke/<Start>d__11:MoveNext () (at /private/tmp/t0-case-thread-p1-native-20260910/build-project/Assets/_Project/App/T0GameSession.cs:295)
UnityEngine.SetupCoroutine:InvokeMoveNext (System.Collections.IEnumerator,intptr) (at /Users/bokken/build/output/unity/unity/Runtime/Export/Scripting/Coroutines.cs:17)

(Filename: /Users/bokken/build/output/unity/unity/Runtime/Export/Debug/Debug.bindings.cs Line: 123)

T0_CASE_THREAD_CHECK retained occlusion fixture intersects pointer ray
UnityEngine.Debug:ExtractStackTraceNoAlloc (byte*,int,string)
UnityEngine.StackTraceUtility:ExtractStackTrace () (at /Users/bokken/build/output/unity/unity/Runtime/Export/Scripting/StackTrace.cs:35)
UnityEngine.DebugLogHandler:Internal_Log (UnityEngine.LogType,UnityEngine.LogOption,string,UnityEngine.Object)
UnityEngine.DebugLogHandler:LogFormat (UnityEngine.LogType,UnityEngine.Object,string,object[]) (at /Users/bokken/build/output/unity/unity/Runtime/Export/Logging/DebugLogHandler.cs:9)
UnityEngine.Logger:Log (UnityEngine.LogType,object) (at /Users/bokken/build/output/unity/unity/Runtime/Export/Logging/Logger.cs:60)
UnityEngine.Debug:Log (object) (at /Users/bokken/build/output/unity/unity/Runtime/Export/Debug/Debug.bindings.cs:123)
Tide.App.T0CaseThreadSmoke:Require (bool,string) (at /private/tmp/t0-case-thread-p1-native-20260910/build-project/Assets/_Project/App/T0GameSession.cs:304)
Tide.App.T0CaseThreadSmoke/<DrawerNavigation>d__26:MoveNext () (at /private/tmp/t0-case-thread-p1-native-20260910/build-project/Assets/_Project/App/T0GameSession.cs:396)
Tide.App.T0CaseThreadSmoke/<Start>d__11:MoveNext () (at /private/tmp/t0-case-thread-p1-native-20260910/build-project/Assets/_Project/App/T0GameSession.cs:295)
UnityEngine.SetupCoroutine:InvokeMoveNext (System.Collections.IEnumerator,intptr) (at /Users/bokken/build/output/unity/unity/Runtime/Export/Scripting/Coroutines.cs:17)

(Filename: /Users/bokken/build/output/unity/unity/Runtime/Export/Debug/Debug.bindings.cs Line: 123)

T0_CASE_THREAD_CHECK renderer-only occluder precedes drawer bounds
UnityEngine.Debug:ExtractStackTraceNoAlloc (byte*,int,string)
UnityEngine.StackTraceUtility:ExtractStackTrace () (at /Users/bokken/build/output/unity/unity/Runtime/Export/Scripting/StackTrace.cs:35)
UnityEngine.DebugLogHandler:Internal_Log (UnityEngine.LogType,UnityEngine.LogOption,string,UnityEngine.Object)
UnityEngine.DebugLogHandler:LogFormat (UnityEngine.LogType,UnityEngine.Object,string,object[]) (at /Users/bokken/build/output/unity/unity/Runtime/Export/Logging/DebugLogHandler.cs:9)
UnityEngine.Logger:Log (UnityEngine.LogType,object) (at /Users/bokken/build/output/unity/unity/Runtime/Export/Logging/Logger.cs:60)
UnityEngine.Debug:Log (object) (at /Users/bokken/build/output/unity/unity/Runtime/Export/Debug/Debug.bindings.cs:123)
Tide.App.T0CaseThreadSmoke:Require (bool,string) (at /private/tmp/t0-case-thread-p1-native-20260910/build-project/Assets/_Project/App/T0GameSession.cs:304)
Tide.App.T0CaseThreadSmoke/<DrawerNavigation>d__26:MoveNext () (at /private/tmp/t0-case-thread-p1-native-20260910/build-project/Assets/_Project/App/T0GameSession.cs:399)
Tide.App.T0CaseThreadSmoke/<Start>d__11:MoveNext () (at /private/tmp/t0-case-thread-p1-native-20260910/build-project/Assets/_Project/App/T0GameSession.cs:295)
UnityEngine.SetupCoroutine:InvokeMoveNext (System.Collections.IEnumerator,intptr) (at /Users/bokken/build/output/unity/unity/Runtime/Export/Scripting/Coroutines.cs:17)

(Filename: /Users/bokken/build/output/unity/unity/Runtime/Export/Debug/Debug.bindings.cs Line: 123)

T0_CASE_THREAD_CHECK no nearer physics collider masks renderer-only case
UnityEngine.Debug:ExtractStackTraceNoAlloc (byte*,int,string)
UnityEngine.StackTraceUtility:ExtractStackTrace () (at /Users/bokken/build/output/unity/unity/Runtime/Export/Scripting/StackTrace.cs:35)
UnityEngine.DebugLogHandler:Internal_Log (UnityEngine.LogType,UnityEngine.LogOption,string,UnityEngine.Object)
UnityEngine.DebugLogHandler:LogFormat (UnityEngine.LogType,UnityEngine.Object,string,object[]) (at /Users/bokken/build/output/unity/unity/Runtime/Export/Logging/DebugLogHandler.cs:9)
UnityEngine.Logger:Log (UnityEngine.LogType,object) (at /Users/bokken/build/output/unity/unity/Runtime/Export/Logging/Logger.cs:60)
UnityEngine.Debug:Log (object) (at /Users/bokken/build/output/unity/unity/Runtime/Export/Debug/Debug.bindings.cs:123)
Tide.App.T0CaseThreadSmoke:Require (bool,string) (at /private/tmp/t0-case-thread-p1-native-20260910/build-project/Assets/_Project/App/T0GameSession.cs:304)
Tide.App.T0CaseThreadSmoke/<DrawerNavigation>d__26:MoveNext () (at /private/tmp/t0-case-thread-p1-native-20260910/build-project/Assets/_Project/App/T0GameSession.cs:400)
Tide.App.T0CaseThreadSmoke/<Start>d__11:MoveNext () (at /private/tmp/t0-case-thread-p1-native-20260910/build-project/Assets/_Project/App/T0GameSession.cs:295)
UnityEngine.SetupCoroutine:InvokeMoveNext (System.Collections.IEnumerator,intptr) (at /Users/bokken/build/output/unity/unity/Runtime/Export/Scripting/Coroutines.cs:17)

(Filename: /Users/bokken/build/output/unity/unity/Runtime/Export/Debug/Debug.bindings.cs Line: 123)

T0_CASE_THREAD_CHECK desk investigation active
UnityEngine.Debug:ExtractStackTraceNoAlloc (byte*,int,string)
UnityEngine.StackTraceUtility:ExtractStackTrace () (at /Users/bokken/build/output/unity/unity/Runtime/Export/Scripting/StackTrace.cs:35)
UnityEngine.DebugLogHandler:Internal_Log (UnityEngine.LogType,UnityEngine.LogOption,string,UnityEngine.Object)
UnityEngine.DebugLogHandler:LogFormat (UnityEngine.LogType,UnityEngine.Object,string,object[]) (at /Users/bokken/build/output/unity/unity/Runtime/Export/Logging/DebugLogHandler.cs:9)
UnityEngine.Logger:Log (UnityEngine.LogType,object) (at /Users/bokken/build/output/unity/unity/Runtime/Export/Logging/Logger.cs:60)
UnityEngine.Debug:Log (object) (at /Users/bokken/build/output/unity/unity/Runtime/Export/Debug/Debug.bindings.cs:123)
Tide.App.T0CaseThreadSmoke:Require (bool,string) (at /private/tmp/t0-case-thread-p1-native-20260910/build-project/Assets/_Project/App/T0GameSession.cs:304)
Tide.App.T0CaseThreadSmoke:Desk () (at /private/tmp/t0-case-thread-p1-native-20260910/build-project/Assets/_Project/App/T0GameSession.cs:384)
Tide.App.T0CaseThreadSmoke/<DrawerNavigation>d__26:MoveNext () (at /private/tmp/t0-case-thread-p1-native-20260910/build-project/Assets/_Project/App/T0GameSession.cs:402)
Tide.App.T0CaseThreadSmoke/<Start>d__11:MoveNext () (at /private/tmp/t0-case-thread-p1-native-20260910/build-project/Assets/_Project/App/T0GameSession.cs:295)
UnityEngine.SetupCoroutine:InvokeMoveNext (System.Collections.IEnumerator,intptr) (at /Users/bokken/build/output/unity/unity/Runtime/Export/Scripting/Coroutines.cs:17)

(Filename: /Users/bokken/build/output/unity/unity/Runtime/Export/Debug/Debug.bindings.cs Line: 123)

T0_CASE_THREAD_CHECK disabling renderer restores native drawer pointer selection
UnityEngine.Debug:ExtractStackTraceNoAlloc (byte*,int,string)
UnityEngine.StackTraceUtility:ExtractStackTrace () (at /Users/bokken/build/output/unity/unity/Runtime/Export/Scripting/StackTrace.cs:35)
UnityEngine.DebugLogHandler:Internal_Log (UnityEngine.LogType,UnityEngine.LogOption,string,UnityEngine.Object)
UnityEngine.DebugLogHandler:LogFormat (UnityEngine.LogType,UnityEngine.Object,string,object[]) (at /Users/bokken/build/output/unity/unity/Runtime/Export/Logging/DebugLogHandler.cs:9)
UnityEngine.Logger:Log (UnityEngine.LogType,object) (at /Users/bokken/build/output/unity/unity/Runtime/Export/Logging/Logger.cs:60)
UnityEngine.Debug:Log (object) (at /Users/bokken/build/output/unity/unity/Runtime/Export/Debug/Debug.bindings.cs:123)
Tide.App.T0CaseThreadSmoke:Require (bool,string) (at /private/tmp/t0-case-thread-p1-native-20260910/build-project/Assets/_Project/App/T0GameSession.cs:304)
Tide.App.T0CaseThreadSmoke/<DrawerNavigation>d__26:MoveNext () (at /private/tmp/t0-case-thread-p1-native-20260910/build-project/Assets/_Project/App/T0GameSession.cs:403)
Tide.App.T0CaseThreadSmoke/<Start>d__11:MoveNext () (at /private/tmp/t0-case-thread-p1-native-20260910/build-project/Assets/_Project/App/T0GameSession.cs:295)
UnityEngine.SetupCoroutine:InvokeMoveNext (System.Collections.IEnumerator,intptr) (at /Users/bokken/build/output/unity/unity/Runtime/Export/Scripting/Coroutines.cs:17)

(Filename: /Users/bokken/build/output/unity/unity/Runtime/Export/Debug/Debug.bindings.cs Line: 123)

T0_CASE_THREAD_CHECK existing UI action available: hub-view-desk
UnityEngine.Debug:ExtractStackTraceNoAlloc (byte*,int,string)
UnityEngine.StackTraceUtility:ExtractStackTrace () (at /Users/bokken/build/output/unity/unity/Runtime/Export/Scripting/StackTrace.cs:35)
UnityEngine.DebugLogHandler:Internal_Log (UnityEngine.LogType,UnityEngine.LogOption,string,UnityEngine.Object)
UnityEngine.DebugLogHandler:LogFormat (UnityEngine.LogType,UnityEngine.Object,string,object[]) (at /Users/bokken/build/output/unity/unity/Runtime/Export/Logging/DebugLogHandler.cs:9)
UnityEngine.Logger:Log (UnityEngine.LogType,object) (at /Users/bokken/build/output/unity/unity/Runtime/Export/Logging/Logger.cs:60)
UnityEngine.Debug:Log (object) (at /Users/bokken/build/output/unity/unity/Runtime/Export/Debug/Debug.bindings.cs:123)
Tide.App.T0CaseThreadSmoke:Require (bool,string) (at /private/tmp/t0-case-thread-p1-native-20260910/build-project/Assets/_Project/App/T0GameSession.cs:304)
Tide.App.T0CaseThreadSmoke:Act (string) (at /private/tmp/t0-case-thread-p1-native-20260910/build-project/Assets/_Project/App/T0GameSession.cs:312)
Tide.App.T0CaseThreadSmoke/<DrawerNavigation>d__26:MoveNext () (at /private/tmp/t0-case-thread-p1-native-20260910/build-project/Assets/_Project/App/T0GameSession.cs:404)
Tide.App.T0CaseThreadSmoke/<Start>d__11:MoveNext () (at /private/tmp/t0-case-thread-p1-native-20260910/build-project/Assets/_Project/App/T0GameSession.cs:295)
UnityEngine.SetupCoroutine:InvokeMoveNext (System.Collections.IEnumerator,intptr) (at /Users/bokken/build/output/unity/unity/Runtime/Export/Scripting/Coroutines.cs:17)

(Filename: /Users/bokken/build/output/unity/unity/Runtime/Export/Debug/Debug.bindings.cs Line: 123)

T0_CASE_THREAD_CHECK occluded drawer keyboard navigation target available
UnityEngine.Debug:ExtractStackTraceNoAlloc (byte*,int,string)
UnityEngine.StackTraceUtility:ExtractStackTrace () (at /Users/bokken/build/output/unity/unity/Runtime/Export/Scripting/StackTrace.cs:35)
UnityEngine.DebugLogHandler:Internal_Log (UnityEngine.LogType,UnityEngine.LogOption,string,UnityEngine.Object)
UnityEngine.DebugLogHandler:LogFormat (UnityEngine.LogType,UnityEngine.Object,string,object[]) (at /Users/bokken/build/output/unity/unity/Runtime/Export/Logging/DebugLogHandler.cs:9)
UnityEngine.Logger:Log (UnityEngine.LogType,object) (at /Users/bokken/build/output/unity/unity/Runtime/Export/Logging/Logger.cs:60)
UnityEngine.Debug:Log (object) (at /Users/bokken/build/output/unity/unity/Runtime/Export/Debug/Debug.bindings.cs:123)
Tide.App.T0CaseThreadSmoke:Require (bool,string) (at /private/tmp/t0-case-thread-p1-native-20260910/build-project/Assets/_Project/App/T0GameSession.cs:304)
Tide.App.T0CaseThreadSmoke/<DrawerNavigation>d__26:MoveNext () (at /private/tmp/t0-case-thread-p1-native-20260910/build-project/Assets/_Project/App/T0GameSession.cs:404)
Tide.App.T0CaseThreadSmoke/<Start>d__11:MoveNext () (at /private/tmp/t0-case-thread-p1-native-20260910/build-project/Assets/_Project/App/T0GameSession.cs:295)
UnityEngine.SetupCoroutine:InvokeMoveNext (System.Collections.IEnumerator,intptr) (at /Users/bokken/build/output/unity/unity/Runtime/Export/Scripting/Coroutines.cs:17)

(Filename: /Users/bokken/build/output/unity/unity/Runtime/Export/Debug/Debug.bindings.cs Line: 123)

T0_CASE_THREAD_CHECK keyboard can still select occluded drawer
UnityEngine.Debug:ExtractStackTraceNoAlloc (byte*,int,string)
UnityEngine.StackTraceUtility:ExtractStackTrace () (at /Users/bokken/build/output/unity/unity/Runtime/Export/Scripting/StackTrace.cs:35)
UnityEngine.DebugLogHandler:Internal_Log (UnityEngine.LogType,UnityEngine.LogOption,string,UnityEngine.Object)
UnityEngine.DebugLogHandler:LogFormat (UnityEngine.LogType,UnityEngine.Object,string,object[]) (at /Users/bokken/build/output/unity/unity/Runtime/Export/Logging/DebugLogHandler.cs:9)
UnityEngine.Logger:Log (UnityEngine.LogType,object) (at /Users/bokken/build/output/unity/unity/Runtime/Export/Logging/Logger.cs:60)
UnityEngine.Debug:Log (object) (at /Users/bokken/build/output/unity/unity/Runtime/Export/Debug/Debug.bindings.cs:123)
Tide.App.T0CaseThreadSmoke:Require (bool,string) (at /private/tmp/t0-case-thread-p1-native-20260910/build-project/Assets/_Project/App/T0GameSession.cs:304)
Tide.App.T0CaseThreadSmoke/<DrawerNavigation>d__26:MoveNext () (at /private/tmp/t0-case-thread-p1-native-20260910/build-project/Assets/_Project/App/T0GameSession.cs:405)
Tide.App.T0CaseThreadSmoke/<Start>d__11:MoveNext () (at /private/tmp/t0-case-thread-p1-native-20260910/build-project/Assets/_Project/App/T0GameSession.cs:295)
UnityEngine.SetupCoroutine:InvokeMoveNext (System.Collections.IEnumerator,intptr) (at /Users/bokken/build/output/unity/unity/Runtime/Export/Scripting/Coroutines.cs:17)

(Filename: /Users/bokken/build/output/unity/unity/Runtime/Export/Debug/Debug.bindings.cs Line: 123)

T0_CASE_THREAD_CHECK existing UI action available: hub-view-desk
UnityEngine.Debug:ExtractStackTraceNoAlloc (byte*,int,string)
UnityEngine.StackTraceUtility:ExtractStackTrace () (at /Users/bokken/build/output/unity/unity/Runtime/Export/Scripting/StackTrace.cs:35)
UnityEngine.DebugLogHandler:Internal_Log (UnityEngine.LogType,UnityEngine.LogOption,string,UnityEngine.Object)
UnityEngine.DebugLogHandler:LogFormat (UnityEngine.LogType,UnityEngine.Object,string,object[]) (at /Users/bokken/build/output/unity/unity/Runtime/Export/Logging/DebugLogHandler.cs:9)
UnityEngine.Logger:Log (UnityEngine.LogType,object) (at /Users/bokken/build/output/unity/unity/Runtime/Export/Logging/Logger.cs:60)
UnityEngine.Debug:Log (object) (at /Users/bokken/build/output/unity/unity/Runtime/Export/Debug/Debug.bindings.cs:123)
Tide.App.T0CaseThreadSmoke:Require (bool,string) (at /private/tmp/t0-case-thread-p1-native-20260910/build-project/Assets/_Project/App/T0GameSession.cs:304)
Tide.App.T0CaseThreadSmoke:Act (string) (at /private/tmp/t0-case-thread-p1-native-20260910/build-project/Assets/_Project/App/T0GameSession.cs:312)
Tide.App.T0CaseThreadSmoke/<DrawerNavigation>d__26:MoveNext () (at /private/tmp/t0-case-thread-p1-native-20260910/build-project/Assets/_Project/App/T0GameSession.cs:406)
Tide.App.T0CaseThreadSmoke/<Start>d__11:MoveNext () (at /private/tmp/t0-case-thread-p1-native-20260910/build-project/Assets/_Project/App/T0GameSession.cs:295)
UnityEngine.SetupCoroutine:InvokeMoveNext (System.Collections.IEnumerator,intptr) (at /Users/bokken/build/output/unity/unity/Runtime/Export/Scripting/Coroutines.cs:17)

(Filename: /Users/bokken/build/output/unity/unity/Runtime/Export/Debug/Debug.bindings.cs Line: 123)

T0_CASE_THREAD_CHECK drawer pointer/keyboard navigation changes no puzzle journal or save files
UnityEngine.Debug:ExtractStackTraceNoAlloc (byte*,int,string)
UnityEngine.StackTraceUtility:ExtractStackTrace () (at /Users/bokken/build/output/unity/unity/Runtime/Export/Scripting/StackTrace.cs:35)
UnityEngine.DebugLogHandler:Internal_Log (UnityEngine.LogType,UnityEngine.LogOption,string,UnityEngine.Object)
UnityEngine.DebugLogHandler:LogFormat (UnityEngine.LogType,UnityEngine.Object,string,object[]) (at /Users/bokken/build/output/unity/unity/Runtime/Export/Logging/DebugLogHandler.cs:9)
UnityEngine.Logger:Log (UnityEngine.LogType,object) (at /Users/bokken/build/output/unity/unity/Runtime/Export/Logging/Logger.cs:60)
UnityEngine.Debug:Log (object) (at /Users/bokken/build/output/unity/unity/Runtime/Export/Debug/Debug.bindings.cs:123)
Tide.App.T0CaseThreadSmoke:Require (bool,string) (at /private/tmp/t0-case-thread-p1-native-20260910/build-project/Assets/_Project/App/T0GameSession.cs:304)
Tide.App.T0CaseThreadSmoke/<DrawerNavigation>d__26:MoveNext () (at /private/tmp/t0-case-thread-p1-native-20260910/build-project/Assets/_Project/App/T0GameSession.cs:407)
Tide.App.T0CaseThreadSmoke/<Start>d__11:MoveNext () (at /private/tmp/t0-case-thread-p1-native-20260910/build-project/Assets/_Project/App/T0GameSession.cs:295)
UnityEngine.SetupCoroutine:InvokeMoveNext (System.Collections.IEnumerator,intptr) (at /Users/bokken/build/output/unity/unity/Runtime/Export/Scripting/Coroutines.cs:17)

(Filename: /Users/bokken/build/output/unity/unity/Runtime/Export/Debug/Debug.bindings.cs Line: 123)

T0_CASE_THREAD_CHECK pointer target focusable: handover
UnityEngine.Debug:ExtractStackTraceNoAlloc (byte*,int,string)
UnityEngine.StackTraceUtility:ExtractStackTrace () (at /Users/bokken/build/output/unity/unity/Runtime/Export/Scripting/StackTrace.cs:35)
UnityEngine.DebugLogHandler:Internal_Log (UnityEngine.LogType,UnityEngine.LogOption,string,UnityEngine.Object)
UnityEngine.DebugLogHandler:LogFormat (UnityEngine.LogType,UnityEngine.Object,string,object[]) (at /Users/bokken/build/output/unity/unity/Runtime/Export/Logging/DebugLogHandler.cs:9)
UnityEngine.Logger:Log (UnityEngine.LogType,object) (at /Users/bokken/build/output/unity/unity/Runtime/Export/Logging/Logger.cs:60)
UnityEngine.Debug:Log (object) (at /Users/bokken/build/output/unity/unity/Runtime/Export/Debug/Debug.bindings.cs:123)
Tide.App.T0CaseThreadSmoke:Require (bool,string) (at /private/tmp/t0-case-thread-p1-native-20260910/build-project/Assets/_Project/App/T0GameSession.cs:304)
Tide.App.T0CaseThreadSmoke/<PointerAction>d__17:MoveNext () (at /private/tmp/t0-case-thread-p1-native-20260910/build-project/Assets/_Project/App/T0GameSession.cs:326)
Tide.App.T0CaseThreadSmoke/<Start>d__11:MoveNext () (at /private/tmp/t0-case-thread-p1-native-20260910/build-project/Assets/_Project/App/T0GameSession.cs:295)
UnityEngine.SetupCoroutine:InvokeMoveNext (System.Collections.IEnumerator,intptr) (at /Users/bokken/build/output/unity/unity/Runtime/Export/Scripting/Coroutines.cs:17)

(Filename: /Users/bokken/build/output/unity/unity/Runtime/Export/Debug/Debug.bindings.cs Line: 123)

T0_CASE_THREAD_CHECK pointer target selected: handover
UnityEngine.Debug:ExtractStackTraceNoAlloc (byte*,int,string)
UnityEngine.StackTraceUtility:ExtractStackTrace () (at /Users/bokken/build/output/unity/unity/Runtime/Export/Scripting/StackTrace.cs:35)
UnityEngine.DebugLogHandler:Internal_Log (UnityEngine.LogType,UnityEngine.LogOption,string,UnityEngine.Object)
UnityEngine.DebugLogHandler:LogFormat (UnityEngine.LogType,UnityEngine.Object,string,object[]) (at /Users/bokken/build/output/unity/unity/Runtime/Export/Logging/DebugLogHandler.cs:9)
UnityEngine.Logger:Log (UnityEngine.LogType,object) (at /Users/bokken/build/output/unity/unity/Runtime/Export/Logging/Logger.cs:60)
UnityEngine.Debug:Log (object) (at /Users/bokken/build/output/unity/unity/Runtime/Export/Debug/Debug.bindings.cs:123)
Tide.App.T0CaseThreadSmoke:Require (bool,string) (at /private/tmp/t0-case-thread-p1-native-20260910/build-project/Assets/_Project/App/T0GameSession.cs:304)
Tide.App.T0CaseThreadSmoke/<PointerAction>d__17:MoveNext () (at /private/tmp/t0-case-thread-p1-native-20260910/build-project/Assets/_Project/App/T0GameSession.cs:328)
Tide.App.T0CaseThreadSmoke/<Start>d__11:MoveNext () (at /private/tmp/t0-case-thread-p1-native-20260910/build-project/Assets/_Project/App/T0GameSession.cs:295)
UnityEngine.SetupCoroutine:InvokeMoveNext (System.Collections.IEnumerator,intptr) (at /Users/bokken/build/output/unity/unity/Runtime/Export/Scripting/Coroutines.cs:17)

(Filename: /Users/bokken/build/output/unity/unity/Runtime/Export/Debug/Debug.bindings.cs Line: 123)

T0_CASE_THREAD_CHECK pointer UI target inside screen: handover
UnityEngine.Debug:ExtractStackTraceNoAlloc (byte*,int,string)
UnityEngine.StackTraceUtility:ExtractStackTrace () (at /Users/bokken/build/output/unity/unity/Runtime/Export/Scripting/StackTrace.cs:35)
UnityEngine.DebugLogHandler:Internal_Log (UnityEngine.LogType,UnityEngine.LogOption,string,UnityEngine.Object)
UnityEngine.DebugLogHandler:LogFormat (UnityEngine.LogType,UnityEngine.Object,string,object[]) (at /Users/bokken/build/output/unity/unity/Runtime/Export/Logging/DebugLogHandler.cs:9)
UnityEngine.Logger:Log (UnityEngine.LogType,object) (at /Users/bokken/build/output/unity/unity/Runtime/Export/Logging/Logger.cs:60)
UnityEngine.Debug:Log (object) (at /Users/bokken/build/output/unity/unity/Runtime/Export/Debug/Debug.bindings.cs:123)
Tide.App.T0CaseThreadSmoke:Require (bool,string) (at /private/tmp/t0-case-thread-p1-native-20260910/build-project/Assets/_Project/App/T0GameSession.cs:304)
Tide.App.T0CaseThreadSmoke/<PointerAction>d__17:MoveNext () (at /private/tmp/t0-case-thread-p1-native-20260910/build-project/Assets/_Project/App/T0GameSession.cs:330)
Tide.App.T0CaseThreadSmoke/<Start>d__11:MoveNext () (at /private/tmp/t0-case-thread-p1-native-20260910/build-project/Assets/_Project/App/T0GameSession.cs:295)
UnityEngine.SetupCoroutine:InvokeMoveNext (System.Collections.IEnumerator,intptr) (at /Users/bokken/build/output/unity/unity/Runtime/Export/Scripting/Coroutines.cs:17)

(Filename: /Users/bokken/build/output/unity/unity/Runtime/Export/Debug/Debug.bindings.cs Line: 123)

T0_CASE_THREAD_CHECK native UI pointer opens existing handover document
UnityEngine.Debug:ExtractStackTraceNoAlloc (byte*,int,string)
UnityEngine.StackTraceUtility:ExtractStackTrace () (at /Users/bokken/build/output/unity/unity/Runtime/Export/Scripting/StackTrace.cs:35)
UnityEngine.DebugLogHandler:Internal_Log (UnityEngine.LogType,UnityEngine.LogOption,string,UnityEngine.Object)
UnityEngine.DebugLogHandler:LogFormat (UnityEngine.LogType,UnityEngine.Object,string,object[]) (at /Users/bokken/build/output/unity/unity/Runtime/Export/Logging/DebugLogHandler.cs:9)
UnityEngine.Logger:Log (UnityEngine.LogType,object) (at /Users/bokken/build/output/unity/unity/Runtime/Export/Logging/Logger.cs:60)
UnityEngine.Debug:Log (object) (at /Users/bokken/build/output/unity/unity/Runtime/Export/Debug/Debug.bindings.cs:123)
Tide.App.T0CaseThreadSmoke:Require (bool,string) (at /private/tmp/t0-case-thread-p1-native-20260910/build-project/Assets/_Project/App/T0GameSession.cs:304)
Tide.App.T0CaseThreadSmoke/<Run>d__28:MoveNext () (at /private/tmp/t0-case-thread-p1-native-20260910/build-project/Assets/_Project/App/T0GameSession.cs:430)
Tide.App.T0CaseThreadSmoke/<Start>d__11:MoveNext () (at /private/tmp/t0-case-thread-p1-native-20260910/build-project/Assets/_Project/App/T0GameSession.cs:295)
UnityEngine.SetupCoroutine:InvokeMoveNext (System.Collections.IEnumerator,intptr) (at /Users/bokken/build/output/unity/unity/Runtime/Export/Scripting/Coroutines.cs:17)

(Filename: /Users/bokken/build/output/unity/unity/Runtime/Export/Debug/Debug.bindings.cs Line: 123)

T0_CASE_THREAD_CHECK pointer target focusable: line-hb-l1
UnityEngine.Debug:ExtractStackTraceNoAlloc (byte*,int,string)
UnityEngine.StackTraceUtility:ExtractStackTrace () (at /Users/bokken/build/output/unity/unity/Runtime/Export/Scripting/StackTrace.cs:35)
UnityEngine.DebugLogHandler:Internal_Log (UnityEngine.LogType,UnityEngine.LogOption,string,UnityEngine.Object)
UnityEngine.DebugLogHandler:LogFormat (UnityEngine.LogType,UnityEngine.Object,string,object[]) (at /Users/bokken/build/output/unity/unity/Runtime/Export/Logging/DebugLogHandler.cs:9)
UnityEngine.Logger:Log (UnityEngine.LogType,object) (at /Users/bokken/build/output/unity/unity/Runtime/Export/Logging/Logger.cs:60)
UnityEngine.Debug:Log (object) (at /Users/bokken/build/output/unity/unity/Runtime/Export/Debug/Debug.bindings.cs:123)
Tide.App.T0CaseThreadSmoke:Require (bool,string) (at /private/tmp/t0-case-thread-p1-native-20260910/build-project/Assets/_Project/App/T0GameSession.cs:304)
Tide.App.T0CaseThreadSmoke/<PointerAction>d__17:MoveNext () (at /private/tmp/t0-case-thread-p1-native-20260910/build-project/Assets/_Project/App/T0GameSession.cs:326)
Tide.App.T0CaseThreadSmoke/<Start>d__11:MoveNext () (at /private/tmp/t0-case-thread-p1-native-20260910/build-project/Assets/_Project/App/T0GameSession.cs:295)
UnityEngine.SetupCoroutine:InvokeMoveNext (System.Collections.IEnumerator,intptr) (at /Users/bokken/build/output/unity/unity/Runtime/Export/Scripting/Coroutines.cs:17)

(Filename: /Users/bokken/build/output/unity/unity/Runtime/Export/Debug/Debug.bindings.cs Line: 123)

T0_CASE_THREAD_CHECK pointer target selected: line-hb-l1
UnityEngine.Debug:ExtractStackTraceNoAlloc (byte*,int,string)
UnityEngine.StackTraceUtility:ExtractStackTrace () (at /Users/bokken/build/output/unity/unity/Runtime/Export/Scripting/StackTrace.cs:35)
UnityEngine.DebugLogHandler:Internal_Log (UnityEngine.LogType,UnityEngine.LogOption,string,UnityEngine.Object)
UnityEngine.DebugLogHandler:LogFormat (UnityEngine.LogType,UnityEngine.Object,string,object[]) (at /Users/bokken/build/output/unity/unity/Runtime/Export/Logging/DebugLogHandler.cs:9)
UnityEngine.Logger:Log (UnityEngine.LogType,object) (at /Users/bokken/build/output/unity/unity/Runtime/Export/Logging/Logger.cs:60)
UnityEngine.Debug:Log (object) (at /Users/bokken/build/output/unity/unity/Runtime/Export/Debug/Debug.bindings.cs:123)
Tide.App.T0CaseThreadSmoke:Require (bool,string) (at /private/tmp/t0-case-thread-p1-native-20260910/build-project/Assets/_Project/App/T0GameSession.cs:304)
Tide.App.T0CaseThreadSmoke/<PointerAction>d__17:MoveNext () (at /private/tmp/t0-case-thread-p1-native-20260910/build-project/Assets/_Project/App/T0GameSession.cs:328)
Tide.App.T0CaseThreadSmoke/<Start>d__11:MoveNext () (at /private/tmp/t0-case-thread-p1-native-20260910/build-project/Assets/_Project/App/T0GameSession.cs:295)
UnityEngine.SetupCoroutine:InvokeMoveNext (System.Collections.IEnumerator,intptr) (at /Users/bokken/build/output/unity/unity/Runtime/Export/Scripting/Coroutines.cs:17)

(Filename: /Users/bokken/build/output/unity/unity/Runtime/Export/Debug/Debug.bindings.cs Line: 123)

T0_CASE_THREAD_CHECK pointer UI target inside screen: line-hb-l1
UnityEngine.Debug:ExtractStackTraceNoAlloc (byte*,int,string)
UnityEngine.StackTraceUtility:ExtractStackTrace () (at /Users/bokken/build/output/unity/unity/Runtime/Export/Scripting/StackTrace.cs:35)
UnityEngine.DebugLogHandler:Internal_Log (UnityEngine.LogType,UnityEngine.LogOption,string,UnityEngine.Object)
UnityEngine.DebugLogHandler:LogFormat (UnityEngine.LogType,UnityEngine.Object,string,object[]) (at /Users/bokken/build/output/unity/unity/Runtime/Export/Logging/DebugLogHandler.cs:9)
UnityEngine.Logger:Log (UnityEngine.LogType,object) (at /Users/bokken/build/output/unity/unity/Runtime/Export/Logging/Logger.cs:60)
UnityEngine.Debug:Log (object) (at /Users/bokken/build/output/unity/unity/Runtime/Export/Debug/Debug.bindings.cs:123)
Tide.App.T0CaseThreadSmoke:Require (bool,string) (at /private/tmp/t0-case-thread-p1-native-20260910/build-project/Assets/_Project/App/T0GameSession.cs:304)
Tide.App.T0CaseThreadSmoke/<PointerAction>d__17:MoveNext () (at /private/tmp/t0-case-thread-p1-native-20260910/build-project/Assets/_Project/App/T0GameSession.cs:330)
Tide.App.T0CaseThreadSmoke/<Start>d__11:MoveNext () (at /private/tmp/t0-case-thread-p1-native-20260910/build-project/Assets/_Project/App/T0GameSession.cs:295)
UnityEngine.SetupCoroutine:InvokeMoveNext (System.Collections.IEnumerator,intptr) (at /Users/bokken/build/output/unity/unity/Runtime/Export/Scripting/Coroutines.cs:17)

(Filename: /Users/bokken/build/output/unity/unity/Runtime/Export/Debug/Debug.bindings.cs Line: 123)

T0_CASE_THREAD_CHECK native UI pointer performs actual existing record action
UnityEngine.Debug:ExtractStackTraceNoAlloc (byte*,int,string)
UnityEngine.StackTraceUtility:ExtractStackTrace () (at /Users/bokken/build/output/unity/unity/Runtime/Export/Scripting/StackTrace.cs:35)
UnityEngine.DebugLogHandler:Internal_Log (UnityEngine.LogType,UnityEngine.LogOption,string,UnityEngine.Object)
UnityEngine.DebugLogHandler:LogFormat (UnityEngine.LogType,UnityEngine.Object,string,object[]) (at /Users/bokken/build/output/unity/unity/Runtime/Export/Logging/DebugLogHandler.cs:9)
UnityEngine.Logger:Log (UnityEngine.LogType,object) (at /Users/bokken/build/output/unity/unity/Runtime/Export/Logging/Logger.cs:60)
UnityEngine.Debug:Log (object) (at /Users/bokken/build/output/unity/unity/Runtime/Export/Debug/Debug.bindings.cs:123)
Tide.App.T0CaseThreadSmoke:Require (bool,string) (at /private/tmp/t0-case-thread-p1-native-20260910/build-project/Assets/_Project/App/T0GameSession.cs:304)
Tide.App.T0CaseThreadSmoke/<Run>d__28:MoveNext () (at /private/tmp/t0-case-thread-p1-native-20260910/build-project/Assets/_Project/App/T0GameSession.cs:431)
Tide.App.T0CaseThreadSmoke/<Start>d__11:MoveNext () (at /private/tmp/t0-case-thread-p1-native-20260910/build-project/Assets/_Project/App/T0GameSession.cs:295)
UnityEngine.SetupCoroutine:InvokeMoveNext (System.Collections.IEnumerator,intptr) (at /Users/bokken/build/output/unity/unity/Runtime/Export/Scripting/Coroutines.cs:17)

(Filename: /Users/bokken/build/output/unity/unity/Runtime/Export/Debug/Debug.bindings.cs Line: 123)

T0_CASE_THREAD_CHECK save queue settled
UnityEngine.Debug:ExtractStackTraceNoAlloc (byte*,int,string)
UnityEngine.StackTraceUtility:ExtractStackTrace () (at /Users/bokken/build/output/unity/unity/Runtime/Export/Scripting/StackTrace.cs:35)
UnityEngine.DebugLogHandler:Internal_Log (UnityEngine.LogType,UnityEngine.LogOption,string,UnityEngine.Object)
UnityEngine.DebugLogHandler:LogFormat (UnityEngine.LogType,UnityEngine.Object,string,object[]) (at /Users/bokken/build/output/unity/unity/Runtime/Export/Logging/DebugLogHandler.cs:9)
UnityEngine.Logger:Log (UnityEngine.LogType,object) (at /Users/bokken/build/output/unity/unity/Runtime/Export/Logging/Logger.cs:60)
UnityEngine.Debug:Log (object) (at /Users/bokken/build/output/unity/unity/Runtime/Export/Debug/Debug.bindings.cs:123)
Tide.App.T0CaseThreadSmoke:Require (bool,string) (at /private/tmp/t0-case-thread-p1-native-20260910/build-project/Assets/_Project/App/T0GameSession.cs:304)
Tide.App.T0CaseThreadSmoke/<Drain>d__18:MoveNext () (at /private/tmp/t0-case-thread-p1-native-20260910/build-project/Assets/_Project/App/T0GameSession.cs:337)
Tide.App.T0CaseThreadSmoke/<Start>d__11:MoveNext () (at /private/tmp/t0-case-thread-p1-native-20260910/build-project/Assets/_Project/App/T0GameSession.cs:295)
UnityEngine.SetupCoroutine:InvokeMoveNext (System.Collections.IEnumerator,intptr) (at /Users/bokken/build/output/unity/unity/Runtime/Export/Scripting/Coroutines.cs:17)

(Filename: /Users/bokken/build/output/unity/unity/Runtime/Export/Debug/Debug.bindings.cs Line: 123)

T0_CASE_THREAD_CHECK exactly one active CaseThread text
UnityEngine.Debug:ExtractStackTraceNoAlloc (byte*,int,string)
UnityEngine.StackTraceUtility:ExtractStackTrace () (at /Users/bokken/build/output/unity/unity/Runtime/Export/Scripting/StackTrace.cs:35)
UnityEngine.DebugLogHandler:Internal_Log (UnityEngine.LogType,UnityEngine.LogOption,string,UnityEngine.Object)
UnityEngine.DebugLogHandler:LogFormat (UnityEngine.LogType,UnityEngine.Object,string,object[]) (at /Users/bokken/build/output/unity/unity/Runtime/Export/Logging/DebugLogHandler.cs:9)
UnityEngine.Logger:Log (UnityEngine.LogType,object) (at /Users/bokken/build/output/unity/unity/Runtime/Export/Logging/Logger.cs:60)
UnityEngine.Debug:Log (object) (at /Users/bokken/build/output/unity/unity/Runtime/Export/Debug/Debug.bindings.cs:123)
Tide.App.T0CaseThreadSmoke:Require (bool,string) (at /private/tmp/t0-case-thread-p1-native-20260910/build-project/Assets/_Project/App/T0GameSession.cs:304)
Tide.App.T0CaseThreadSmoke:Card () (at /private/tmp/t0-case-thread-p1-native-20260910/build-project/Assets/_Project/App/T0GameSession.cs:341)
Tide.App.T0CaseThreadSmoke/<Inspect>d__23:MoveNext () (at /private/tmp/t0-case-thread-p1-native-20260910/build-project/Assets/_Project/App/T0GameSession.cs:366)
Tide.App.T0CaseThreadSmoke/<Start>d__11:MoveNext () (at /private/tmp/t0-case-thread-p1-native-20260910/build-project/Assets/_Project/App/T0GameSession.cs:295)
UnityEngine.SetupCoroutine:InvokeMoveNext (System.Collections.IEnumerator,intptr) (at /Users/bokken/build/output/unity/unity/Runtime/Export/Scripting/Coroutines.cs:17)

(Filename: /Users/bokken/build/output/unity/unity/Runtime/Export/Debug/Debug.bindings.cs Line: 123)

T0_CASE_THREAD_CHECK intake-document-0-of-2: objective visible
UnityEngine.Debug:ExtractStackTraceNoAlloc (byte*,int,string)
UnityEngine.StackTraceUtility:ExtractStackTrace () (at /Users/bokken/build/output/unity/unity/Runtime/Export/Scripting/StackTrace.cs:35)
UnityEngine.DebugLogHandler:Internal_Log (UnityEngine.LogType,UnityEngine.LogOption,string,UnityEngine.Object)
UnityEngine.DebugLogHandler:LogFormat (UnityEngine.LogType,UnityEngine.Object,string,object[]) (at /Users/bokken/build/output/unity/unity/Runtime/Export/Logging/DebugLogHandler.cs:9)
UnityEngine.Logger:Log (UnityEngine.LogType,object) (at /Users/bokken/build/output/unity/unity/Runtime/Export/Logging/Logger.cs:60)
UnityEngine.Debug:Log (object) (at /Users/bokken/build/output/unity/unity/Runtime/Export/Debug/Debug.bindings.cs:123)
Tide.App.T0CaseThreadSmoke:Require (bool,string) (at /private/tmp/t0-case-thread-p1-native-20260910/build-project/Assets/_Project/App/T0GameSession.cs:304)
Tide.App.T0CaseThreadSmoke/<Inspect>d__23:MoveNext () (at /private/tmp/t0-case-thread-p1-native-20260910/build-project/Assets/_Project/App/T0GameSession.cs:366)
Tide.App.T0CaseThreadSmoke/<Start>d__11:MoveNext () (at /private/tmp/t0-case-thread-p1-native-20260910/build-project/Assets/_Project/App/T0GameSession.cs:295)
UnityEngine.SetupCoroutine:InvokeMoveNext (System.Collections.IEnumerator,intptr) (at /Users/bokken/build/output/unity/unity/Runtime/Export/Scripting/Coroutines.cs:17)

(Filename: /Users/bokken/build/output/unity/unity/Runtime/Export/Debug/Debug.bindings.cs Line: 123)

T0_CASE_THREAD_CHECK intake-document-0-of-2: 0/2 visible
UnityEngine.Debug:ExtractStackTraceNoAlloc (byte*,int,string)
UnityEngine.StackTraceUtility:ExtractStackTrace () (at /Users/bokken/build/output/unity/unity/Runtime/Export/Scripting/StackTrace.cs:35)
UnityEngine.DebugLogHandler:Internal_Log (UnityEngine.LogType,UnityEngine.LogOption,string,UnityEngine.Object)
UnityEngine.DebugLogHandler:LogFormat (UnityEngine.LogType,UnityEngine.Object,string,object[]) (at /Users/bokken/build/output/unity/unity/Runtime/Export/Logging/DebugLogHandler.cs:9)
UnityEngine.Logger:Log (UnityEngine.LogType,object) (at /Users/bokken/build/output/unity/unity/Runtime/Export/Logging/Logger.cs:60)
UnityEngine.Debug:Log (object) (at /Users/bokken/build/output/unity/unity/Runtime/Export/Debug/Debug.bindings.cs:123)
Tide.App.T0CaseThreadSmoke:Require (bool,string) (at /private/tmp/t0-case-thread-p1-native-20260910/build-project/Assets/_Project/App/T0GameSession.cs:304)
Tide.App.T0CaseThreadSmoke/<Inspect>d__23:MoveNext () (at /private/tmp/t0-case-thread-p1-native-20260910/build-project/Assets/_Project/App/T0GameSession.cs:367)
Tide.App.T0CaseThreadSmoke/<Start>d__11:MoveNext () (at /private/tmp/t0-case-thread-p1-native-20260910/build-project/Assets/_Project/App/T0GameSession.cs:295)
UnityEngine.SetupCoroutine:InvokeMoveNext (System.Collections.IEnumerator,intptr) (at /Users/bokken/build/output/unity/unity/Runtime/Export/Scripting/Coroutines.cs:17)

(Filename: /Users/bokken/build/output/unity/unity/Runtime/Export/Debug/Debug.bindings.cs Line: 123)

T0_CASE_THREAD_CHECK intake-document-0-of-2: next line present
UnityEngine.Debug:ExtractStackTraceNoAlloc (byte*,int,string)
UnityEngine.StackTraceUtility:ExtractStackTrace () (at /Users/bokken/build/output/unity/unity/Runtime/Export/Scripting/StackTrace.cs:35)
UnityEngine.DebugLogHandler:Internal_Log (UnityEngine.LogType,UnityEngine.LogOption,string,UnityEngine.Object)
UnityEngine.DebugLogHandler:LogFormat (UnityEngine.LogType,UnityEngine.Object,string,object[]) (at /Users/bokken/build/output/unity/unity/Runtime/Export/Logging/DebugLogHandler.cs:9)
UnityEngine.Logger:Log (UnityEngine.LogType,object) (at /Users/bokken/build/output/unity/unity/Runtime/Export/Logging/Logger.cs:60)
UnityEngine.Debug:Log (object) (at /Users/bokken/build/output/unity/unity/Runtime/Export/Debug/Debug.bindings.cs:123)
Tide.App.T0CaseThreadSmoke:Require (bool,string) (at /private/tmp/t0-case-thread-p1-native-20260910/build-project/Assets/_Project/App/T0GameSession.cs:304)
Tide.App.T0CaseThreadSmoke:GenericGuidance (UnityEngine.UI.Text,string) (at /private/tmp/t0-case-thread-p1-native-20260910/build-project/Assets/_Project/App/T0GameSession.cs:356)
Tide.App.T0CaseThreadSmoke/<Inspect>d__23:MoveNext () (at /private/tmp/t0-case-thread-p1-native-20260910/build-project/Assets/_Project/App/T0GameSession.cs:368)
Tide.App.T0CaseThreadSmoke/<Start>d__11:MoveNext () (at /private/tmp/t0-case-thread-p1-native-20260910/build-project/Assets/_Project/App/T0GameSession.cs:295)
UnityEngine.SetupCoroutine:InvokeMoveNext (System.Collections.IEnumerator,intptr) (at /Users/bokken/build/output/unity/unity/Runtime/Export/Scripting/Coroutines.cs:17)

(Filename: /Users/bokken/build/output/unity/unity/Runtime/Export/Debug/Debug.bindings.cs Line: 123)

T0_CASE_THREAD_CHECK intake-document-0-of-2: next line is generic objective guidance: 기록을 읽고 근거를 살펴보세요.
UnityEngine.Debug:ExtractStackTraceNoAlloc (byte*,int,string)
UnityEngine.StackTraceUtility:ExtractStackTrace () (at /Users/bokken/build/output/unity/unity/Runtime/Export/Scripting/StackTrace.cs:35)
UnityEngine.DebugLogHandler:Internal_Log (UnityEngine.LogType,UnityEngine.LogOption,string,UnityEngine.Object)
UnityEngine.DebugLogHandler:LogFormat (UnityEngine.LogType,UnityEngine.Object,string,object[]) (at /Users/bokken/build/output/unity/unity/Runtime/Export/Logging/DebugLogHandler.cs:9)
UnityEngine.Logger:Log (UnityEngine.LogType,object) (at /Users/bokken/build/output/unity/unity/Runtime/Export/Logging/Logger.cs:60)
UnityEngine.Debug:Log (object) (at /Users/bokken/build/output/unity/unity/Runtime/Export/Debug/Debug.bindings.cs:123)
Tide.App.T0CaseThreadSmoke:Require (bool,string) (at /private/tmp/t0-case-thread-p1-native-20260910/build-project/Assets/_Project/App/T0GameSession.cs:304)
Tide.App.T0CaseThreadSmoke:GenericGuidance (UnityEngine.UI.Text,string) (at /private/tmp/t0-case-thread-p1-native-20260910/build-project/Assets/_Project/App/T0GameSession.cs:358)
Tide.App.T0CaseThreadSmoke/<Inspect>d__23:MoveNext () (at /private/tmp/t0-case-thread-p1-native-20260910/build-project/Assets/_Project/App/T0GameSession.cs:368)
Tide.App.T0CaseThreadSmoke/<Start>d__11:MoveNext () (at /private/tmp/t0-case-thread-p1-native-20260910/build-project/Assets/_Project/App/T0GameSession.cs:295)
UnityEngine.SetupCoroutine:InvokeMoveNext (System.Collections.IEnumerator,intptr) (at /Users/bokken/build/output/unity/unity/Runtime/Export/Scripting/Coroutines.cs:17)

(Filename: /Users/bokken/build/output/unity/unity/Runtime/Export/Debug/Debug.bindings.cs Line: 123)

T0_CASE_THREAD_CHECK intake-document-0-of-2: no disclosure of rec-handover-brief
UnityEngine.Debug:ExtractStackTraceNoAlloc (byte*,int,string)
UnityEngine.StackTraceUtility:ExtractStackTrace () (at /Users/bokken/build/output/unity/unity/Runtime/Export/Scripting/StackTrace.cs:35)
UnityEngine.DebugLogHandler:Internal_Log (UnityEngine.LogType,UnityEngine.LogOption,string,UnityEngine.Object)
UnityEngine.DebugLogHandler:LogFormat (UnityEngine.LogType,UnityEngine.Object,string,object[]) (at /Users/bokken/build/output/unity/unity/Runtime/Export/Logging/DebugLogHandler.cs:9)
UnityEngine.Logger:Log (UnityEngine.LogType,object) (at /Users/bokken/build/output/unity/unity/Runtime/Export/Logging/Logger.cs:60)
UnityEngine.Debug:Log (object) (at /Users/bokken/build/output/unity/unity/Runtime/Export/Debug/Debug.bindings.cs:123)
Tide.App.T0CaseThreadSmoke:Require (bool,string) (at /private/tmp/t0-case-thread-p1-native-20260910/build-project/Assets/_Project/App/T0GameSession.cs:304)
Tide.App.T0CaseThreadSmoke:GenericGuidance (UnityEngine.UI.Text,string) (at /private/tmp/t0-case-thread-p1-native-20260910/build-project/Assets/_Project/App/T0GameSession.cs:359)
Tide.App.T0CaseThreadSmoke/<Inspect>d__23:MoveNext () (at /private/tmp/t0-case-thread-p1-native-20260910/build-project/Assets/_Project/App/T0GameSession.cs:368)
Tide.App.T0CaseThreadSmoke/<Start>d__11:MoveNext () (at /private/tmp/t0-case-thread-p1-native-20260910/build-project/Assets/_Project/App/T0GameSession.cs:295)
UnityEngine.SetupCoroutine:InvokeMoveNext (System.Collections.IEnumerator,intptr) (at /Users/bokken/build/output/unity/unity/Runtime/Export/Scripting/Coroutines.cs:17)

(Filename: /Users/bokken/build/output/unity/unity/Runtime/Export/Debug/Debug.bindings.cs Line: 123)

T0_CASE_THREAD_CHECK intake-document-0-of-2: no disclosure of rec-plate-standard-hub
UnityEngine.Debug:ExtractStackTraceNoAlloc (byte*,int,string)
UnityEngine.StackTraceUtility:ExtractStackTrace () (at /Users/bokken/build/output/unity/unity/Runtime/Export/Scripting/StackTrace.cs:35)
UnityEngine.DebugLogHandler:Internal_Log (UnityEngine.LogType,UnityEngine.LogOption,string,UnityEngine.Object)
UnityEngine.DebugLogHandler:LogFormat (UnityEngine.LogType,UnityEngine.Object,string,object[]) (at /Users/bokken/build/output/unity/unity/Runtime/Export/Logging/DebugLogHandler.cs:9)
UnityEngine.Logger:Log (UnityEngine.LogType,object) (at /Users/bokken/build/output/unity/unity/Runtime/Export/Logging/Logger.cs:60)
UnityEngine.Debug:Log (object) (at /Users/bokken/build/output/unity/unity/Runtime/Export/Debug/Debug.bindings.cs:123)
Tide.App.T0CaseThreadSmoke:Require (bool,string) (at /private/tmp/t0-case-thread-p1-native-20260910/build-project/Assets/_Project/App/T0GameSession.cs:304)
Tide.App.T0CaseThreadSmoke:GenericGuidance (UnityEngine.UI.Text,string) (at /private/tmp/t0-case-thread-p1-native-20260910/build-project/Assets/_Project/App/T0GameSession.cs:359)
Tide.App.T0CaseThreadSmoke/<Inspect>d__23:MoveNext () (at /private/tmp/t0-case-thread-p1-native-20260910/build-project/Assets/_Project/App/T0GameSession.cs:368)
Tide.App.T0CaseThreadSmoke/<Start>d__11:MoveNext () (at /private/tmp/t0-case-thread-p1-native-20260910/build-project/Assets/_Project/App/T0GameSession.cs:295)
UnityEngine.SetupCoroutine:InvokeMoveNext (System.Collections.IEnumerator,intptr) (at /Users/bokken/build/output/unity/unity/Runtime/Export/Scripting/Coroutines.cs:17)

(Filename: /Users/bokken/build/output/unity/unity/Runtime/Export/Debug/Debug.bindings.cs Line: 123)

T0_CASE_THREAD_CHECK intake-document-0-of-2: no disclosure of rec-tide-ledger-bureau
UnityEngine.Debug:ExtractStackTraceNoAlloc (byte*,int,string)
UnityEngine.StackTraceUtility:ExtractStackTrace () (at /Users/bokken/build/output/unity/unity/Runtime/Export/Scripting/StackTrace.cs:35)
UnityEngine.DebugLogHandler:Internal_Log (UnityEngine.LogType,UnityEngine.LogOption,string,UnityEngine.Object)
UnityEngine.DebugLogHandler:LogFormat (UnityEngine.LogType,UnityEngine.Object,string,object[]) (at /Users/bokken/build/output/unity/unity/Runtime/Export/Logging/DebugLogHandler.cs:9)
UnityEngine.Logger:Log (UnityEngine.LogType,object) (at /Users/bokken/build/output/unity/unity/Runtime/Export/Logging/Logger.cs:60)
UnityEngine.Debug:Log (object) (at /Users/bokken/build/output/unity/unity/Runtime/Export/Debug/Debug.bindings.cs:123)
Tide.App.T0CaseThreadSmoke:Require (bool,string) (at /private/tmp/t0-case-thread-p1-native-20260910/build-project/Assets/_Project/App/T0GameSession.cs:304)
Tide.App.T0CaseThreadSmoke:GenericGuidance (UnityEngine.UI.Text,string) (at /private/tmp/t0-case-thread-p1-native-20260910/build-project/Assets/_Project/App/T0GameSession.cs:359)
Tide.App.T0CaseThreadSmoke/<Inspect>d__23:MoveNext () (at /private/tmp/t0-case-thread-p1-native-20260910/build-project/Assets/_Project/App/T0GameSession.cs:368)
Tide.App.T0CaseThreadSmoke/<Start>d__11:MoveNext () (at /private/tmp/t0-case-thread-p1-native-20260910/build-project/Assets/_Project/App/T0GameSession.cs:295)
UnityEngine.SetupCoroutine:InvokeMoveNext (System.Collections.IEnumerator,intptr) (at /Users/bokken/build/output/unity/unity/Runtime/Export/Scripting/Coroutines.cs:17)

(Filename: /Users/bokken/build/output/unity/unity/Runtime/Export/Debug/Debug.bindings.cs Line: 123)

T0_CASE_THREAD_CHECK intake-document-0-of-2: no disclosure of rec-transfer-list
UnityEngine.Debug:ExtractStackTraceNoAlloc (byte*,int,string)
UnityEngine.StackTraceUtility:ExtractStackTrace () (at /Users/bokken/build/output/unity/unity/Runtime/Export/Scripting/StackTrace.cs:35)
UnityEngine.DebugLogHandler:Internal_Log (UnityEngine.LogType,UnityEngine.LogOption,string,UnityEngine.Object)
UnityEngine.DebugLogHandler:LogFormat (UnityEngine.LogType,UnityEngine.Object,string,object[]) (at /Users/bokken/build/output/unity/unity/Runtime/Export/Logging/DebugLogHandler.cs:9)
UnityEngine.Logger:Log (UnityEngine.LogType,object) (at /Users/bokken/build/output/unity/unity/Runtime/Export/Logging/Logger.cs:60)
UnityEngine.Debug:Log (object) (at /Users/bokken/build/output/unity/unity/Runtime/Export/Debug/Debug.bindings.cs:123)
Tide.App.T0CaseThreadSmoke:Require (bool,string) (at /private/tmp/t0-case-thread-p1-native-20260910/build-project/Assets/_Project/App/T0GameSession.cs:304)
Tide.App.T0CaseThreadSmoke:GenericGuidance (UnityEngine.UI.Text,string) (at /private/tmp/t0-case-thread-p1-native-20260910/build-project/Assets/_Project/App/T0GameSession.cs:359)
Tide.App.T0CaseThreadSmoke/<Inspect>d__23:MoveNext () (at /private/tmp/t0-case-thread-p1-native-20260910/build-project/Assets/_Project/App/T0GameSession.cs:368)
Tide.App.T0CaseThreadSmoke/<Start>d__11:MoveNext () (at /private/tmp/t0-case-thread-p1-native-20260910/build-project/Assets/_Project/App/T0GameSession.cs:295)
UnityEngine.SetupCoroutine:InvokeMoveNext (System.Collections.IEnumerator,intptr) (at /Users/bokken/build/output/unity/unity/Runtime/Export/Scripting/Coroutines.cs:17)

(Filename: /Users/bokken/build/output/unity/unity/Runtime/Export/Debug/Debug.bindings.cs Line: 123)

T0_CASE_THREAD_CHECK intake-document-0-of-2: no disclosure of rec-watchlog-bureau
UnityEngine.Debug:ExtractStackTraceNoAlloc (byte*,int,string)
UnityEngine.StackTraceUtility:ExtractStackTrace () (at /Users/bokken/build/output/unity/unity/Runtime/Export/Scripting/StackTrace.cs:35)
UnityEngine.DebugLogHandler:Internal_Log (UnityEngine.LogType,UnityEngine.LogOption,string,UnityEngine.Object)
UnityEngine.DebugLogHandler:LogFormat (UnityEngine.LogType,UnityEngine.Object,string,object[]) (at /Users/bokken/build/output/unity/unity/Runtime/Export/Logging/DebugLogHandler.cs:9)
UnityEngine.Logger:Log (UnityEngine.LogType,object) (at /Users/bokken/build/output/unity/unity/Runtime/Export/Logging/Logger.cs:60)
UnityEngine.Debug:Log (object) (at /Users/bokken/build/output/unity/unity/Runtime/Export/Debug/Debug.bindings.cs:123)
Tide.App.T0CaseThreadSmoke:Require (bool,string) (at /private/tmp/t0-case-thread-p1-native-20260910/build-project/Assets/_Project/App/T0GameSession.cs:304)
Tide.App.T0CaseThreadSmoke:GenericGuidance (UnityEngine.UI.Text,string) (at /private/tmp/t0-case-thread-p1-native-20260910/build-project/Assets/_Project/App/T0GameSession.cs:359)
Tide.App.T0CaseThreadSmoke/<Inspect>d__23:MoveNext () (at /private/tmp/t0-case-thread-p1-native-20260910/build-project/Assets/_Project/App/T0GameSession.cs:368)
Tide.App.T0CaseThreadSmoke/<Start>d__11:MoveNext () (at /private/tmp/t0-case-thread-p1-native-20260910/build-project/Assets/_Project/App/T0GameSession.cs:295)
UnityEngine.SetupCoroutine:InvokeMoveNext (System.Collections.IEnumerator,intptr) (at /Users/bokken/build/output/unity/unity/Runtime/Export/Scripting/Coroutines.cs:17)

(Filename: /Users/bokken/build/output/unity/unity/Runtime/Export/Debug/Debug.bindings.cs Line: 123)

T0_CASE_THREAD_CHECK intake-document-0-of-2: no disclosure of 근무 규정 필사본
UnityEngine.Debug:ExtractStackTraceNoAlloc (byte*,int,string)
UnityEngine.StackTraceUtility:ExtractStackTrace () (at /Users/bokken/build/output/unity/unity/Runtime/Export/Scripting/StackTrace.cs:35)
UnityEngine.DebugLogHandler:Internal_Log (UnityEngine.LogType,UnityEngine.LogOption,string,UnityEngine.Object)
UnityEngine.DebugLogHandler:LogFormat (UnityEngine.LogType,UnityEngine.Object,string,object[]) (at /Users/bokken/build/output/unity/unity/Runtime/Export/Logging/DebugLogHandler.cs:9)
UnityEngine.Logger:Log (UnityEngine.LogType,object) (at /Users/bokken/build/output/unity/unity/Runtime/Export/Logging/Logger.cs:60)
UnityEngine.Debug:Log (object) (at /Users/bokken/build/output/unity/unity/Runtime/Export/Debug/Debug.bindings.cs:123)
Tide.App.T0CaseThreadSmoke:Require (bool,string) (at /private/tmp/t0-case-thread-p1-native-20260910/build-project/Assets/_Project/App/T0GameSession.cs:304)
Tide.App.T0CaseThreadSmoke:GenericGuidance (UnityEngine.UI.Text,string) (at /private/tmp/t0-case-thread-p1-native-20260910/build-project/Assets/_Project/App/T0GameSession.cs:359)
Tide.App.T0CaseThreadSmoke/<Inspect>d__23:MoveNext () (at /private/tmp/t0-case-thread-p1-native-20260910/build-project/Assets/_Project/App/T0GameSession.cs:368)
Tide.App.T0CaseThreadSmoke/<Start>d__11:MoveNext () (at /private/tmp/t0-case-thread-p1-native-20260910/build-project/Assets/_Project/App/T0GameSession.cs:295)
UnityEngine.SetupCoroutine:InvokeMoveNext (System.Collections.IEnumerator,intptr) (at /Users/bokken/build/output/unity/unity/Runtime/Export/Scripting/Coroutines.cs:17)

(Filename: /Users/bokken/build/output/unity/unity/Runtime/Export/Debug/Debug.bindings.cs Line: 123)

T0_CASE_THREAD_CHECK intake-document-0-of-2: no disclosure of 기록국 조위대장
UnityEngine.Debug:ExtractStackTraceNoAlloc (byte*,int,string)
UnityEngine.StackTraceUtility:ExtractStackTrace () (at /Users/bokken/build/output/unity/unity/Runtime/Export/Scripting/StackTrace.cs:35)
UnityEngine.DebugLogHandler:Internal_Log (UnityEngine.LogType,UnityEngine.LogOption,string,UnityEngine.Object)
UnityEngine.DebugLogHandler:LogFormat (UnityEngine.LogType,UnityEngine.Object,string,object[]) (at /Users/bokken/build/output/unity/unity/Runtime/Export/Logging/DebugLogHandler.cs:9)
UnityEngine.Logger:Log (UnityEngine.LogType,object) (at /Users/bokken/build/output/unity/unity/Runtime/Export/Logging/Logger.cs:60)
UnityEngine.Debug:Log (object) (at /Users/bokken/build/output/unity/unity/Runtime/Export/Debug/Debug.bindings.cs:123)
Tide.App.T0CaseThreadSmoke:Require (bool,string) (at /private/tmp/t0-case-thread-p1-native-20260910/build-project/Assets/_Project/App/T0GameSession.cs:304)
Tide.App.T0CaseThreadSmoke:GenericGuidance (UnityEngine.UI.Text,string) (at /private/tmp/t0-case-thread-p1-native-20260910/build-project/Assets/_Project/App/T0GameSession.cs:359)
Tide.App.T0CaseThreadSmoke/<Inspect>d__23:MoveNext () (at /private/tmp/t0-case-thread-p1-native-20260910/build-project/Assets/_Project/App/T0GameSession.cs:368)
Tide.App.T0CaseThreadSmoke/<Start>d__11:MoveNext () (at /private/tmp/t0-case-thread-p1-native-20260910/build-project/Assets/_Project/App/T0GameSession.cs:295)
UnityEngine.SetupCoroutine:InvokeMoveNext (System.Collections.IEnumerator,intptr) (at /Users/bokken/build/output/unity/unity/Runtime/Export/Scripting/Coroutines.cs:17)

(Filename: /Users/bokken/build/output/unity/unity/Runtime/Export/Debug/Debug.bindings.cs Line: 123)

T0_CASE_THREAD_CHECK intake-document-0-of-2: no disclosure of 당직실 표준판
UnityEngine.Debug:ExtractStackTraceNoAlloc (byte*,int,string)
UnityEngine.StackTraceUtility:ExtractStackTrace () (at /Users/bokken/build/output/unity/unity/Runtime/Export/Scripting/StackTrace.cs:35)
UnityEngine.DebugLogHandler:Internal_Log (UnityEngine.LogType,UnityEngine.LogOption,string,UnityEngine.Object)
UnityEngine.DebugLogHandler:LogFormat (UnityEngine.LogType,UnityEngine.Object,string,object[]) (at /Users/bokken/build/output/unity/unity/Runtime/Export/Logging/DebugLogHandler.cs:9)
UnityEngine.Logger:Log (UnityEngine.LogType,object) (at /Users/bokken/build/output/unity/unity/Runtime/Export/Logging/Logger.cs:60)
UnityEngine.Debug:Log (object) (at /Users/bokken/build/output/unity/unity/Runtime/Export/Debug/Debug.bindings.cs:123)
Tide.App.T0CaseThreadSmoke:Require (bool,string) (at /private/tmp/t0-case-thread-p1-native-20260910/build-project/Assets/_Project/App/T0GameSession.cs:304)
Tide.App.T0CaseThreadSmoke:GenericGuidance (UnityEngine.UI.Text,string) (at /private/tmp/t0-case-thread-p1-native-20260910/build-project/Assets/_Project/App/T0GameSession.cs:359)
Tide.App.T0CaseThreadSmoke/<Inspect>d__23:MoveNext () (at /private/tmp/t0-case-thread-p1-native-20260910/build-project/Assets/_Project/App/T0GameSession.cs:368)
Tide.App.T0CaseThreadSmoke/<Start>d__11:MoveNext () (at /private/tmp/t0-case-thread-p1-native-20260910/build-project/Assets/_Project/App/T0GameSession.cs:295)
UnityEngine.SetupCoroutine:InvokeMoveNext (System.Collections.IEnumerator,intptr) (at /Users/bokken/build/output/unity/unity/Runtime/Export/Scripting/Coroutines.cs:17)

(Filename: /Users/bokken/build/output/unity/unity/Runtime/Export/Debug/Debug.bindings.cs Line: 123)

T0_CASE_THREAD_CHECK intake-document-0-of-2: no disclosure of 이관 목록
UnityEngine.Debug:ExtractStackTraceNoAlloc (byte*,int,string)
UnityEngine.StackTraceUtility:ExtractStackTrace () (at /Users/bokken/build/output/unity/unity/Runtime/Export/Scripting/StackTrace.cs:35)
UnityEngine.DebugLogHandler:Internal_Log (UnityEngine.LogType,UnityEngine.LogOption,string,UnityEngine.Object)
UnityEngine.DebugLogHandler:LogFormat (UnityEngine.LogType,UnityEngine.Object,string,object[]) (at /Users/bokken/build/output/unity/unity/Runtime/Export/Logging/DebugLogHandler.cs:9)
UnityEngine.Logger:Log (UnityEngine.LogType,object) (at /Users/bokken/build/output/unity/unity/Runtime/Export/Logging/Logger.cs:60)
UnityEngine.Debug:Log (object) (at /Users/bokken/build/output/unity/unity/Runtime/Export/Debug/Debug.bindings.cs:123)
Tide.App.T0CaseThreadSmoke:Require (bool,string) (at /private/tmp/t0-case-thread-p1-native-20260910/build-project/Assets/_Project/App/T0GameSession.cs:304)
Tide.App.T0CaseThreadSmoke:GenericGuidance (UnityEngine.UI.Text,string) (at /private/tmp/t0-case-thread-p1-native-20260910/build-project/Assets/_Project/App/T0GameSession.cs:359)
Tide.App.T0CaseThreadSmoke/<Inspect>d__23:MoveNext () (at /private/tmp/t0-case-thread-p1-native-20260910/build-project/Assets/_Project/App/T0GameSession.cs:368)
Tide.App.T0CaseThreadSmoke/<Start>d__11:MoveNext () (at /private/tmp/t0-case-thread-p1-native-20260910/build-project/Assets/_Project/App/T0GameSession.cs:295)
UnityEngine.SetupCoroutine:InvokeMoveNext (System.Collections.IEnumerator,intptr) (at /Users/bokken/build/output/unity/unity/Runtime/Export/Scripting/Coroutines.cs:17)

(Filename: /Users/bokken/build/output/unity/unity/Runtime/Export/Debug/Debug.bindings.cs Line: 123)

T0_CASE_THREAD_CHECK intake-document-0-of-2: no disclosure of 인수 각서
UnityEngine.Debug:ExtractStackTraceNoAlloc (byte*,int,string)
UnityEngine.StackTraceUtility:ExtractStackTrace () (at /Users/bokken/build/output/unity/unity/Runtime/Export/Scripting/StackTrace.cs:35)
UnityEngine.DebugLogHandler:Internal_Log (UnityEngine.LogType,UnityEngine.LogOption,string,UnityEngine.Object)
UnityEngine.DebugLogHandler:LogFormat (UnityEngine.LogType,UnityEngine.Object,string,object[]) (at /Users/bokken/build/output/unity/unity/Runtime/Export/Logging/DebugLogHandler.cs:9)
UnityEngine.Logger:Log (UnityEngine.LogType,object) (at /Users/bokken/build/output/unity/unity/Runtime/Export/Logging/Logger.cs:60)
UnityEngine.Debug:Log (object) (at /Users/bokken/build/output/unity/unity/Runtime/Export/Debug/Debug.bindings.cs:123)
Tide.App.T0CaseThreadSmoke:Require (bool,string) (at /private/tmp/t0-case-thread-p1-native-20260910/build-project/Assets/_Project/App/T0GameSession.cs:304)
Tide.App.T0CaseThreadSmoke:GenericGuidance (UnityEngine.UI.Text,string) (at /private/tmp/t0-case-thread-p1-native-20260910/build-project/Assets/_Project/App/T0GameSession.cs:359)
Tide.App.T0CaseThreadSmoke/<Inspect>d__23:MoveNext () (at /private/tmp/t0-case-thread-p1-native-20260910/build-project/Assets/_Project/App/T0GameSession.cs:368)
Tide.App.T0CaseThreadSmoke/<Start>d__11:MoveNext () (at /private/tmp/t0-case-thread-p1-native-20260910/build-project/Assets/_Project/App/T0GameSession.cs:295)
UnityEngine.SetupCoroutine:InvokeMoveNext (System.Collections.IEnumerator,intptr) (at /Users/bokken/build/output/unity/unity/Runtime/Export/Scripting/Coroutines.cs:17)

(Filename: /Users/bokken/build/output/unity/unity/Runtime/Export/Debug/Debug.bindings.cs Line: 123)

T0_CASE_THREAD_CHECK intake-document-0-of-2: no disclosure of 원판
UnityEngine.Debug:ExtractStackTraceNoAlloc (byte*,int,string)
UnityEngine.StackTraceUtility:ExtractStackTrace () (at /Users/bokken/build/output/unity/unity/Runtime/Export/Scripting/StackTrace.cs:35)
UnityEngine.DebugLogHandler:Internal_Log (UnityEngine.LogType,UnityEngine.LogOption,string,UnityEngine.Object)
UnityEngine.DebugLogHandler:LogFormat (UnityEngine.LogType,UnityEngine.Object,string,object[]) (at /Users/bokken/build/output/unity/unity/Runtime/Export/Logging/DebugLogHandler.cs:9)
UnityEngine.Logger:Log (UnityEngine.LogType,object) (at /Users/bokken/build/output/unity/unity/Runtime/Export/Logging/Logger.cs:60)
UnityEngine.Debug:Log (object) (at /Users/bokken/build/output/unity/unity/Runtime/Export/Debug/Debug.bindings.cs:123)
Tide.App.T0CaseThreadSmoke:Require (bool,string) (at /private/tmp/t0-case-thread-p1-native-20260910/build-project/Assets/_Project/App/T0GameSession.cs:304)
Tide.App.T0CaseThreadSmoke:GenericGuidance (UnityEngine.UI.Text,string) (at /private/tmp/t0-case-thread-p1-native-20260910/build-project/Assets/_Project/App/T0GameSession.cs:359)
Tide.App.T0CaseThreadSmoke/<Inspect>d__23:MoveNext () (at /private/tmp/t0-case-thread-p1-native-20260910/build-project/Assets/_Project/App/T0GameSession.cs:368)
Tide.App.T0CaseThreadSmoke/<Start>d__11:MoveNext () (at /private/tmp/t0-case-thread-p1-native-20260910/build-project/Assets/_Project/App/T0GameSession.cs:295)
UnityEngine.SetupCoroutine:InvokeMoveNext (System.Collections.IEnumerator,intptr) (at /Users/bokken/build/output/unity/unity/Runtime/Export/Scripting/Coroutines.cs:17)

(Filename: /Users/bokken/build/output/unity/unity/Runtime/Export/Debug/Debug.bindings.cs Line: 123)

T0_CASE_THREAD_CHECK intake-document-0-of-2: no disclosure of 장부
UnityEngine.Debug:ExtractStackTraceNoAlloc (byte*,int,string)
UnityEngine.StackTraceUtility:ExtractStackTrace () (at /Users/bokken/build/output/unity/unity/Runtime/Export/Scripting/StackTrace.cs:35)
UnityEngine.DebugLogHandler:Internal_Log (UnityEngine.LogType,UnityEngine.LogOption,string,UnityEngine.Object)
UnityEngine.DebugLogHandler:LogFormat (UnityEngine.LogType,UnityEngine.Object,string,object[]) (at /Users/bokken/build/output/unity/unity/Runtime/Export/Logging/DebugLogHandler.cs:9)
UnityEngine.Logger:Log (UnityEngine.LogType,object) (at /Users/bokken/build/output/unity/unity/Runtime/Export/Logging/Logger.cs:60)
UnityEngine.Debug:Log (object) (at /Users/bokken/build/output/unity/unity/Runtime/Export/Debug/Debug.bindings.cs:123)
Tide.App.T0CaseThreadSmoke:Require (bool,string) (at /private/tmp/t0-case-thread-p1-native-20260910/build-project/Assets/_Project/App/T0GameSession.cs:304)
Tide.App.T0CaseThreadSmoke:GenericGuidance (UnityEngine.UI.Text,string) (at /private/tmp/t0-case-thread-p1-native-20260910/build-project/Assets/_Project/App/T0GameSession.cs:359)
Tide.App.T0CaseThreadSmoke/<Inspect>d__23:MoveNext () (at /private/tmp/t0-case-thread-p1-native-20260910/build-project/Assets/_Project/App/T0GameSession.cs:368)
Tide.App.T0CaseThreadSmoke/<Start>d__11:MoveNext () (at /private/tmp/t0-case-thread-p1-native-20260910/build-project/Assets/_Project/App/T0GameSession.cs:295)
UnityEngine.SetupCoroutine:InvokeMoveNext (System.Collections.IEnumerator,intptr) (at /Users/bokken/build/output/unity/unity/Runtime/Export/Scripting/Coroutines.cs:17)

(Filename: /Users/bokken/build/output/unity/unity/Runtime/Export/Debug/Debug.bindings.cs Line: 123)

T0_CASE_THREAD_CHECK intake-document-0-of-2: no disclosure of 당직일지
UnityEngine.Debug:ExtractStackTraceNoAlloc (byte*,int,string)
UnityEngine.StackTraceUtility:ExtractStackTrace () (at /Users/bokken/build/output/unity/unity/Runtime/Export/Scripting/StackTrace.cs:35)
UnityEngine.DebugLogHandler:Internal_Log (UnityEngine.LogType,UnityEngine.LogOption,string,UnityEngine.Object)
UnityEngine.DebugLogHandler:LogFormat (UnityEngine.LogType,UnityEngine.Object,string,object[]) (at /Users/bokken/build/output/unity/unity/Runtime/Export/Logging/DebugLogHandler.cs:9)
UnityEngine.Logger:Log (UnityEngine.LogType,object) (at /Users/bokken/build/output/unity/unity/Runtime/Export/Logging/Logger.cs:60)
UnityEngine.Debug:Log (object) (at /Users/bokken/build/output/unity/unity/Runtime/Export/Debug/Debug.bindings.cs:123)
Tide.App.T0CaseThreadSmoke:Require (bool,string) (at /private/tmp/t0-case-thread-p1-native-20260910/build-project/Assets/_Project/App/T0GameSession.cs:304)
Tide.App.T0CaseThreadSmoke:GenericGuidance (UnityEngine.UI.Text,string) (at /private/tmp/t0-case-thread-p1-native-20260910/build-project/Assets/_Project/App/T0GameSession.cs:359)
Tide.App.T0CaseThreadSmoke/<Inspect>d__23:MoveNext () (at /private/tmp/t0-case-thread-p1-native-20260910/build-project/Assets/_Project/App/T0GameSession.cs:368)
Tide.App.T0CaseThreadSmoke/<Start>d__11:MoveNext () (at /private/tmp/t0-case-thread-p1-native-20260910/build-project/Assets/_Project/App/T0GameSession.cs:295)
UnityEngine.SetupCoroutine:InvokeMoveNext (System.Collections.IEnumerator,intptr) (at /Users/bokken/build/output/unity/unity/Runtime/Export/Scripting/Coroutines.cs:17)

(Filename: /Users/bokken/build/output/unity/unity/Runtime/Export/Debug/Debug.bindings.cs Line: 123)

T0_CASE_THREAD_CHECK intake-document-0-of-2: no disclosure of H-1
UnityEngine.Debug:ExtractStackTraceNoAlloc (byte*,int,string)
UnityEngine.StackTraceUtility:ExtractStackTrace () (at /Users/bokken/build/output/unity/unity/Runtime/Export/Scripting/StackTrace.cs:35)
UnityEngine.DebugLogHandler:Internal_Log (UnityEngine.LogType,UnityEngine.LogOption,string,UnityEngine.Object)
UnityEngine.DebugLogHandler:LogFormat (UnityEngine.LogType,UnityEngine.Object,string,object[]) (at /Users/bokken/build/output/unity/unity/Runtime/Export/Logging/DebugLogHandler.cs:9)
UnityEngine.Logger:Log (UnityEngine.LogType,object) (at /Users/bokken/build/output/unity/unity/Runtime/Export/Logging/Logger.cs:60)
UnityEngine.Debug:Log (object) (at /Users/bokken/build/output/unity/unity/Runtime/Export/Debug/Debug.bindings.cs:123)
Tide.App.T0CaseThreadSmoke:Require (bool,string) (at /private/tmp/t0-case-thread-p1-native-20260910/build-project/Assets/_Project/App/T0GameSession.cs:304)
Tide.App.T0CaseThreadSmoke:GenericGuidance (UnityEngine.UI.Text,string) (at /private/tmp/t0-case-thread-p1-native-20260910/build-project/Assets/_Project/App/T0GameSession.cs:359)
Tide.App.T0CaseThreadSmoke/<Inspect>d__23:MoveNext () (at /private/tmp/t0-case-thread-p1-native-20260910/build-project/Assets/_Project/App/T0GameSession.cs:368)
Tide.App.T0CaseThreadSmoke/<Start>d__11:MoveNext () (at /private/tmp/t0-case-thread-p1-native-20260910/build-project/Assets/_Project/App/T0GameSession.cs:295)
UnityEngine.SetupCoroutine:InvokeMoveNext (System.Collections.IEnumerator,intptr) (at /Users/bokken/build/output/unity/unity/Runtime/Export/Scripting/Coroutines.cs:17)

(Filename: /Users/bokken/build/output/unity/unity/Runtime/Export/Debug/Debug.bindings.cs Line: 123)

T0_CASE_THREAD_CHECK intake-document-0-of-2: no disclosure of H+3
UnityEngine.Debug:ExtractStackTraceNoAlloc (byte*,int,string)
UnityEngine.StackTraceUtility:ExtractStackTrace () (at /Users/bokken/build/output/unity/unity/Runtime/Export/Scripting/StackTrace.cs:35)
UnityEngine.DebugLogHandler:Internal_Log (UnityEngine.LogType,UnityEngine.LogOption,string,UnityEngine.Object)
UnityEngine.DebugLogHandler:LogFormat (UnityEngine.LogType,UnityEngine.Object,string,object[]) (at /Users/bokken/build/output/unity/unity/Runtime/Export/Logging/DebugLogHandler.cs:9)
UnityEngine.Logger:Log (UnityEngine.LogType,object) (at /Users/bokken/build/output/unity/unity/Runtime/Export/Logging/Logger.cs:60)
UnityEngine.Debug:Log (object) (at /Users/bokken/build/output/unity/unity/Runtime/Export/Debug/Debug.bindings.cs:123)
Tide.App.T0CaseThreadSmoke:Require (bool,string) (at /private/tmp/t0-case-thread-p1-native-20260910/build-project/Assets/_Project/App/T0GameSession.cs:304)
Tide.App.T0CaseThreadSmoke:GenericGuidance (UnityEngine.UI.Text,string) (at /private/tmp/t0-case-thread-p1-native-20260910/build-project/Assets/_Project/App/T0GameSession.cs:359)
Tide.App.T0CaseThreadSmoke/<Inspect>d__23:MoveNext () (at /private/tmp/t0-case-thread-p1-native-20260910/build-project/Assets/_Project/App/T0GameSession.cs:368)
Tide.App.T0CaseThreadSmoke/<Start>d__11:MoveNext () (at /private/tmp/t0-case-thread-p1-native-20260910/build-project/Assets/_Project/App/T0GameSession.cs:295)
UnityEngine.SetupCoroutine:InvokeMoveNext (System.Collections.IEnumerator,intptr) (at /Users/bokken/build/output/unity/unity/Runtime/Export/Scripting/Coroutines.cs:17)

(Filename: /Users/bokken/build/output/unity/unity/Runtime/Export/Debug/Debug.bindings.cs Line: 123)

T0_CASE_THREAD_CHECK intake-document-0-of-2: no disclosure of 단일 사고
UnityEngine.Debug:ExtractStackTraceNoAlloc (byte*,int,string)
UnityEngine.StackTraceUtility:ExtractStackTrace () (at /Users/bokken/build/output/unity/unity/Runtime/Export/Scripting/StackTrace.cs:35)
UnityEngine.DebugLogHandler:Internal_Log (UnityEngine.LogType,UnityEngine.LogOption,string,UnityEngine.Object)
UnityEngine.DebugLogHandler:LogFormat (UnityEngine.LogType,UnityEngine.Object,string,object[]) (at /Users/bokken/build/output/unity/unity/Runtime/Export/Logging/DebugLogHandler.cs:9)
UnityEngine.Logger:Log (UnityEngine.LogType,object) (at /Users/bokken/build/output/unity/unity/Runtime/Export/Logging/Logger.cs:60)
UnityEngine.Debug:Log (object) (at /Users/bokken/build/output/unity/unity/Runtime/Export/Debug/Debug.bindings.cs:123)
Tide.App.T0CaseThreadSmoke:Require (bool,string) (at /private/tmp/t0-case-thread-p1-native-20260910/build-project/Assets/_Project/App/T0GameSession.cs:304)
Tide.App.T0CaseThreadSmoke:GenericGuidance (UnityEngine.UI.Text,string) (at /private/tmp/t0-case-thread-p1-native-20260910/build-project/Assets/_Project/App/T0GameSession.cs:359)
Tide.App.T0CaseThreadSmoke/<Inspect>d__23:MoveNext () (at /private/tmp/t0-case-thread-p1-native-20260910/build-project/Assets/_Project/App/T0GameSession.cs:368)
Tide.App.T0CaseThreadSmoke/<Start>d__11:MoveNext () (at /private/tmp/t0-case-thread-p1-native-20260910/build-project/Assets/_Project/App/T0GameSession.cs:295)
UnityEngine.SetupCoroutine:InvokeMoveNext (System.Collections.IEnumerator,intptr) (at /Users/bokken/build/output/unity/unity/Runtime/Export/Scripting/Coroutines.cs:17)

(Filename: /Users/bokken/build/output/unity/unity/Runtime/Export/Debug/Debug.bindings.cs Line: 123)

T0_CASE_THREAD_CHECK intake-document-0-of-2: no disclosure of 유지 실패
UnityEngine.Debug:ExtractStackTraceNoAlloc (byte*,int,string)
UnityEngine.StackTraceUtility:ExtractStackTrace () (at /Users/bokken/build/output/unity/unity/Runtime/Export/Scripting/StackTrace.cs:35)
UnityEngine.DebugLogHandler:Internal_Log (UnityEngine.LogType,UnityEngine.LogOption,string,UnityEngine.Object)
UnityEngine.DebugLogHandler:LogFormat (UnityEngine.LogType,UnityEngine.Object,string,object[]) (at /Users/bokken/build/output/unity/unity/Runtime/Export/Logging/DebugLogHandler.cs:9)
UnityEngine.Logger:Log (UnityEngine.LogType,object) (at /Users/bokken/build/output/unity/unity/Runtime/Export/Logging/Logger.cs:60)
UnityEngine.Debug:Log (object) (at /Users/bokken/build/output/unity/unity/Runtime/Export/Debug/Debug.bindings.cs:123)
Tide.App.T0CaseThreadSmoke:Require (bool,string) (at /private/tmp/t0-case-thread-p1-native-20260910/build-project/Assets/_Project/App/T0GameSession.cs:304)
Tide.App.T0CaseThreadSmoke:GenericGuidance (UnityEngine.UI.Text,string) (at /private/tmp/t0-case-thread-p1-native-20260910/build-project/Assets/_Project/App/T0GameSession.cs:359)
Tide.App.T0CaseThreadSmoke/<Inspect>d__23:MoveNext () (at /private/tmp/t0-case-thread-p1-native-20260910/build-project/Assets/_Project/App/T0GameSession.cs:368)
Tide.App.T0CaseThreadSmoke/<Start>d__11:MoveNext () (at /private/tmp/t0-case-thread-p1-native-20260910/build-project/Assets/_Project/App/T0GameSession.cs:295)
UnityEngine.SetupCoroutine:InvokeMoveNext (System.Collections.IEnumerator,intptr) (at /Users/bokken/build/output/unity/unity/Runtime/Export/Scripting/Coroutines.cs:17)

(Filename: /Users/bokken/build/output/unity/unity/Runtime/Export/Debug/Debug.bindings.cs Line: 123)

T0_CASE_THREAD_CHECK intake-document-0-of-2: no disclosure of 서명 순서
UnityEngine.Debug:ExtractStackTraceNoAlloc (byte*,int,string)
UnityEngine.StackTraceUtility:ExtractStackTrace () (at /Users/bokken/build/output/unity/unity/Runtime/Export/Scripting/StackTrace.cs:35)
UnityEngine.DebugLogHandler:Internal_Log (UnityEngine.LogType,UnityEngine.LogOption,string,UnityEngine.Object)
UnityEngine.DebugLogHandler:LogFormat (UnityEngine.LogType,UnityEngine.Object,string,object[]) (at /Users/bokken/build/output/unity/unity/Runtime/Export/Logging/DebugLogHandler.cs:9)
UnityEngine.Logger:Log (UnityEngine.LogType,object) (at /Users/bokken/build/output/unity/unity/Runtime/Export/Logging/Logger.cs:60)
UnityEngine.Debug:Log (object) (at /Users/bokken/build/output/unity/unity/Runtime/Export/Debug/Debug.bindings.cs:123)
Tide.App.T0CaseThreadSmoke:Require (bool,string) (at /private/tmp/t0-case-thread-p1-native-20260910/build-project/Assets/_Project/App/T0GameSession.cs:304)
Tide.App.T0CaseThreadSmoke:GenericGuidance (UnityEngine.UI.Text,string) (at /private/tmp/t0-case-thread-p1-native-20260910/build-project/Assets/_Project/App/T0GameSession.cs:359)
Tide.App.T0CaseThreadSmoke/<Inspect>d__23:MoveNext () (at /private/tmp/t0-case-thread-p1-native-20260910/build-project/Assets/_Project/App/T0GameSession.cs:368)
Tide.App.T0CaseThreadSmoke/<Start>d__11:MoveNext () (at /private/tmp/t0-case-thread-p1-native-20260910/build-project/Assets/_Project/App/T0GameSession.cs:295)
UnityEngine.SetupCoroutine:InvokeMoveNext (System.Collections.IEnumerator,intptr) (at /Users/bokken/build/output/unity/unity/Runtime/Export/Scripting/Coroutines.cs:17)

(Filename: /Users/bokken/build/output/unity/unity/Runtime/Export/Debug/Debug.bindings.cs Line: 123)

T0_CASE_THREAD_CHECK intake-document-0-of-2: no disclosure of 책임 사슬
UnityEngine.Debug:ExtractStackTraceNoAlloc (byte*,int,string)
UnityEngine.StackTraceUtility:ExtractStackTrace () (at /Users/bokken/build/output/unity/unity/Runtime/Export/Scripting/StackTrace.cs:35)
UnityEngine.DebugLogHandler:Internal_Log (UnityEngine.LogType,UnityEngine.LogOption,string,UnityEngine.Object)
UnityEngine.DebugLogHandler:LogFormat (UnityEngine.LogType,UnityEngine.Object,string,object[]) (at /Users/bokken/build/output/unity/unity/Runtime/Export/Logging/DebugLogHandler.cs:9)
UnityEngine.Logger:Log (UnityEngine.LogType,object) (at /Users/bokken/build/output/unity/unity/Runtime/Export/Logging/Logger.cs:60)
UnityEngine.Debug:Log (object) (at /Users/bokken/build/output/unity/unity/Runtime/Export/Debug/Debug.bindings.cs:123)
Tide.App.T0CaseThreadSmoke:Require (bool,string) (at /private/tmp/t0-case-thread-p1-native-20260910/build-project/Assets/_Project/App/T0GameSession.cs:304)
Tide.App.T0CaseThreadSmoke:GenericGuidance (UnityEngine.UI.Text,string) (at /private/tmp/t0-case-thread-p1-native-20260910/build-project/Assets/_Project/App/T0GameSession.cs:359)
Tide.App.T0CaseThreadSmoke/<Inspect>d__23:MoveNext () (at /private/tmp/t0-case-thread-p1-native-20260910/build-project/Assets/_Project/App/T0GameSession.cs:368)
Tide.App.T0CaseThreadSmoke/<Start>d__11:MoveNext () (at /private/tmp/t0-case-thread-p1-native-20260910/build-project/Assets/_Project/App/T0GameSession.cs:295)
UnityEngine.SetupCoroutine:InvokeMoveNext (System.Collections.IEnumerator,intptr) (at /Users/bokken/build/output/unity/unity/Runtime/Export/Scripting/Coroutines.cs:17)

(Filename: /Users/bokken/build/output/unity/unity/Runtime/Export/Debug/Debug.bindings.cs Line: 123)

T0_CASE_THREAD_CHECK intake-document-0-of-2: no disclosure of offset-left
UnityEngine.Debug:ExtractStackTraceNoAlloc (byte*,int,string)
UnityEngine.StackTraceUtility:ExtractStackTrace () (at /Users/bokken/build/output/unity/unity/Runtime/Export/Scripting/StackTrace.cs:35)
UnityEngine.DebugLogHandler:Internal_Log (UnityEngine.LogType,UnityEngine.LogOption,string,UnityEngine.Object)
UnityEngine.DebugLogHandler:LogFormat (UnityEngine.LogType,UnityEngine.Object,string,object[]) (at /Users/bokken/build/output/unity/unity/Runtime/Export/Logging/DebugLogHandler.cs:9)
UnityEngine.Logger:Log (UnityEngine.LogType,object) (at /Users/bokken/build/output/unity/unity/Runtime/Export/Logging/Logger.cs:60)
UnityEngine.Debug:Log (object) (at /Users/bokken/build/output/unity/unity/Runtime/Export/Debug/Debug.bindings.cs:123)
Tide.App.T0CaseThreadSmoke:Require (bool,string) (at /private/tmp/t0-case-thread-p1-native-20260910/build-project/Assets/_Project/App/T0GameSession.cs:304)
Tide.App.T0CaseThreadSmoke:GenericGuidance (UnityEngine.UI.Text,string) (at /private/tmp/t0-case-thread-p1-native-20260910/build-project/Assets/_Project/App/T0GameSession.cs:359)
Tide.App.T0CaseThreadSmoke/<Inspect>d__23:MoveNext () (at /private/tmp/t0-case-thread-p1-native-20260910/build-project/Assets/_Project/App/T0GameSession.cs:368)
Tide.App.T0CaseThreadSmoke/<Start>d__11:MoveNext () (at /private/tmp/t0-case-thread-p1-native-20260910/build-project/Assets/_Project/App/T0GameSession.cs:295)
UnityEngine.SetupCoroutine:InvokeMoveNext (System.Collections.IEnumerator,intptr) (at /Users/bokken/build/output/unity/unity/Runtime/Export/Scripting/Coroutines.cs:17)

(Filename: /Users/bokken/build/output/unity/unity/Runtime/Export/Debug/Debug.bindings.cs Line: 123)

T0_CASE_THREAD_CHECK intake-document-0-of-2: no disclosure of offset-up
UnityEngine.Debug:ExtractStackTraceNoAlloc (byte*,int,string)
UnityEngine.StackTraceUtility:ExtractStackTrace () (at /Users/bokken/build/output/unity/unity/Runtime/Export/Scripting/StackTrace.cs:35)
UnityEngine.DebugLogHandler:Internal_Log (UnityEngine.LogType,UnityEngine.LogOption,string,UnityEngine.Object)
UnityEngine.DebugLogHandler:LogFormat (UnityEngine.LogType,UnityEngine.Object,string,object[]) (at /Users/bokken/build/output/unity/unity/Runtime/Export/Logging/DebugLogHandler.cs:9)
UnityEngine.Logger:Log (UnityEngine.LogType,object) (at /Users/bokken/build/output/unity/unity/Runtime/Export/Logging/Logger.cs:60)
UnityEngine.Debug:Log (object) (at /Users/bokken/build/output/unity/unity/Runtime/Export/Debug/Debug.bindings.cs:123)
Tide.App.T0CaseThreadSmoke:Require (bool,string) (at /private/tmp/t0-case-thread-p1-native-20260910/build-project/Assets/_Project/App/T0GameSession.cs:304)
Tide.App.T0CaseThreadSmoke:GenericGuidance (UnityEngine.UI.Text,string) (at /private/tmp/t0-case-thread-p1-native-20260910/build-project/Assets/_Project/App/T0GameSession.cs:359)
Tide.App.T0CaseThreadSmoke/<Inspect>d__23:MoveNext () (at /private/tmp/t0-case-thread-p1-native-20260910/build-project/Assets/_Project/App/T0GameSession.cs:368)
Tide.App.T0CaseThreadSmoke/<Start>d__11:MoveNext () (at /private/tmp/t0-case-thread-p1-native-20260910/build-project/Assets/_Project/App/T0GameSession.cs:295)
UnityEngine.SetupCoroutine:InvokeMoveNext (System.Collections.IEnumerator,intptr) (at /Users/bokken/build/output/unity/unity/Runtime/Export/Scripting/Coroutines.cs:17)

(Filename: /Users/bokken/build/output/unity/unity/Runtime/Export/Debug/Debug.bindings.cs Line: 123)

T0_CASE_THREAD_CHECK intake-document-0-of-2: no authored time window
UnityEngine.Debug:ExtractStackTraceNoAlloc (byte*,int,string)
UnityEngine.StackTraceUtility:ExtractStackTrace () (at /Users/bokken/build/output/unity/unity/Runtime/Export/Scripting/StackTrace.cs:35)
UnityEngine.DebugLogHandler:Internal_Log (UnityEngine.LogType,UnityEngine.LogOption,string,UnityEngine.Object)
UnityEngine.DebugLogHandler:LogFormat (UnityEngine.LogType,UnityEngine.Object,string,object[]) (at /Users/bokken/build/output/unity/unity/Runtime/Export/Logging/DebugLogHandler.cs:9)
UnityEngine.Logger:Log (UnityEngine.LogType,object) (at /Users/bokken/build/output/unity/unity/Runtime/Export/Logging/Logger.cs:60)
UnityEngine.Debug:Log (object) (at /Users/bokken/build/output/unity/unity/Runtime/Export/Debug/Debug.bindings.cs:123)
Tide.App.T0CaseThreadSmoke:Require (bool,string) (at /private/tmp/t0-case-thread-p1-native-20260910/build-project/Assets/_Project/App/T0GameSession.cs:304)
Tide.App.T0CaseThreadSmoke:GenericGuidance (UnityEngine.UI.Text,string) (at /private/tmp/t0-case-thread-p1-native-20260910/build-project/Assets/_Project/App/T0GameSession.cs:360)
Tide.App.T0CaseThreadSmoke/<Inspect>d__23:MoveNext () (at /private/tmp/t0-case-thread-p1-native-20260910/build-project/Assets/_Project/App/T0GameSession.cs:368)
Tide.App.T0CaseThreadSmoke/<Start>d__11:MoveNext () (at /private/tmp/t0-case-thread-p1-native-20260910/build-project/Assets/_Project/App/T0GameSession.cs:295)
UnityEngine.SetupCoroutine:InvokeMoveNext (System.Collections.IEnumerator,intptr) (at /Users/bokken/build/output/unity/unity/Runtime/Export/Scripting/Coroutines.cs:17)

(Filename: /Users/bokken/build/output/unity/unity/Runtime/Export/Debug/Debug.bindings.cs Line: 123)

T0_CASE_THREAD_CHECK intake-document-0-of-2: card text fits allocated height
UnityEngine.Debug:ExtractStackTraceNoAlloc (byte*,int,string)
UnityEngine.StackTraceUtility:ExtractStackTrace () (at /Users/bokken/build/output/unity/unity/Runtime/Export/Scripting/StackTrace.cs:35)
UnityEngine.DebugLogHandler:Internal_Log (UnityEngine.LogType,UnityEngine.LogOption,string,UnityEngine.Object)
UnityEngine.DebugLogHandler:LogFormat (UnityEngine.LogType,UnityEngine.Object,string,object[]) (at /Users/bokken/build/output/unity/unity/Runtime/Export/Logging/DebugLogHandler.cs:9)
UnityEngine.Logger:Log (UnityEngine.LogType,object) (at /Users/bokken/build/output/unity/unity/Runtime/Export/Logging/Logger.cs:60)
UnityEngine.Debug:Log (object) (at /Users/bokken/build/output/unity/unity/Runtime/Export/Debug/Debug.bindings.cs:123)
Tide.App.T0CaseThreadSmoke:Require (bool,string) (at /private/tmp/t0-case-thread-p1-native-20260910/build-project/Assets/_Project/App/T0GameSession.cs:304)
Tide.App.T0CaseThreadSmoke:GenericGuidance (UnityEngine.UI.Text,string) (at /private/tmp/t0-case-thread-p1-native-20260910/build-project/Assets/_Project/App/T0GameSession.cs:361)
Tide.App.T0CaseThreadSmoke/<Inspect>d__23:MoveNext () (at /private/tmp/t0-case-thread-p1-native-20260910/build-project/Assets/_Project/App/T0GameSession.cs:368)
Tide.App.T0CaseThreadSmoke/<Start>d__11:MoveNext () (at /private/tmp/t0-case-thread-p1-native-20260910/build-project/Assets/_Project/App/T0GameSession.cs:295)
UnityEngine.SetupCoroutine:InvokeMoveNext (System.Collections.IEnumerator,intptr) (at /Users/bokken/build/output/unity/unity/Runtime/Export/Scripting/Coroutines.cs:17)

(Filename: /Users/bokken/build/output/unity/unity/Runtime/Export/Debug/Debug.bindings.cs Line: 123)

T0_CASE_THREAD_CHECK intake-document-0-of-2: completion wording matches live state
UnityEngine.Debug:ExtractStackTraceNoAlloc (byte*,int,string)
UnityEngine.StackTraceUtility:ExtractStackTrace () (at /Users/bokken/build/output/unity/unity/Runtime/Export/Scripting/StackTrace.cs:35)
UnityEngine.DebugLogHandler:Internal_Log (UnityEngine.LogType,UnityEngine.LogOption,string,UnityEngine.Object)
UnityEngine.DebugLogHandler:LogFormat (UnityEngine.LogType,UnityEngine.Object,string,object[]) (at /Users/bokken/build/output/unity/unity/Runtime/Export/Logging/DebugLogHandler.cs:9)
UnityEngine.Logger:Log (UnityEngine.LogType,object) (at /Users/bokken/build/output/unity/unity/Runtime/Export/Logging/Logger.cs:60)
UnityEngine.Debug:Log (object) (at /Users/bokken/build/output/unity/unity/Runtime/Export/Debug/Debug.bindings.cs:123)
Tide.App.T0CaseThreadSmoke:Require (bool,string) (at /private/tmp/t0-case-thread-p1-native-20260910/build-project/Assets/_Project/App/T0GameSession.cs:304)
Tide.App.T0CaseThreadSmoke/<Inspect>d__23:MoveNext () (at /private/tmp/t0-case-thread-p1-native-20260910/build-project/Assets/_Project/App/T0GameSession.cs:369)
Tide.App.T0CaseThreadSmoke/<Start>d__11:MoveNext () (at /private/tmp/t0-case-thread-p1-native-20260910/build-project/Assets/_Project/App/T0GameSession.cs:295)
UnityEngine.SetupCoroutine:InvokeMoveNext (System.Collections.IEnumerator,intptr) (at /Users/bokken/build/output/unity/unity/Runtime/Export/Scripting/Coroutines.cs:17)

(Filename: /Users/bokken/build/output/unity/unity/Runtime/Export/Debug/Debug.bindings.cs Line: 123)

T0_CASE_THREAD_CHECK intake-document-0-of-2: live t0-b3 completion agrees
UnityEngine.Debug:ExtractStackTraceNoAlloc (byte*,int,string)
UnityEngine.StackTraceUtility:ExtractStackTrace () (at /Users/bokken/build/output/unity/unity/Runtime/Export/Scripting/StackTrace.cs:35)
UnityEngine.DebugLogHandler:Internal_Log (UnityEngine.LogType,UnityEngine.LogOption,string,UnityEngine.Object)
UnityEngine.DebugLogHandler:LogFormat (UnityEngine.LogType,UnityEngine.Object,string,object[]) (at /Users/bokken/build/output/unity/unity/Runtime/Export/Logging/DebugLogHandler.cs:9)
UnityEngine.Logger:Log (UnityEngine.LogType,object) (at /Users/bokken/build/output/unity/unity/Runtime/Export/Logging/Logger.cs:60)
UnityEngine.Debug:Log (object) (at /Users/bokken/build/output/unity/unity/Runtime/Export/Debug/Debug.bindings.cs:123)
Tide.App.T0CaseThreadSmoke:Require (bool,string) (at /private/tmp/t0-case-thread-p1-native-20260910/build-project/Assets/_Project/App/T0GameSession.cs:304)
Tide.App.T0CaseThreadSmoke/<Inspect>d__23:MoveNext () (at /private/tmp/t0-case-thread-p1-native-20260910/build-project/Assets/_Project/App/T0GameSession.cs:370)
Tide.App.T0CaseThreadSmoke/<Start>d__11:MoveNext () (at /private/tmp/t0-case-thread-p1-native-20260910/build-project/Assets/_Project/App/T0GameSession.cs:295)
UnityEngine.SetupCoroutine:InvokeMoveNext (System.Collections.IEnumerator,intptr) (at /Users/bokken/build/output/unity/unity/Runtime/Export/Scripting/Coroutines.cs:17)

(Filename: /Users/bokken/build/output/unity/unity/Runtime/Export/Debug/Debug.bindings.cs Line: 123)

T0_CASE_THREAD_CHECK intake-document-0-of-2: case thread is read-only and not a pointer target
UnityEngine.Debug:ExtractStackTraceNoAlloc (byte*,int,string)
UnityEngine.StackTraceUtility:ExtractStackTrace () (at /Users/bokken/build/output/unity/unity/Runtime/Export/Scripting/StackTrace.cs:35)
UnityEngine.DebugLogHandler:Internal_Log (UnityEngine.LogType,UnityEngine.LogOption,string,UnityEngine.Object)
UnityEngine.DebugLogHandler:LogFormat (UnityEngine.LogType,UnityEngine.Object,string,object[]) (at /Users/bokken/build/output/unity/unity/Runtime/Export/Logging/DebugLogHandler.cs:9)
UnityEngine.Logger:Log (UnityEngine.LogType,object) (at /Users/bokken/build/output/unity/unity/Runtime/Export/Logging/Logger.cs:60)
UnityEngine.Debug:Log (object) (at /Users/bokken/build/output/unity/unity/Runtime/Export/Debug/Debug.bindings.cs:123)
Tide.App.T0CaseThreadSmoke:Require (bool,string) (at /private/tmp/t0-case-thread-p1-native-20260910/build-project/Assets/_Project/App/T0GameSession.cs:304)
Tide.App.T0CaseThreadSmoke/<Inspect>d__23:MoveNext () (at /private/tmp/t0-case-thread-p1-native-20260910/build-project/Assets/_Project/App/T0GameSession.cs:371)
Tide.App.T0CaseThreadSmoke/<Start>d__11:MoveNext () (at /private/tmp/t0-case-thread-p1-native-20260910/build-project/Assets/_Project/App/T0GameSession.cs:295)
UnityEngine.SetupCoroutine:InvokeMoveNext (System.Collections.IEnumerator,intptr) (at /Users/bokken/build/output/unity/unity/Runtime/Export/Scripting/Coroutines.cs:17)

(Filename: /Users/bokken/build/output/unity/unity/Runtime/Export/Debug/Debug.bindings.cs Line: 123)

T0_CASE_THREAD_CHECK intake-document-0-of-2: card creates no puzzle action
UnityEngine.Debug:ExtractStackTraceNoAlloc (byte*,int,string)
UnityEngine.StackTraceUtility:ExtractStackTrace () (at /Users/bokken/build/output/unity/unity/Runtime/Export/Scripting/StackTrace.cs:35)
UnityEngine.DebugLogHandler:Internal_Log (UnityEngine.LogType,UnityEngine.LogOption,string,UnityEngine.Object)
UnityEngine.DebugLogHandler:LogFormat (UnityEngine.LogType,UnityEngine.Object,string,object[]) (at /Users/bokken/build/output/unity/unity/Runtime/Export/Logging/DebugLogHandler.cs:9)
UnityEngine.Logger:Log (UnityEngine.LogType,object) (at /Users/bokken/build/output/unity/unity/Runtime/Export/Logging/Logger.cs:60)
UnityEngine.Debug:Log (object) (at /Users/bokken/build/output/unity/unity/Runtime/Export/Debug/Debug.bindings.cs:123)
Tide.App.T0CaseThreadSmoke:Require (bool,string) (at /private/tmp/t0-case-thread-p1-native-20260910/build-project/Assets/_Project/App/T0GameSession.cs:304)
Tide.App.T0CaseThreadSmoke/<Inspect>d__23:MoveNext () (at /private/tmp/t0-case-thread-p1-native-20260910/build-project/Assets/_Project/App/T0GameSession.cs:372)
Tide.App.T0CaseThreadSmoke/<Start>d__11:MoveNext () (at /private/tmp/t0-case-thread-p1-native-20260910/build-project/Assets/_Project/App/T0GameSession.cs:295)
UnityEngine.SetupCoroutine:InvokeMoveNext (System.Collections.IEnumerator,intptr) (at /Users/bokken/build/output/unity/unity/Runtime/Export/Scripting/Coroutines.cs:17)

(Filename: /Users/bokken/build/output/unity/unity/Runtime/Export/Debug/Debug.bindings.cs Line: 123)

T0_CASE_THREAD_CHECK intake-document-0-of-2: repeated Render preserves journal, state, receipt count, pending flag and all save file bytes/timestamps
UnityEngine.Debug:ExtractStackTraceNoAlloc (byte*,int,string)
UnityEngine.StackTraceUtility:ExtractStackTrace () (at /Users/bokken/build/output/unity/unity/Runtime/Export/Scripting/StackTrace.cs:35)
UnityEngine.DebugLogHandler:Internal_Log (UnityEngine.LogType,UnityEngine.LogOption,string,UnityEngine.Object)
UnityEngine.DebugLogHandler:LogFormat (UnityEngine.LogType,UnityEngine.Object,string,object[]) (at /Users/bokken/build/output/unity/unity/Runtime/Export/Logging/DebugLogHandler.cs:9)
UnityEngine.Logger:Log (UnityEngine.LogType,object) (at /Users/bokken/build/output/unity/unity/Runtime/Export/Logging/Logger.cs:60)
UnityEngine.Debug:Log (object) (at /Users/bokken/build/output/unity/unity/Runtime/Export/Debug/Debug.bindings.cs:123)
Tide.App.T0CaseThreadSmoke:Require (bool,string) (at /private/tmp/t0-case-thread-p1-native-20260910/build-project/Assets/_Project/App/T0GameSession.cs:304)
Tide.App.T0CaseThreadSmoke/<Inspect>d__23:MoveNext () (at /private/tmp/t0-case-thread-p1-native-20260910/build-project/Assets/_Project/App/T0GameSession.cs:373)
Tide.App.T0CaseThreadSmoke/<Start>d__11:MoveNext () (at /private/tmp/t0-case-thread-p1-native-20260910/build-project/Assets/_Project/App/T0GameSession.cs:295)
UnityEngine.SetupCoroutine:InvokeMoveNext (System.Collections.IEnumerator,intptr) (at /Users/bokken/build/output/unity/unity/Runtime/Export/Scripting/Coroutines.cs:17)

(Filename: /Users/bokken/build/output/unity/unity/Runtime/Export/Debug/Debug.bindings.cs Line: 123)

T0_CASE_THREAD_CHECK intake-document-0-of-2: repeated Render preserves actions and keyboard focus
UnityEngine.Debug:ExtractStackTraceNoAlloc (byte*,int,string)
UnityEngine.StackTraceUtility:ExtractStackTrace () (at /Users/bokken/build/output/unity/unity/Runtime/Export/Scripting/StackTrace.cs:35)
UnityEngine.DebugLogHandler:Internal_Log (UnityEngine.LogType,UnityEngine.LogOption,string,UnityEngine.Object)
UnityEngine.DebugLogHandler:LogFormat (UnityEngine.LogType,UnityEngine.Object,string,object[]) (at /Users/bokken/build/output/unity/unity/Runtime/Export/Logging/DebugLogHandler.cs:9)
UnityEngine.Logger:Log (UnityEngine.LogType,object) (at /Users/bokken/build/output/unity/unity/Runtime/Export/Logging/Logger.cs:60)
UnityEngine.Debug:Log (object) (at /Users/bokken/build/output/unity/unity/Runtime/Export/Debug/Debug.bindings.cs:123)
Tide.App.T0CaseThreadSmoke:Require (bool,string) (at /private/tmp/t0-case-thread-p1-native-20260910/build-project/Assets/_Project/App/T0GameSession.cs:304)
Tide.App.T0CaseThreadSmoke/<Inspect>d__23:MoveNext () (at /private/tmp/t0-case-thread-p1-native-20260910/build-project/Assets/_Project/App/T0GameSession.cs:374)
Tide.App.T0CaseThreadSmoke/<Start>d__11:MoveNext () (at /private/tmp/t0-case-thread-p1-native-20260910/build-project/Assets/_Project/App/T0GameSession.cs:295)
UnityEngine.SetupCoroutine:InvokeMoveNext (System.Collections.IEnumerator,intptr) (at /Users/bokken/build/output/unity/unity/Runtime/Export/Scripting/Coroutines.cs:17)

(Filename: /Users/bokken/build/output/unity/unity/Runtime/Export/Debug/Debug.bindings.cs Line: 123)

T0_CASE_THREAD_CHECK existing UI action available: line-hb-l2
UnityEngine.Debug:ExtractStackTraceNoAlloc (byte*,int,string)
UnityEngine.StackTraceUtility:ExtractStackTrace () (at /Users/bokken/build/output/unity/unity/Runtime/Export/Scripting/StackTrace.cs:35)
UnityEngine.DebugLogHandler:Internal_Log (UnityEngine.LogType,UnityEngine.LogOption,string,UnityEngine.Object)
UnityEngine.DebugLogHandler:LogFormat (UnityEngine.LogType,UnityEngine.Object,string,object[]) (at /Users/bokken/build/output/unity/unity/Runtime/Export/Logging/DebugLogHandler.cs:9)
UnityEngine.Logger:Log (UnityEngine.LogType,object) (at /Users/bokken/build/output/unity/unity/Runtime/Export/Logging/Logger.cs:60)
UnityEngine.Debug:Log (object) (at /Users/bokken/build/output/unity/unity/Runtime/Export/Debug/Debug.bindings.cs:123)
Tide.App.T0CaseThreadSmoke:Require (bool,string) (at /private/tmp/t0-case-thread-p1-native-20260910/build-project/Assets/_Project/App/T0GameSession.cs:304)
Tide.App.T0CaseThreadSmoke:Act (string) (at /private/tmp/t0-case-thread-p1-native-20260910/build-project/Assets/_Project/App/T0GameSession.cs:312)
Tide.App.T0CaseThreadSmoke/<Run>d__28:MoveNext () (at /private/tmp/t0-case-thread-p1-native-20260910/build-project/Assets/_Project/App/T0GameSession.cs:433)
Tide.App.T0CaseThreadSmoke/<Start>d__11:MoveNext () (at /private/tmp/t0-case-thread-p1-native-20260910/build-project/Assets/_Project/App/T0GameSession.cs:295)
UnityEngine.SetupCoroutine:InvokeMoveNext (System.Collections.IEnumerator,intptr) (at /Users/bokken/build/output/unity/unity/Runtime/Export/Scripting/Coroutines.cs:17)

(Filename: /Users/bokken/build/output/unity/unity/Runtime/Export/Debug/Debug.bindings.cs Line: 123)

T0_CASE_THREAD_CHECK existing UI action available: line-hb-l3
UnityEngine.Debug:ExtractStackTraceNoAlloc (byte*,int,string)
UnityEngine.StackTraceUtility:ExtractStackTrace () (at /Users/bokken/build/output/unity/unity/Runtime/Export/Scripting/StackTrace.cs:35)
UnityEngine.DebugLogHandler:Internal_Log (UnityEngine.LogType,UnityEngine.LogOption,string,UnityEngine.Object)
UnityEngine.DebugLogHandler:LogFormat (UnityEngine.LogType,UnityEngine.Object,string,object[]) (at /Users/bokken/build/output/unity/unity/Runtime/Export/Logging/DebugLogHandler.cs:9)
UnityEngine.Logger:Log (UnityEngine.LogType,object) (at /Users/bokken/build/output/unity/unity/Runtime/Export/Logging/Logger.cs:60)
UnityEngine.Debug:Log (object) (at /Users/bokken/build/output/unity/unity/Runtime/Export/Debug/Debug.bindings.cs:123)
Tide.App.T0CaseThreadSmoke:Require (bool,string) (at /private/tmp/t0-case-thread-p1-native-20260910/build-project/Assets/_Project/App/T0GameSession.cs:304)
Tide.App.T0CaseThreadSmoke:Act (string) (at /private/tmp/t0-case-thread-p1-native-20260910/build-project/Assets/_Project/App/T0GameSession.cs:312)
Tide.App.T0CaseThreadSmoke/<Run>d__28:MoveNext () (at /private/tmp/t0-case-thread-p1-native-20260910/build-project/Assets/_Project/App/T0GameSession.cs:433)
Tide.App.T0CaseThreadSmoke/<Start>d__11:MoveNext () (at /private/tmp/t0-case-thread-p1-native-20260910/build-project/Assets/_Project/App/T0GameSession.cs:295)
UnityEngine.SetupCoroutine:InvokeMoveNext (System.Collections.IEnumerator,intptr) (at /Users/bokken/build/output/unity/unity/Runtime/Export/Scripting/Coroutines.cs:17)

(Filename: /Users/bokken/build/output/unity/unity/Runtime/Export/Debug/Debug.bindings.cs Line: 123)

T0_CASE_THREAD_CHECK existing UI action available: close-document
UnityEngine.Debug:ExtractStackTraceNoAlloc (byte*,int,string)
UnityEngine.StackTraceUtility:ExtractStackTrace () (at /Users/bokken/build/output/unity/unity/Runtime/Export/Scripting/StackTrace.cs:35)
UnityEngine.DebugLogHandler:Internal_Log (UnityEngine.LogType,UnityEngine.LogOption,string,UnityEngine.Object)
UnityEngine.DebugLogHandler:LogFormat (UnityEngine.LogType,UnityEngine.Object,string,object[]) (at /Users/bokken/build/output/unity/unity/Runtime/Export/Logging/DebugLogHandler.cs:9)
UnityEngine.Logger:Log (UnityEngine.LogType,object) (at /Users/bokken/build/output/unity/unity/Runtime/Export/Logging/Logger.cs:60)
UnityEngine.Debug:Log (object) (at /Users/bokken/build/output/unity/unity/Runtime/Export/Debug/Debug.bindings.cs:123)
Tide.App.T0CaseThreadSmoke:Require (bool,string) (at /private/tmp/t0-case-thread-p1-native-20260910/build-project/Assets/_Project/App/T0GameSession.cs:304)
Tide.App.T0CaseThreadSmoke:Act (string) (at /private/tmp/t0-case-thread-p1-native-20260910/build-project/Assets/_Project/App/T0GameSession.cs:312)
Tide.App.T0CaseThreadSmoke/<Run>d__28:MoveNext () (at /private/tmp/t0-case-thread-p1-native-20260910/build-project/Assets/_Project/App/T0GameSession.cs:433)
Tide.App.T0CaseThreadSmoke/<Start>d__11:MoveNext () (at /private/tmp/t0-case-thread-p1-native-20260910/build-project/Assets/_Project/App/T0GameSession.cs:295)
UnityEngine.SetupCoroutine:InvokeMoveNext (System.Collections.IEnumerator,intptr) (at /Users/bokken/build/output/unity/unity/Runtime/Export/Scripting/Coroutines.cs:17)

(Filename: /Users/bokken/build/output/unity/unity/Runtime/Export/Debug/Debug.bindings.cs Line: 123)

T0_CASE_THREAD_CHECK existing UI action available: transfer
UnityEngine.Debug:ExtractStackTraceNoAlloc (byte*,int,string)
UnityEngine.StackTraceUtility:ExtractStackTrace () (at /Users/bokken/build/output/unity/unity/Runtime/Export/Scripting/StackTrace.cs:35)
UnityEngine.DebugLogHandler:Internal_Log (UnityEngine.LogType,UnityEngine.LogOption,string,UnityEngine.Object)
UnityEngine.DebugLogHandler:LogFormat (UnityEngine.LogType,UnityEngine.Object,string,object[]) (at /Users/bokken/build/output/unity/unity/Runtime/Export/Logging/DebugLogHandler.cs:9)
UnityEngine.Logger:Log (UnityEngine.LogType,object) (at /Users/bokken/build/output/unity/unity/Runtime/Export/Logging/Logger.cs:60)
UnityEngine.Debug:Log (object) (at /Users/bokken/build/output/unity/unity/Runtime/Export/Debug/Debug.bindings.cs:123)
Tide.App.T0CaseThreadSmoke:Require (bool,string) (at /private/tmp/t0-case-thread-p1-native-20260910/build-project/Assets/_Project/App/T0GameSession.cs:304)
Tide.App.T0CaseThreadSmoke:Act (string) (at /private/tmp/t0-case-thread-p1-native-20260910/build-project/Assets/_Project/App/T0GameSession.cs:312)
Tide.App.T0CaseThreadSmoke/<Run>d__28:MoveNext () (at /private/tmp/t0-case-thread-p1-native-20260910/build-project/Assets/_Project/App/T0GameSession.cs:433)
Tide.App.T0CaseThreadSmoke/<Start>d__11:MoveNext () (at /private/tmp/t0-case-thread-p1-native-20260910/build-project/Assets/_Project/App/T0GameSession.cs:295)
UnityEngine.SetupCoroutine:InvokeMoveNext (System.Collections.IEnumerator,intptr) (at /Users/bokken/build/output/unity/unity/Runtime/Export/Scripting/Coroutines.cs:17)

(Filename: /Users/bokken/build/output/unity/unity/Runtime/Export/Debug/Debug.bindings.cs Line: 123)

T0_CASE_THREAD_CHECK existing UI action available: row-tl-r1
UnityEngine.Debug:ExtractStackTraceNoAlloc (byte*,int,string)
UnityEngine.StackTraceUtility:ExtractStackTrace () (at /Users/bokken/build/output/unity/unity/Runtime/Export/Scripting/StackTrace.cs:35)
UnityEngine.DebugLogHandler:Internal_Log (UnityEngine.LogType,UnityEngine.LogOption,string,UnityEngine.Object)
UnityEngine.DebugLogHandler:LogFormat (UnityEngine.LogType,UnityEngine.Object,string,object[]) (at /Users/bokken/build/output/unity/unity/Runtime/Export/Logging/DebugLogHandler.cs:9)
UnityEngine.Logger:Log (UnityEngine.LogType,object) (at /Users/bokken/build/output/unity/unity/Runtime/Export/Logging/Logger.cs:60)
UnityEngine.Debug:Log (object) (at /Users/bokken/build/output/unity/unity/Runtime/Export/Debug/Debug.bindings.cs:123)
Tide.App.T0CaseThreadSmoke:Require (bool,string) (at /private/tmp/t0-case-thread-p1-native-20260910/build-project/Assets/_Project/App/T0GameSession.cs:304)
Tide.App.T0CaseThreadSmoke:Act (string) (at /private/tmp/t0-case-thread-p1-native-20260910/build-project/Assets/_Project/App/T0GameSession.cs:312)
Tide.App.T0CaseThreadSmoke/<Run>d__28:MoveNext () (at /private/tmp/t0-case-thread-p1-native-20260910/build-project/Assets/_Project/App/T0GameSession.cs:434)
Tide.App.T0CaseThreadSmoke/<Start>d__11:MoveNext () (at /private/tmp/t0-case-thread-p1-native-20260910/build-project/Assets/_Project/App/T0GameSession.cs:295)
UnityEngine.SetupCoroutine:InvokeMoveNext (System.Collections.IEnumerator,intptr) (at /Users/bokken/build/output/unity/unity/Runtime/Export/Scripting/Coroutines.cs:17)

(Filename: /Users/bokken/build/output/unity/unity/Runtime/Export/Debug/Debug.bindings.cs Line: 123)

T0_CASE_THREAD_CHECK existing UI action available: row-tl-r2
UnityEngine.Debug:ExtractStackTraceNoAlloc (byte*,int,string)
UnityEngine.StackTraceUtility:ExtractStackTrace () (at /Users/bokken/build/output/unity/unity/Runtime/Export/Scripting/StackTrace.cs:35)
UnityEngine.DebugLogHandler:Internal_Log (UnityEngine.LogType,UnityEngine.LogOption,string,UnityEngine.Object)
UnityEngine.DebugLogHandler:LogFormat (UnityEngine.LogType,UnityEngine.Object,string,object[]) (at /Users/bokken/build/output/unity/unity/Runtime/Export/Logging/DebugLogHandler.cs:9)
UnityEngine.Logger:Log (UnityEngine.LogType,object) (at /Users/bokken/build/output/unity/unity/Runtime/Export/Logging/Logger.cs:60)
UnityEngine.Debug:Log (object) (at /Users/bokken/build/output/unity/unity/Runtime/Export/Debug/Debug.bindings.cs:123)
Tide.App.T0CaseThreadSmoke:Require (bool,string) (at /private/tmp/t0-case-thread-p1-native-20260910/build-project/Assets/_Project/App/T0GameSession.cs:304)
Tide.App.T0CaseThreadSmoke:Act (string) (at /private/tmp/t0-case-thread-p1-native-20260910/build-project/Assets/_Project/App/T0GameSession.cs:312)
Tide.App.T0CaseThreadSmoke/<Run>d__28:MoveNext () (at /private/tmp/t0-case-thread-p1-native-20260910/build-project/Assets/_Project/App/T0GameSession.cs:434)
Tide.App.T0CaseThreadSmoke/<Start>d__11:MoveNext () (at /private/tmp/t0-case-thread-p1-native-20260910/build-project/Assets/_Project/App/T0GameSession.cs:295)
UnityEngine.SetupCoroutine:InvokeMoveNext (System.Collections.IEnumerator,intptr) (at /Users/bokken/build/output/unity/unity/Runtime/Export/Scripting/Coroutines.cs:17)

(Filename: /Users/bokken/build/output/unity/unity/Runtime/Export/Debug/Debug.bindings.cs Line: 123)

T0_CASE_THREAD_CHECK existing UI action available: row-tl-r3
UnityEngine.Debug:ExtractStackTraceNoAlloc (byte*,int,string)
UnityEngine.StackTraceUtility:ExtractStackTrace () (at /Users/bokken/build/output/unity/unity/Runtime/Export/Scripting/StackTrace.cs:35)
UnityEngine.DebugLogHandler:Internal_Log (UnityEngine.LogType,UnityEngine.LogOption,string,UnityEngine.Object)
UnityEngine.DebugLogHandler:LogFormat (UnityEngine.LogType,UnityEngine.Object,string,object[]) (at /Users/bokken/build/output/unity/unity/Runtime/Export/Logging/DebugLogHandler.cs:9)
UnityEngine.Logger:Log (UnityEngine.LogType,object) (at /Users/bokken/build/output/unity/unity/Runtime/Export/Logging/Logger.cs:60)
UnityEngine.Debug:Log (object) (at /Users/bokken/build/output/unity/unity/Runtime/Export/Debug/Debug.bindings.cs:123)
Tide.App.T0CaseThreadSmoke:Require (bool,string) (at /private/tmp/t0-case-thread-p1-native-20260910/build-project/Assets/_Project/App/T0GameSession.cs:304)
Tide.App.T0CaseThreadSmoke:Act (string) (at /private/tmp/t0-case-thread-p1-native-20260910/build-project/Assets/_Project/App/T0GameSession.cs:312)
Tide.App.T0CaseThreadSmoke/<Run>d__28:MoveNext () (at /private/tmp/t0-case-thread-p1-native-20260910/build-project/Assets/_Project/App/T0GameSession.cs:434)
Tide.App.T0CaseThreadSmoke/<Start>d__11:MoveNext () (at /private/tmp/t0-case-thread-p1-native-20260910/build-project/Assets/_Project/App/T0GameSession.cs:295)
UnityEngine.SetupCoroutine:InvokeMoveNext (System.Collections.IEnumerator,intptr) (at /Users/bokken/build/output/unity/unity/Runtime/Export/Scripting/Coroutines.cs:17)

(Filename: /Users/bokken/build/output/unity/unity/Runtime/Export/Debug/Debug.bindings.cs Line: 123)

T0_CASE_THREAD_CHECK existing UI action available: decision-written
UnityEngine.Debug:ExtractStackTraceNoAlloc (byte*,int,string)
UnityEngine.StackTraceUtility:ExtractStackTrace () (at /Users/bokken/build/output/unity/unity/Runtime/Export/Scripting/StackTrace.cs:35)
UnityEngine.DebugLogHandler:Internal_Log (UnityEngine.LogType,UnityEngine.LogOption,string,UnityEngine.Object)
UnityEngine.DebugLogHandler:LogFormat (UnityEngine.LogType,UnityEngine.Object,string,object[]) (at /Users/bokken/build/output/unity/unity/Runtime/Export/Logging/DebugLogHandler.cs:9)
UnityEngine.Logger:Log (UnityEngine.LogType,object) (at /Users/bokken/build/output/unity/unity/Runtime/Export/Logging/Logger.cs:60)
UnityEngine.Debug:Log (object) (at /Users/bokken/build/output/unity/unity/Runtime/Export/Debug/Debug.bindings.cs:123)
Tide.App.T0CaseThreadSmoke:Require (bool,string) (at /private/tmp/t0-case-thread-p1-native-20260910/build-project/Assets/_Project/App/T0GameSession.cs:304)
Tide.App.T0CaseThreadSmoke:Act (string) (at /private/tmp/t0-case-thread-p1-native-20260910/build-project/Assets/_Project/App/T0GameSession.cs:312)
Tide.App.T0CaseThreadSmoke/<Run>d__28:MoveNext () (at /private/tmp/t0-case-thread-p1-native-20260910/build-project/Assets/_Project/App/T0GameSession.cs:435)
Tide.App.T0CaseThreadSmoke/<Start>d__11:MoveNext () (at /private/tmp/t0-case-thread-p1-native-20260910/build-project/Assets/_Project/App/T0GameSession.cs:295)
UnityEngine.SetupCoroutine:InvokeMoveNext (System.Collections.IEnumerator,intptr) (at /Users/bokken/build/output/unity/unity/Runtime/Export/Scripting/Coroutines.cs:17)

(Filename: /Users/bokken/build/output/unity/unity/Runtime/Export/Debug/Debug.bindings.cs Line: 123)

T0_CASE_THREAD_CHECK existing UI action available: close-document
UnityEngine.Debug:ExtractStackTraceNoAlloc (byte*,int,string)
UnityEngine.StackTraceUtility:ExtractStackTrace () (at /Users/bokken/build/output/unity/unity/Runtime/Export/Scripting/StackTrace.cs:35)
UnityEngine.DebugLogHandler:Internal_Log (UnityEngine.LogType,UnityEngine.LogOption,string,UnityEngine.Object)
UnityEngine.DebugLogHandler:LogFormat (UnityEngine.LogType,UnityEngine.Object,string,object[]) (at /Users/bokken/build/output/unity/unity/Runtime/Export/Logging/DebugLogHandler.cs:9)
UnityEngine.Logger:Log (UnityEngine.LogType,object) (at /Users/bokken/build/output/unity/unity/Runtime/Export/Logging/Logger.cs:60)
UnityEngine.Debug:Log (object) (at /Users/bokken/build/output/unity/unity/Runtime/Export/Debug/Debug.bindings.cs:123)
Tide.App.T0CaseThreadSmoke:Require (bool,string) (at /private/tmp/t0-case-thread-p1-native-20260910/build-project/Assets/_Project/App/T0GameSession.cs:304)
Tide.App.T0CaseThreadSmoke:Act (string) (at /private/tmp/t0-case-thread-p1-native-20260910/build-project/Assets/_Project/App/T0GameSession.cs:312)
Tide.App.T0CaseThreadSmoke/<Run>d__28:MoveNext () (at /private/tmp/t0-case-thread-p1-native-20260910/build-project/Assets/_Project/App/T0GameSession.cs:435)
Tide.App.T0CaseThreadSmoke/<Start>d__11:MoveNext () (at /private/tmp/t0-case-thread-p1-native-20260910/build-project/Assets/_Project/App/T0GameSession.cs:295)
UnityEngine.SetupCoroutine:InvokeMoveNext (System.Collections.IEnumerator,intptr) (at /Users/bokken/build/output/unity/unity/Runtime/Export/Scripting/Coroutines.cs:17)

(Filename: /Users/bokken/build/output/unity/unity/Runtime/Export/Debug/Debug.bindings.cs Line: 123)

T0_CASE_THREAD_CHECK existing UI action available: load-plate-zero
UnityEngine.Debug:ExtractStackTraceNoAlloc (byte*,int,string)
UnityEngine.StackTraceUtility:ExtractStackTrace () (at /Users/bokken/build/output/unity/unity/Runtime/Export/Scripting/StackTrace.cs:35)
UnityEngine.DebugLogHandler:Internal_Log (UnityEngine.LogType,UnityEngine.LogOption,string,UnityEngine.Object)
UnityEngine.DebugLogHandler:LogFormat (UnityEngine.LogType,UnityEngine.Object,string,object[]) (at /Users/bokken/build/output/unity/unity/Runtime/Export/Logging/DebugLogHandler.cs:9)
UnityEngine.Logger:Log (UnityEngine.LogType,object) (at /Users/bokken/build/output/unity/unity/Runtime/Export/Logging/Logger.cs:60)
UnityEngine.Debug:Log (object) (at /Users/bokken/build/output/unity/unity/Runtime/Export/Debug/Debug.bindings.cs:123)
Tide.App.T0CaseThreadSmoke:Require (bool,string) (at /private/tmp/t0-case-thread-p1-native-20260910/build-project/Assets/_Project/App/T0GameSession.cs:304)
Tide.App.T0CaseThreadSmoke:Act (string) (at /private/tmp/t0-case-thread-p1-native-20260910/build-project/Assets/_Project/App/T0GameSession.cs:312)
Tide.App.T0CaseThreadSmoke/<Run>d__28:MoveNext () (at /private/tmp/t0-case-thread-p1-native-20260910/build-project/Assets/_Project/App/T0GameSession.cs:435)
Tide.App.T0CaseThreadSmoke/<Start>d__11:MoveNext () (at /private/tmp/t0-case-thread-p1-native-20260910/build-project/Assets/_Project/App/T0GameSession.cs:295)
UnityEngine.SetupCoroutine:InvokeMoveNext (System.Collections.IEnumerator,intptr) (at /Users/bokken/build/output/unity/unity/Runtime/Export/Scripting/Coroutines.cs:17)

(Filename: /Users/bokken/build/output/unity/unity/Runtime/Export/Debug/Debug.bindings.cs Line: 123)

T0_CASE_THREAD_CHECK actual intake completes t0-b1
UnityEngine.Debug:ExtractStackTraceNoAlloc (byte*,int,string)
UnityEngine.StackTraceUtility:ExtractStackTrace () (at /Users/bokken/build/output/unity/unity/Runtime/Export/Scripting/StackTrace.cs:35)
UnityEngine.DebugLogHandler:Internal_Log (UnityEngine.LogType,UnityEngine.LogOption,string,UnityEngine.Object)
UnityEngine.DebugLogHandler:LogFormat (UnityEngine.LogType,UnityEngine.Object,string,object[]) (at /Users/bokken/build/output/unity/unity/Runtime/Export/Logging/DebugLogHandler.cs:9)
UnityEngine.Logger:Log (UnityEngine.LogType,object) (at /Users/bokken/build/output/unity/unity/Runtime/Export/Logging/Logger.cs:60)
UnityEngine.Debug:Log (object) (at /Users/bokken/build/output/unity/unity/Runtime/Export/Debug/Debug.bindings.cs:123)
Tide.App.T0CaseThreadSmoke:Require (bool,string) (at /private/tmp/t0-case-thread-p1-native-20260910/build-project/Assets/_Project/App/T0GameSession.cs:304)
Tide.App.T0CaseThreadSmoke/<Run>d__28:MoveNext () (at /private/tmp/t0-case-thread-p1-native-20260910/build-project/Assets/_Project/App/T0GameSession.cs:435)
Tide.App.T0CaseThreadSmoke/<Start>d__11:MoveNext () (at /private/tmp/t0-case-thread-p1-native-20260910/build-project/Assets/_Project/App/T0GameSession.cs:295)
UnityEngine.SetupCoroutine:InvokeMoveNext (System.Collections.IEnumerator,intptr) (at /Users/bokken/build/output/unity/unity/Runtime/Export/Scripting/Coroutines.cs:17)

(Filename: /Users/bokken/build/output/unity/unity/Runtime/Export/Debug/Debug.bindings.cs Line: 123)

T0_CASE_THREAD_CHECK save queue settled
UnityEngine.Debug:ExtractStackTraceNoAlloc (byte*,int,string)
UnityEngine.StackTraceUtility:ExtractStackTrace () (at /Users/bokken/build/output/unity/unity/Runtime/Export/Scripting/StackTrace.cs:35)
UnityEngine.DebugLogHandler:Internal_Log (UnityEngine.LogType,UnityEngine.LogOption,string,UnityEngine.Object)
UnityEngine.DebugLogHandler:LogFormat (UnityEngine.LogType,UnityEngine.Object,string,object[]) (at /Users/bokken/build/output/unity/unity/Runtime/Export/Logging/DebugLogHandler.cs:9)
UnityEngine.Logger:Log (UnityEngine.LogType,object) (at /Users/bokken/build/output/unity/unity/Runtime/Export/Logging/Logger.cs:60)
UnityEngine.Debug:Log (object) (at /Users/bokken/build/output/unity/unity/Runtime/Export/Debug/Debug.bindings.cs:123)
Tide.App.T0CaseThreadSmoke:Require (bool,string) (at /private/tmp/t0-case-thread-p1-native-20260910/build-project/Assets/_Project/App/T0GameSession.cs:304)
Tide.App.T0CaseThreadSmoke/<Drain>d__18:MoveNext () (at /private/tmp/t0-case-thread-p1-native-20260910/build-project/Assets/_Project/App/T0GameSession.cs:337)
Tide.App.T0CaseThreadSmoke/<Start>d__11:MoveNext () (at /private/tmp/t0-case-thread-p1-native-20260910/build-project/Assets/_Project/App/T0GameSession.cs:295)
UnityEngine.SetupCoroutine:InvokeMoveNext (System.Collections.IEnumerator,intptr) (at /Users/bokken/build/output/unity/unity/Runtime/Export/Scripting/Coroutines.cs:17)

(Filename: /Users/bokken/build/output/unity/unity/Runtime/Export/Debug/Debug.bindings.cs Line: 123)

T0_CASE_THREAD_CHECK exactly one active CaseThread text
UnityEngine.Debug:ExtractStackTraceNoAlloc (byte*,int,string)
UnityEngine.StackTraceUtility:ExtractStackTrace () (at /Users/bokken/build/output/unity/unity/Runtime/Export/Scripting/StackTrace.cs:35)
UnityEngine.DebugLogHandler:Internal_Log (UnityEngine.LogType,UnityEngine.LogOption,string,UnityEngine.Object)
UnityEngine.DebugLogHandler:LogFormat (UnityEngine.LogType,UnityEngine.Object,string,object[]) (at /Users/bokken/build/output/unity/unity/Runtime/Export/Logging/DebugLogHandler.cs:9)
UnityEngine.Logger:Log (UnityEngine.LogType,object) (at /Users/bokken/build/output/unity/unity/Runtime/Export/Logging/Logger.cs:60)
UnityEngine.Debug:Log (object) (at /Users/bokken/build/output/unity/unity/Runtime/Export/Debug/Debug.bindings.cs:123)
Tide.App.T0CaseThreadSmoke:Require (bool,string) (at /private/tmp/t0-case-thread-p1-native-20260910/build-project/Assets/_Project/App/T0GameSession.cs:304)
Tide.App.T0CaseThreadSmoke:Card () (at /private/tmp/t0-case-thread-p1-native-20260910/build-project/Assets/_Project/App/T0GameSession.cs:341)
Tide.App.T0CaseThreadSmoke/<Inspect>d__23:MoveNext () (at /private/tmp/t0-case-thread-p1-native-20260910/build-project/Assets/_Project/App/T0GameSession.cs:366)
Tide.App.T0CaseThreadSmoke/<Start>d__11:MoveNext () (at /private/tmp/t0-case-thread-p1-native-20260910/build-project/Assets/_Project/App/T0GameSession.cs:295)
UnityEngine.SetupCoroutine:InvokeMoveNext (System.Collections.IEnumerator,intptr) (at /Users/bokken/build/output/unity/unity/Runtime/Export/Scripting/Coroutines.cs:17)

(Filename: /Users/bokken/build/output/unity/unity/Runtime/Export/Debug/Debug.bindings.cs Line: 123)

T0_CASE_THREAD_CHECK post-b1-0-of-2: objective visible
UnityEngine.Debug:ExtractStackTraceNoAlloc (byte*,int,string)
UnityEngine.StackTraceUtility:ExtractStackTrace () (at /Users/bokken/build/output/unity/unity/Runtime/Export/Scripting/StackTrace.cs:35)
UnityEngine.DebugLogHandler:Internal_Log (UnityEngine.LogType,UnityEngine.LogOption,string,UnityEngine.Object)
UnityEngine.DebugLogHandler:LogFormat (UnityEngine.LogType,UnityEngine.Object,string,object[]) (at /Users/bokken/build/output/unity/unity/Runtime/Export/Logging/DebugLogHandler.cs:9)
UnityEngine.Logger:Log (UnityEngine.LogType,object) (at /Users/bokken/build/output/unity/unity/Runtime/Export/Logging/Logger.cs:60)
UnityEngine.Debug:Log (object) (at /Users/bokken/build/output/unity/unity/Runtime/Export/Debug/Debug.bindings.cs:123)
Tide.App.T0CaseThreadSmoke:Require (bool,string) (at /private/tmp/t0-case-thread-p1-native-20260910/build-project/Assets/_Project/App/T0GameSession.cs:304)
Tide.App.T0CaseThreadSmoke/<Inspect>d__23:MoveNext () (at /private/tmp/t0-case-thread-p1-native-20260910/build-project/Assets/_Project/App/T0GameSession.cs:366)
Tide.App.T0CaseThreadSmoke/<Start>d__11:MoveNext () (at /private/tmp/t0-case-thread-p1-native-20260910/build-project/Assets/_Project/App/T0GameSession.cs:295)
UnityEngine.SetupCoroutine:InvokeMoveNext (System.Collections.IEnumerator,intptr) (at /Users/bokken/build/output/unity/unity/Runtime/Export/Scripting/Coroutines.cs:17)

(Filename: /Users/bokken/build/output/unity/unity/Runtime/Export/Debug/Debug.bindings.cs Line: 123)

T0_CASE_THREAD_CHECK post-b1-0-of-2: 0/2 visible
UnityEngine.Debug:ExtractStackTraceNoAlloc (byte*,int,string)
UnityEngine.StackTraceUtility:ExtractStackTrace () (at /Users/bokken/build/output/unity/unity/Runtime/Export/Scripting/StackTrace.cs:35)
UnityEngine.DebugLogHandler:Internal_Log (UnityEngine.LogType,UnityEngine.LogOption,string,UnityEngine.Object)
UnityEngine.DebugLogHandler:LogFormat (UnityEngine.LogType,UnityEngine.Object,string,object[]) (at /Users/bokken/build/output/unity/unity/Runtime/Export/Logging/DebugLogHandler.cs:9)
UnityEngine.Logger:Log (UnityEngine.LogType,object) (at /Users/bokken/build/output/unity/unity/Runtime/Export/Logging/Logger.cs:60)
UnityEngine.Debug:Log (object) (at /Users/bokken/build/output/unity/unity/Runtime/Export/Debug/Debug.bindings.cs:123)
Tide.App.T0CaseThreadSmoke:Require (bool,string) (at /private/tmp/t0-case-thread-p1-native-20260910/build-project/Assets/_Project/App/T0GameSession.cs:304)
Tide.App.T0CaseThreadSmoke/<Inspect>d__23:MoveNext () (at /private/tmp/t0-case-thread-p1-native-20260910/build-project/Assets/_Project/App/T0GameSession.cs:367)
Tide.App.T0CaseThreadSmoke/<Start>d__11:MoveNext () (at /private/tmp/t0-case-thread-p1-native-20260910/build-project/Assets/_Project/App/T0GameSession.cs:295)
UnityEngine.SetupCoroutine:InvokeMoveNext (System.Collections.IEnumerator,intptr) (at /Users/bokken/build/output/unity/unity/Runtime/Export/Scripting/Coroutines.cs:17)

(Filename: /Users/bokken/build/output/unity/unity/Runtime/Export/Debug/Debug.bindings.cs Line: 123)

T0_CASE_THREAD_CHECK post-b1-0-of-2: next line present
UnityEngine.Debug:ExtractStackTraceNoAlloc (byte*,int,string)
UnityEngine.StackTraceUtility:ExtractStackTrace () (at /Users/bokken/build/output/unity/unity/Runtime/Export/Scripting/StackTrace.cs:35)
UnityEngine.DebugLogHandler:Internal_Log (UnityEngine.LogType,UnityEngine.LogOption,string,UnityEngine.Object)
UnityEngine.DebugLogHandler:LogFormat (UnityEngine.LogType,UnityEngine.Object,string,object[]) (at /Users/bokken/build/output/unity/unity/Runtime/Export/Logging/DebugLogHandler.cs:9)
UnityEngine.Logger:Log (UnityEngine.LogType,object) (at /Users/bokken/build/output/unity/unity/Runtime/Export/Logging/Logger.cs:60)
UnityEngine.Debug:Log (object) (at /Users/bokken/build/output/unity/unity/Runtime/Export/Debug/Debug.bindings.cs:123)
Tide.App.T0CaseThreadSmoke:Require (bool,string) (at /private/tmp/t0-case-thread-p1-native-20260910/build-project/Assets/_Project/App/T0GameSession.cs:304)
Tide.App.T0CaseThreadSmoke:GenericGuidance (UnityEngine.UI.Text,string) (at /private/tmp/t0-case-thread-p1-native-20260910/build-project/Assets/_Project/App/T0GameSession.cs:356)
Tide.App.T0CaseThreadSmoke/<Inspect>d__23:MoveNext () (at /private/tmp/t0-case-thread-p1-native-20260910/build-project/Assets/_Project/App/T0GameSession.cs:368)
Tide.App.T0CaseThreadSmoke/<Start>d__11:MoveNext () (at /private/tmp/t0-case-thread-p1-native-20260910/build-project/Assets/_Project/App/T0GameSession.cs:295)
UnityEngine.SetupCoroutine:InvokeMoveNext (System.Collections.IEnumerator,intptr) (at /Users/bokken/build/output/unity/unity/Runtime/Export/Scripting/Coroutines.cs:17)

(Filename: /Users/bokken/build/output/unity/unity/Runtime/Export/Debug/Debug.bindings.cs Line: 123)

T0_CASE_THREAD_CHECK post-b1-0-of-2: next line is generic objective guidance: 근거를 대조하고 정렬해 보세요.
UnityEngine.Debug:ExtractStackTraceNoAlloc (byte*,int,string)
UnityEngine.StackTraceUtility:ExtractStackTrace () (at /Users/bokken/build/output/unity/unity/Runtime/Export/Scripting/StackTrace.cs:35)
UnityEngine.DebugLogHandler:Internal_Log (UnityEngine.LogType,UnityEngine.LogOption,string,UnityEngine.Object)
UnityEngine.DebugLogHandler:LogFormat (UnityEngine.LogType,UnityEngine.Object,string,object[]) (at /Users/bokken/build/output/unity/unity/Runtime/Export/Logging/DebugLogHandler.cs:9)
UnityEngine.Logger:Log (UnityEngine.LogType,object) (at /Users/bokken/build/output/unity/unity/Runtime/Export/Logging/Logger.cs:60)
UnityEngine.Debug:Log (object) (at /Users/bokken/build/output/unity/unity/Runtime/Export/Debug/Debug.bindings.cs:123)
Tide.App.T0CaseThreadSmoke:Require (bool,string) (at /private/tmp/t0-case-thread-p1-native-20260910/build-project/Assets/_Project/App/T0GameSession.cs:304)
Tide.App.T0CaseThreadSmoke:GenericGuidance (UnityEngine.UI.Text,string) (at /private/tmp/t0-case-thread-p1-native-20260910/build-project/Assets/_Project/App/T0GameSession.cs:358)
Tide.App.T0CaseThreadSmoke/<Inspect>d__23:MoveNext () (at /private/tmp/t0-case-thread-p1-native-20260910/build-project/Assets/_Project/App/T0GameSession.cs:368)
Tide.App.T0CaseThreadSmoke/<Start>d__11:MoveNext () (at /private/tmp/t0-case-thread-p1-native-20260910/build-project/Assets/_Project/App/T0GameSession.cs:295)
UnityEngine.SetupCoroutine:InvokeMoveNext (System.Collections.IEnumerator,intptr) (at /Users/bokken/build/output/unity/unity/Runtime/Export/Scripting/Coroutines.cs:17)

(Filename: /Users/bokken/build/output/unity/unity/Runtime/Export/Debug/Debug.bindings.cs Line: 123)

T0_CASE_THREAD_CHECK post-b1-0-of-2: no disclosure of rec-handover-brief
UnityEngine.Debug:ExtractStackTraceNoAlloc (byte*,int,string)
UnityEngine.StackTraceUtility:ExtractStackTrace () (at /Users/bokken/build/output/unity/unity/Runtime/Export/Scripting/StackTrace.cs:35)
UnityEngine.DebugLogHandler:Internal_Log (UnityEngine.LogType,UnityEngine.LogOption,string,UnityEngine.Object)
UnityEngine.DebugLogHandler:LogFormat (UnityEngine.LogType,UnityEngine.Object,string,object[]) (at /Users/bokken/build/output/unity/unity/Runtime/Export/Logging/DebugLogHandler.cs:9)
UnityEngine.Logger:Log (UnityEngine.LogType,object) (at /Users/bokken/build/output/unity/unity/Runtime/Export/Logging/Logger.cs:60)
UnityEngine.Debug:Log (object) (at /Users/bokken/build/output/unity/unity/Runtime/Export/Debug/Debug.bindings.cs:123)
Tide.App.T0CaseThreadSmoke:Require (bool,string) (at /private/tmp/t0-case-thread-p1-native-20260910/build-project/Assets/_Project/App/T0GameSession.cs:304)
Tide.App.T0CaseThreadSmoke:GenericGuidance (UnityEngine.UI.Text,string) (at /private/tmp/t0-case-thread-p1-native-20260910/build-project/Assets/_Project/App/T0GameSession.cs:359)
Tide.App.T0CaseThreadSmoke/<Inspect>d__23:MoveNext () (at /private/tmp/t0-case-thread-p1-native-20260910/build-project/Assets/_Project/App/T0GameSession.cs:368)
Tide.App.T0CaseThreadSmoke/<Start>d__11:MoveNext () (at /private/tmp/t0-case-thread-p1-native-20260910/build-project/Assets/_Project/App/T0GameSession.cs:295)
UnityEngine.SetupCoroutine:InvokeMoveNext (System.Collections.IEnumerator,intptr) (at /Users/bokken/build/output/unity/unity/Runtime/Export/Scripting/Coroutines.cs:17)

(Filename: /Users/bokken/build/output/unity/unity/Runtime/Export/Debug/Debug.bindings.cs Line: 123)

T0_CASE_THREAD_CHECK post-b1-0-of-2: no disclosure of rec-plate-standard-hub
UnityEngine.Debug:ExtractStackTraceNoAlloc (byte*,int,string)
UnityEngine.StackTraceUtility:ExtractStackTrace () (at /Users/bokken/build/output/unity/unity/Runtime/Export/Scripting/StackTrace.cs:35)
UnityEngine.DebugLogHandler:Internal_Log (UnityEngine.LogType,UnityEngine.LogOption,string,UnityEngine.Object)
UnityEngine.DebugLogHandler:LogFormat (UnityEngine.LogType,UnityEngine.Object,string,object[]) (at /Users/bokken/build/output/unity/unity/Runtime/Export/Logging/DebugLogHandler.cs:9)
UnityEngine.Logger:Log (UnityEngine.LogType,object) (at /Users/bokken/build/output/unity/unity/Runtime/Export/Logging/Logger.cs:60)
UnityEngine.Debug:Log (object) (at /Users/bokken/build/output/unity/unity/Runtime/Export/Debug/Debug.bindings.cs:123)
Tide.App.T0CaseThreadSmoke:Require (bool,string) (at /private/tmp/t0-case-thread-p1-native-20260910/build-project/Assets/_Project/App/T0GameSession.cs:304)
Tide.App.T0CaseThreadSmoke:GenericGuidance (UnityEngine.UI.Text,string) (at /private/tmp/t0-case-thread-p1-native-20260910/build-project/Assets/_Project/App/T0GameSession.cs:359)
Tide.App.T0CaseThreadSmoke/<Inspect>d__23:MoveNext () (at /private/tmp/t0-case-thread-p1-native-20260910/build-project/Assets/_Project/App/T0GameSession.cs:368)
Tide.App.T0CaseThreadSmoke/<Start>d__11:MoveNext () (at /private/tmp/t0-case-thread-p1-native-20260910/build-project/Assets/_Project/App/T0GameSession.cs:295)
UnityEngine.SetupCoroutine:InvokeMoveNext (System.Collections.IEnumerator,intptr) (at /Users/bokken/build/output/unity/unity/Runtime/Export/Scripting/Coroutines.cs:17)

(Filename: /Users/bokken/build/output/unity/unity/Runtime/Export/Debug/Debug.bindings.cs Line: 123)

T0_CASE_THREAD_CHECK post-b1-0-of-2: no disclosure of rec-tide-ledger-bureau
UnityEngine.Debug:ExtractStackTraceNoAlloc (byte*,int,string)
UnityEngine.StackTraceUtility:ExtractStackTrace () (at /Users/bokken/build/output/unity/unity/Runtime/Export/Scripting/StackTrace.cs:35)
UnityEngine.DebugLogHandler:Internal_Log (UnityEngine.LogType,UnityEngine.LogOption,string,UnityEngine.Object)
UnityEngine.DebugLogHandler:LogFormat (UnityEngine.LogType,UnityEngine.Object,string,object[]) (at /Users/bokken/build/output/unity/unity/Runtime/Export/Logging/DebugLogHandler.cs:9)
UnityEngine.Logger:Log (UnityEngine.LogType,object) (at /Users/bokken/build/output/unity/unity/Runtime/Export/Logging/Logger.cs:60)
UnityEngine.Debug:Log (object) (at /Users/bokken/build/output/unity/unity/Runtime/Export/Debug/Debug.bindings.cs:123)
Tide.App.T0CaseThreadSmoke:Require (bool,string) (at /private/tmp/t0-case-thread-p1-native-20260910/build-project/Assets/_Project/App/T0GameSession.cs:304)
Tide.App.T0CaseThreadSmoke:GenericGuidance (UnityEngine.UI.Text,string) (at /private/tmp/t0-case-thread-p1-native-20260910/build-project/Assets/_Project/App/T0GameSession.cs:359)
Tide.App.T0CaseThreadSmoke/<Inspect>d__23:MoveNext () (at /private/tmp/t0-case-thread-p1-native-20260910/build-project/Assets/_Project/App/T0GameSession.cs:368)
Tide.App.T0CaseThreadSmoke/<Start>d__11:MoveNext () (at /private/tmp/t0-case-thread-p1-native-20260910/build-project/Assets/_Project/App/T0GameSession.cs:295)
UnityEngine.SetupCoroutine:InvokeMoveNext (System.Collections.IEnumerator,intptr) (at /Users/bokken/build/output/unity/unity/Runtime/Export/Scripting/Coroutines.cs:17)

(Filename: /Users/bokken/build/output/unity/unity/Runtime/Export/Debug/Debug.bindings.cs Line: 123)

T0_CASE_THREAD_CHECK post-b1-0-of-2: no disclosure of rec-transfer-list
UnityEngine.Debug:ExtractStackTraceNoAlloc (byte*,int,string)
UnityEngine.StackTraceUtility:ExtractStackTrace () (at /Users/bokken/build/output/unity/unity/Runtime/Export/Scripting/StackTrace.cs:35)
UnityEngine.DebugLogHandler:Internal_Log (UnityEngine.LogType,UnityEngine.LogOption,string,UnityEngine.Object)
UnityEngine.DebugLogHandler:LogFormat (UnityEngine.LogType,UnityEngine.Object,string,object[]) (at /Users/bokken/build/output/unity/unity/Runtime/Export/Logging/DebugLogHandler.cs:9)
UnityEngine.Logger:Log (UnityEngine.LogType,object) (at /Users/bokken/build/output/unity/unity/Runtime/Export/Logging/Logger.cs:60)
UnityEngine.Debug:Log (object) (at /Users/bokken/build/output/unity/unity/Runtime/Export/Debug/Debug.bindings.cs:123)
Tide.App.T0CaseThreadSmoke:Require (bool,string) (at /private/tmp/t0-case-thread-p1-native-20260910/build-project/Assets/_Project/App/T0GameSession.cs:304)
Tide.App.T0CaseThreadSmoke:GenericGuidance (UnityEngine.UI.Text,string) (at /private/tmp/t0-case-thread-p1-native-20260910/build-project/Assets/_Project/App/T0GameSession.cs:359)
Tide.App.T0CaseThreadSmoke/<Inspect>d__23:MoveNext () (at /private/tmp/t0-case-thread-p1-native-20260910/build-project/Assets/_Project/App/T0GameSession.cs:368)
Tide.App.T0CaseThreadSmoke/<Start>d__11:MoveNext () (at /private/tmp/t0-case-thread-p1-native-20260910/build-project/Assets/_Project/App/T0GameSession.cs:295)
UnityEngine.SetupCoroutine:InvokeMoveNext (System.Collections.IEnumerator,intptr) (at /Users/bokken/build/output/unity/unity/Runtime/Export/Scripting/Coroutines.cs:17)

(Filename: /Users/bokken/build/output/unity/unity/Runtime/Export/Debug/Debug.bindings.cs Line: 123)

T0_CASE_THREAD_CHECK post-b1-0-of-2: no disclosure of rec-watchlog-bureau
UnityEngine.Debug:ExtractStackTraceNoAlloc (byte*,int,string)
UnityEngine.StackTraceUtility:ExtractStackTrace () (at /Users/bokken/build/output/unity/unity/Runtime/Export/Scripting/StackTrace.cs:35)
UnityEngine.DebugLogHandler:Internal_Log (UnityEngine.LogType,UnityEngine.LogOption,string,UnityEngine.Object)
UnityEngine.DebugLogHandler:LogFormat (UnityEngine.LogType,UnityEngine.Object,string,object[]) (at /Users/bokken/build/output/unity/unity/Runtime/Export/Logging/DebugLogHandler.cs:9)
UnityEngine.Logger:Log (UnityEngine.LogType,object) (at /Users/bokken/build/output/unity/unity/Runtime/Export/Logging/Logger.cs:60)
UnityEngine.Debug:Log (object) (at /Users/bokken/build/output/unity/unity/Runtime/Export/Debug/Debug.bindings.cs:123)
Tide.App.T0CaseThreadSmoke:Require (bool,string) (at /private/tmp/t0-case-thread-p1-native-20260910/build-project/Assets/_Project/App/T0GameSession.cs:304)
Tide.App.T0CaseThreadSmoke:GenericGuidance (UnityEngine.UI.Text,string) (at /private/tmp/t0-case-thread-p1-native-20260910/build-project/Assets/_Project/App/T0GameSession.cs:359)
Tide.App.T0CaseThreadSmoke/<Inspect>d__23:MoveNext () (at /private/tmp/t0-case-thread-p1-native-20260910/build-project/Assets/_Project/App/T0GameSession.cs:368)
Tide.App.T0CaseThreadSmoke/<Start>d__11:MoveNext () (at /private/tmp/t0-case-thread-p1-native-20260910/build-project/Assets/_Project/App/T0GameSession.cs:295)
UnityEngine.SetupCoroutine:InvokeMoveNext (System.Collections.IEnumerator,intptr) (at /Users/bokken/build/output/unity/unity/Runtime/Export/Scripting/Coroutines.cs:17)

(Filename: /Users/bokken/build/output/unity/unity/Runtime/Export/Debug/Debug.bindings.cs Line: 123)

T0_CASE_THREAD_CHECK post-b1-0-of-2: no disclosure of 근무 규정 필사본
UnityEngine.Debug:ExtractStackTraceNoAlloc (byte*,int,string)
UnityEngine.StackTraceUtility:ExtractStackTrace () (at /Users/bokken/build/output/unity/unity/Runtime/Export/Scripting/StackTrace.cs:35)
UnityEngine.DebugLogHandler:Internal_Log (UnityEngine.LogType,UnityEngine.LogOption,string,UnityEngine.Object)
UnityEngine.DebugLogHandler:LogFormat (UnityEngine.LogType,UnityEngine.Object,string,object[]) (at /Users/bokken/build/output/unity/unity/Runtime/Export/Logging/DebugLogHandler.cs:9)
UnityEngine.Logger:Log (UnityEngine.LogType,object) (at /Users/bokken/build/output/unity/unity/Runtime/Export/Logging/Logger.cs:60)
UnityEngine.Debug:Log (object) (at /Users/bokken/build/output/unity/unity/Runtime/Export/Debug/Debug.bindings.cs:123)
Tide.App.T0CaseThreadSmoke:Require (bool,string) (at /private/tmp/t0-case-thread-p1-native-20260910/build-project/Assets/_Project/App/T0GameSession.cs:304)
Tide.App.T0CaseThreadSmoke:GenericGuidance (UnityEngine.UI.Text,string) (at /private/tmp/t0-case-thread-p1-native-20260910/build-project/Assets/_Project/App/T0GameSession.cs:359)
Tide.App.T0CaseThreadSmoke/<Inspect>d__23:MoveNext () (at /private/tmp/t0-case-thread-p1-native-20260910/build-project/Assets/_Project/App/T0GameSession.cs:368)
Tide.App.T0CaseThreadSmoke/<Start>d__11:MoveNext () (at /private/tmp/t0-case-thread-p1-native-20260910/build-project/Assets/_Project/App/T0GameSession.cs:295)
UnityEngine.SetupCoroutine:InvokeMoveNext (System.Collections.IEnumerator,intptr) (at /Users/bokken/build/output/unity/unity/Runtime/Export/Scripting/Coroutines.cs:17)

(Filename: /Users/bokken/build/output/unity/unity/Runtime/Export/Debug/Debug.bindings.cs Line: 123)

T0_CASE_THREAD_CHECK post-b1-0-of-2: no disclosure of 기록국 조위대장
UnityEngine.Debug:ExtractStackTraceNoAlloc (byte*,int,string)
UnityEngine.StackTraceUtility:ExtractStackTrace () (at /Users/bokken/build/output/unity/unity/Runtime/Export/Scripting/StackTrace.cs:35)
UnityEngine.DebugLogHandler:Internal_Log (UnityEngine.LogType,UnityEngine.LogOption,string,UnityEngine.Object)
UnityEngine.DebugLogHandler:LogFormat (UnityEngine.LogType,UnityEngine.Object,string,object[]) (at /Users/bokken/build/output/unity/unity/Runtime/Export/Logging/DebugLogHandler.cs:9)
UnityEngine.Logger:Log (UnityEngine.LogType,object) (at /Users/bokken/build/output/unity/unity/Runtime/Export/Logging/Logger.cs:60)
UnityEngine.Debug:Log (object) (at /Users/bokken/build/output/unity/unity/Runtime/Export/Debug/Debug.bindings.cs:123)
Tide.App.T0CaseThreadSmoke:Require (bool,string) (at /private/tmp/t0-case-thread-p1-native-20260910/build-project/Assets/_Project/App/T0GameSession.cs:304)
Tide.App.T0CaseThreadSmoke:GenericGuidance (UnityEngine.UI.Text,string) (at /private/tmp/t0-case-thread-p1-native-20260910/build-project/Assets/_Project/App/T0GameSession.cs:359)
Tide.App.T0CaseThreadSmoke/<Inspect>d__23:MoveNext () (at /private/tmp/t0-case-thread-p1-native-20260910/build-project/Assets/_Project/App/T0GameSession.cs:368)
Tide.App.T0CaseThreadSmoke/<Start>d__11:MoveNext () (at /private/tmp/t0-case-thread-p1-native-20260910/build-project/Assets/_Project/App/T0GameSession.cs:295)
UnityEngine.SetupCoroutine:InvokeMoveNext (System.Collections.IEnumerator,intptr) (at /Users/bokken/build/output/unity/unity/Runtime/Export/Scripting/Coroutines.cs:17)

(Filename: /Users/bokken/build/output/unity/unity/Runtime/Export/Debug/Debug.bindings.cs Line: 123)

T0_CASE_THREAD_CHECK post-b1-0-of-2: no disclosure of 당직실 표준판
UnityEngine.Debug:ExtractStackTraceNoAlloc (byte*,int,string)
UnityEngine.StackTraceUtility:ExtractStackTrace () (at /Users/bokken/build/output/unity/unity/Runtime/Export/Scripting/StackTrace.cs:35)
UnityEngine.DebugLogHandler:Internal_Log (UnityEngine.LogType,UnityEngine.LogOption,string,UnityEngine.Object)
UnityEngine.DebugLogHandler:LogFormat (UnityEngine.LogType,UnityEngine.Object,string,object[]) (at /Users/bokken/build/output/unity/unity/Runtime/Export/Logging/DebugLogHandler.cs:9)
UnityEngine.Logger:Log (UnityEngine.LogType,object) (at /Users/bokken/build/output/unity/unity/Runtime/Export/Logging/Logger.cs:60)
UnityEngine.Debug:Log (object) (at /Users/bokken/build/output/unity/unity/Runtime/Export/Debug/Debug.bindings.cs:123)
Tide.App.T0CaseThreadSmoke:Require (bool,string) (at /private/tmp/t0-case-thread-p1-native-20260910/build-project/Assets/_Project/App/T0GameSession.cs:304)
Tide.App.T0CaseThreadSmoke:GenericGuidance (UnityEngine.UI.Text,string) (at /private/tmp/t0-case-thread-p1-native-20260910/build-project/Assets/_Project/App/T0GameSession.cs:359)
Tide.App.T0CaseThreadSmoke/<Inspect>d__23:MoveNext () (at /private/tmp/t0-case-thread-p1-native-20260910/build-project/Assets/_Project/App/T0GameSession.cs:368)
Tide.App.T0CaseThreadSmoke/<Start>d__11:MoveNext () (at /private/tmp/t0-case-thread-p1-native-20260910/build-project/Assets/_Project/App/T0GameSession.cs:295)
UnityEngine.SetupCoroutine:InvokeMoveNext (System.Collections.IEnumerator,intptr) (at /Users/bokken/build/output/unity/unity/Runtime/Export/Scripting/Coroutines.cs:17)

(Filename: /Users/bokken/build/output/unity/unity/Runtime/Export/Debug/Debug.bindings.cs Line: 123)

T0_CASE_THREAD_CHECK post-b1-0-of-2: no disclosure of 이관 목록
UnityEngine.Debug:ExtractStackTraceNoAlloc (byte*,int,string)
UnityEngine.StackTraceUtility:ExtractStackTrace () (at /Users/bokken/build/output/unity/unity/Runtime/Export/Scripting/StackTrace.cs:35)
UnityEngine.DebugLogHandler:Internal_Log (UnityEngine.LogType,UnityEngine.LogOption,string,UnityEngine.Object)
UnityEngine.DebugLogHandler:LogFormat (UnityEngine.LogType,UnityEngine.Object,string,object[]) (at /Users/bokken/build/output/unity/unity/Runtime/Export/Logging/DebugLogHandler.cs:9)
UnityEngine.Logger:Log (UnityEngine.LogType,object) (at /Users/bokken/build/output/unity/unity/Runtime/Export/Logging/Logger.cs:60)
UnityEngine.Debug:Log (object) (at /Users/bokken/build/output/unity/unity/Runtime/Export/Debug/Debug.bindings.cs:123)
Tide.App.T0CaseThreadSmoke:Require (bool,string) (at /private/tmp/t0-case-thread-p1-native-20260910/build-project/Assets/_Project/App/T0GameSession.cs:304)
Tide.App.T0CaseThreadSmoke:GenericGuidance (UnityEngine.UI.Text,string) (at /private/tmp/t0-case-thread-p1-native-20260910/build-project/Assets/_Project/App/T0GameSession.cs:359)
Tide.App.T0CaseThreadSmoke/<Inspect>d__23:MoveNext () (at /private/tmp/t0-case-thread-p1-native-20260910/build-project/Assets/_Project/App/T0GameSession.cs:368)
Tide.App.T0CaseThreadSmoke/<Start>d__11:MoveNext () (at /private/tmp/t0-case-thread-p1-native-20260910/build-project/Assets/_Project/App/T0GameSession.cs:295)
UnityEngine.SetupCoroutine:InvokeMoveNext (System.Collections.IEnumerator,intptr) (at /Users/bokken/build/output/unity/unity/Runtime/Export/Scripting/Coroutines.cs:17)

(Filename: /Users/bokken/build/output/unity/unity/Runtime/Export/Debug/Debug.bindings.cs Line: 123)

T0_CASE_THREAD_CHECK post-b1-0-of-2: no disclosure of 인수 각서
UnityEngine.Debug:ExtractStackTraceNoAlloc (byte*,int,string)
UnityEngine.StackTraceUtility:ExtractStackTrace () (at /Users/bokken/build/output/unity/unity/Runtime/Export/Scripting/StackTrace.cs:35)
UnityEngine.DebugLogHandler:Internal_Log (UnityEngine.LogType,UnityEngine.LogOption,string,UnityEngine.Object)
UnityEngine.DebugLogHandler:LogFormat (UnityEngine.LogType,UnityEngine.Object,string,object[]) (at /Users/bokken/build/output/unity/unity/Runtime/Export/Logging/DebugLogHandler.cs:9)
UnityEngine.Logger:Log (UnityEngine.LogType,object) (at /Users/bokken/build/output/unity/unity/Runtime/Export/Logging/Logger.cs:60)
UnityEngine.Debug:Log (object) (at /Users/bokken/build/output/unity/unity/Runtime/Export/Debug/Debug.bindings.cs:123)
Tide.App.T0CaseThreadSmoke:Require (bool,string) (at /private/tmp/t0-case-thread-p1-native-20260910/build-project/Assets/_Project/App/T0GameSession.cs:304)
Tide.App.T0CaseThreadSmoke:GenericGuidance (UnityEngine.UI.Text,string) (at /private/tmp/t0-case-thread-p1-native-20260910/build-project/Assets/_Project/App/T0GameSession.cs:359)
Tide.App.T0CaseThreadSmoke/<Inspect>d__23:MoveNext () (at /private/tmp/t0-case-thread-p1-native-20260910/build-project/Assets/_Project/App/T0GameSession.cs:368)
Tide.App.T0CaseThreadSmoke/<Start>d__11:MoveNext () (at /private/tmp/t0-case-thread-p1-native-20260910/build-project/Assets/_Project/App/T0GameSession.cs:295)
UnityEngine.SetupCoroutine:InvokeMoveNext (System.Collections.IEnumerator,intptr) (at /Users/bokken/build/output/unity/unity/Runtime/Export/Scripting/Coroutines.cs:17)

(Filename: /Users/bokken/build/output/unity/unity/Runtime/Export/Debug/Debug.bindings.cs Line: 123)

T0_CASE_THREAD_CHECK post-b1-0-of-2: no disclosure of 원판
UnityEngine.Debug:ExtractStackTraceNoAlloc (byte*,int,string)
UnityEngine.StackTraceUtility:ExtractStackTrace () (at /Users/bokken/build/output/unity/unity/Runtime/Export/Scripting/StackTrace.cs:35)
UnityEngine.DebugLogHandler:Internal_Log (UnityEngine.LogType,UnityEngine.LogOption,string,UnityEngine.Object)
UnityEngine.DebugLogHandler:LogFormat (UnityEngine.LogType,UnityEngine.Object,string,object[]) (at /Users/bokken/build/output/unity/unity/Runtime/Export/Logging/DebugLogHandler.cs:9)
UnityEngine.Logger:Log (UnityEngine.LogType,object) (at /Users/bokken/build/output/unity/unity/Runtime/Export/Logging/Logger.cs:60)
UnityEngine.Debug:Log (object) (at /Users/bokken/build/output/unity/unity/Runtime/Export/Debug/Debug.bindings.cs:123)
Tide.App.T0CaseThreadSmoke:Require (bool,string) (at /private/tmp/t0-case-thread-p1-native-20260910/build-project/Assets/_Project/App/T0GameSession.cs:304)
Tide.App.T0CaseThreadSmoke:GenericGuidance (UnityEngine.UI.Text,string) (at /private/tmp/t0-case-thread-p1-native-20260910/build-project/Assets/_Project/App/T0GameSession.cs:359)
Tide.App.T0CaseThreadSmoke/<Inspect>d__23:MoveNext () (at /private/tmp/t0-case-thread-p1-native-20260910/build-project/Assets/_Project/App/T0GameSession.cs:368)
Tide.App.T0CaseThreadSmoke/<Start>d__11:MoveNext () (at /private/tmp/t0-case-thread-p1-native-20260910/build-project/Assets/_Project/App/T0GameSession.cs:295)
UnityEngine.SetupCoroutine:InvokeMoveNext (System.Collections.IEnumerator,intptr) (at /Users/bokken/build/output/unity/unity/Runtime/Export/Scripting/Coroutines.cs:17)

(Filename: /Users/bokken/build/output/unity/unity/Runtime/Export/Debug/Debug.bindings.cs Line: 123)

T0_CASE_THREAD_CHECK post-b1-0-of-2: no disclosure of 장부
UnityEngine.Debug:ExtractStackTraceNoAlloc (byte*,int,string)
UnityEngine.StackTraceUtility:ExtractStackTrace () (at /Users/bokken/build/output/unity/unity/Runtime/Export/Scripting/StackTrace.cs:35)
UnityEngine.DebugLogHandler:Internal_Log (UnityEngine.LogType,UnityEngine.LogOption,string,UnityEngine.Object)
UnityEngine.DebugLogHandler:LogFormat (UnityEngine.LogType,UnityEngine.Object,string,object[]) (at /Users/bokken/build/output/unity/unity/Runtime/Export/Logging/DebugLogHandler.cs:9)
UnityEngine.Logger:Log (UnityEngine.LogType,object) (at /Users/bokken/build/output/unity/unity/Runtime/Export/Logging/Logger.cs:60)
UnityEngine.Debug:Log (object) (at /Users/bokken/build/output/unity/unity/Runtime/Export/Debug/Debug.bindings.cs:123)
Tide.App.T0CaseThreadSmoke:Require (bool,string) (at /private/tmp/t0-case-thread-p1-native-20260910/build-project/Assets/_Project/App/T0GameSession.cs:304)
Tide.App.T0CaseThreadSmoke:GenericGuidance (UnityEngine.UI.Text,string) (at /private/tmp/t0-case-thread-p1-native-20260910/build-project/Assets/_Project/App/T0GameSession.cs:359)
Tide.App.T0CaseThreadSmoke/<Inspect>d__23:MoveNext () (at /private/tmp/t0-case-thread-p1-native-20260910/build-project/Assets/_Project/App/T0GameSession.cs:368)
Tide.App.T0CaseThreadSmoke/<Start>d__11:MoveNext () (at /private/tmp/t0-case-thread-p1-native-20260910/build-project/Assets/_Project/App/T0GameSession.cs:295)
UnityEngine.SetupCoroutine:InvokeMoveNext (System.Collections.IEnumerator,intptr) (at /Users/bokken/build/output/unity/unity/Runtime/Export/Scripting/Coroutines.cs:17)

(Filename: /Users/bokken/build/output/unity/unity/Runtime/Export/Debug/Debug.bindings.cs Line: 123)

T0_CASE_THREAD_CHECK post-b1-0-of-2: no disclosure of 당직일지
UnityEngine.Debug:ExtractStackTraceNoAlloc (byte*,int,string)
UnityEngine.StackTraceUtility:ExtractStackTrace () (at /Users/bokken/build/output/unity/unity/Runtime/Export/Scripting/StackTrace.cs:35)
UnityEngine.DebugLogHandler:Internal_Log (UnityEngine.LogType,UnityEngine.LogOption,string,UnityEngine.Object)
UnityEngine.DebugLogHandler:LogFormat (UnityEngine.LogType,UnityEngine.Object,string,object[]) (at /Users/bokken/build/output/unity/unity/Runtime/Export/Logging/DebugLogHandler.cs:9)
UnityEngine.Logger:Log (UnityEngine.LogType,object) (at /Users/bokken/build/output/unity/unity/Runtime/Export/Logging/Logger.cs:60)
UnityEngine.Debug:Log (object) (at /Users/bokken/build/output/unity/unity/Runtime/Export/Debug/Debug.bindings.cs:123)
Tide.App.T0CaseThreadSmoke:Require (bool,string) (at /private/tmp/t0-case-thread-p1-native-20260910/build-project/Assets/_Project/App/T0GameSession.cs:304)
Tide.App.T0CaseThreadSmoke:GenericGuidance (UnityEngine.UI.Text,string) (at /private/tmp/t0-case-thread-p1-native-20260910/build-project/Assets/_Project/App/T0GameSession.cs:359)
Tide.App.T0CaseThreadSmoke/<Inspect>d__23:MoveNext () (at /private/tmp/t0-case-thread-p1-native-20260910/build-project/Assets/_Project/App/T0GameSession.cs:368)
Tide.App.T0CaseThreadSmoke/<Start>d__11:MoveNext () (at /private/tmp/t0-case-thread-p1-native-20260910/build-project/Assets/_Project/App/T0GameSession.cs:295)
UnityEngine.SetupCoroutine:InvokeMoveNext (System.Collections.IEnumerator,intptr) (at /Users/bokken/build/output/unity/unity/Runtime/Export/Scripting/Coroutines.cs:17)

(Filename: /Users/bokken/build/output/unity/unity/Runtime/Export/Debug/Debug.bindings.cs Line: 123)

T0_CASE_THREAD_CHECK post-b1-0-of-2: no disclosure of H-1
UnityEngine.Debug:ExtractStackTraceNoAlloc (byte*,int,string)
UnityEngine.StackTraceUtility:ExtractStackTrace () (at /Users/bokken/build/output/unity/unity/Runtime/Export/Scripting/StackTrace.cs:35)
UnityEngine.DebugLogHandler:Internal_Log (UnityEngine.LogType,UnityEngine.LogOption,string,UnityEngine.Object)
UnityEngine.DebugLogHandler:LogFormat (UnityEngine.LogType,UnityEngine.Object,string,object[]) (at /Users/bokken/build/output/unity/unity/Runtime/Export/Logging/DebugLogHandler.cs:9)
UnityEngine.Logger:Log (UnityEngine.LogType,object) (at /Users/bokken/build/output/unity/unity/Runtime/Export/Logging/Logger.cs:60)
UnityEngine.Debug:Log (object) (at /Users/bokken/build/output/unity/unity/Runtime/Export/Debug/Debug.bindings.cs:123)
Tide.App.T0CaseThreadSmoke:Require (bool,string) (at /private/tmp/t0-case-thread-p1-native-20260910/build-project/Assets/_Project/App/T0GameSession.cs:304)
Tide.App.T0CaseThreadSmoke:GenericGuidance (UnityEngine.UI.Text,string) (at /private/tmp/t0-case-thread-p1-native-20260910/build-project/Assets/_Project/App/T0GameSession.cs:359)
Tide.App.T0CaseThreadSmoke/<Inspect>d__23:MoveNext () (at /private/tmp/t0-case-thread-p1-native-20260910/build-project/Assets/_Project/App/T0GameSession.cs:368)
Tide.App.T0CaseThreadSmoke/<Start>d__11:MoveNext () (at /private/tmp/t0-case-thread-p1-native-20260910/build-project/Assets/_Project/App/T0GameSession.cs:295)
UnityEngine.SetupCoroutine:InvokeMoveNext (System.Collections.IEnumerator,intptr) (at /Users/bokken/build/output/unity/unity/Runtime/Export/Scripting/Coroutines.cs:17)

(Filename: /Users/bokken/build/output/unity/unity/Runtime/Export/Debug/Debug.bindings.cs Line: 123)

T0_CASE_THREAD_CHECK post-b1-0-of-2: no disclosure of H+3
UnityEngine.Debug:ExtractStackTraceNoAlloc (byte*,int,string)
UnityEngine.StackTraceUtility:ExtractStackTrace () (at /Users/bokken/build/output/unity/unity/Runtime/Export/Scripting/StackTrace.cs:35)
UnityEngine.DebugLogHandler:Internal_Log (UnityEngine.LogType,UnityEngine.LogOption,string,UnityEngine.Object)
UnityEngine.DebugLogHandler:LogFormat (UnityEngine.LogType,UnityEngine.Object,string,object[]) (at /Users/bokken/build/output/unity/unity/Runtime/Export/Logging/DebugLogHandler.cs:9)
UnityEngine.Logger:Log (UnityEngine.LogType,object) (at /Users/bokken/build/output/unity/unity/Runtime/Export/Logging/Logger.cs:60)
UnityEngine.Debug:Log (object) (at /Users/bokken/build/output/unity/unity/Runtime/Export/Debug/Debug.bindings.cs:123)
Tide.App.T0CaseThreadSmoke:Require (bool,string) (at /private/tmp/t0-case-thread-p1-native-20260910/build-project/Assets/_Project/App/T0GameSession.cs:304)
Tide.App.T0CaseThreadSmoke:GenericGuidance (UnityEngine.UI.Text,string) (at /private/tmp/t0-case-thread-p1-native-20260910/build-project/Assets/_Project/App/T0GameSession.cs:359)
Tide.App.T0CaseThreadSmoke/<Inspect>d__23:MoveNext () (at /private/tmp/t0-case-thread-p1-native-20260910/build-project/Assets/_Project/App/T0GameSession.cs:368)
Tide.App.T0CaseThreadSmoke/<Start>d__11:MoveNext () (at /private/tmp/t0-case-thread-p1-native-20260910/build-project/Assets/_Project/App/T0GameSession.cs:295)
UnityEngine.SetupCoroutine:InvokeMoveNext (System.Collections.IEnumerator,intptr) (at /Users/bokken/build/output/unity/unity/Runtime/Export/Scripting/Coroutines.cs:17)

(Filename: /Users/bokken/build/output/unity/unity/Runtime/Export/Debug/Debug.bindings.cs Line: 123)

T0_CASE_THREAD_CHECK post-b1-0-of-2: no disclosure of 단일 사고
UnityEngine.Debug:ExtractStackTraceNoAlloc (byte*,int,string)
UnityEngine.StackTraceUtility:ExtractStackTrace () (at /Users/bokken/build/output/unity/unity/Runtime/Export/Scripting/StackTrace.cs:35)
UnityEngine.DebugLogHandler:Internal_Log (UnityEngine.LogType,UnityEngine.LogOption,string,UnityEngine.Object)
UnityEngine.DebugLogHandler:LogFormat (UnityEngine.LogType,UnityEngine.Object,string,object[]) (at /Users/bokken/build/output/unity/unity/Runtime/Export/Logging/DebugLogHandler.cs:9)
UnityEngine.Logger:Log (UnityEngine.LogType,object) (at /Users/bokken/build/output/unity/unity/Runtime/Export/Logging/Logger.cs:60)
UnityEngine.Debug:Log (object) (at /Users/bokken/build/output/unity/unity/Runtime/Export/Debug/Debug.bindings.cs:123)
Tide.App.T0CaseThreadSmoke:Require (bool,string) (at /private/tmp/t0-case-thread-p1-native-20260910/build-project/Assets/_Project/App/T0GameSession.cs:304)
Tide.App.T0CaseThreadSmoke:GenericGuidance (UnityEngine.UI.Text,string) (at /private/tmp/t0-case-thread-p1-native-20260910/build-project/Assets/_Project/App/T0GameSession.cs:359)
Tide.App.T0CaseThreadSmoke/<Inspect>d__23:MoveNext () (at /private/tmp/t0-case-thread-p1-native-20260910/build-project/Assets/_Project/App/T0GameSession.cs:368)
Tide.App.T0CaseThreadSmoke/<Start>d__11:MoveNext () (at /private/tmp/t0-case-thread-p1-native-20260910/build-project/Assets/_Project/App/T0GameSession.cs:295)
UnityEngine.SetupCoroutine:InvokeMoveNext (System.Collections.IEnumerator,intptr) (at /Users/bokken/build/output/unity/unity/Runtime/Export/Scripting/Coroutines.cs:17)

(Filename: /Users/bokken/build/output/unity/unity/Runtime/Export/Debug/Debug.bindings.cs Line: 123)

T0_CASE_THREAD_CHECK post-b1-0-of-2: no disclosure of 유지 실패
UnityEngine.Debug:ExtractStackTraceNoAlloc (byte*,int,string)
UnityEngine.StackTraceUtility:ExtractStackTrace () (at /Users/bokken/build/output/unity/unity/Runtime/Export/Scripting/StackTrace.cs:35)
UnityEngine.DebugLogHandler:Internal_Log (UnityEngine.LogType,UnityEngine.LogOption,string,UnityEngine.Object)
UnityEngine.DebugLogHandler:LogFormat (UnityEngine.LogType,UnityEngine.Object,string,object[]) (at /Users/bokken/build/output/unity/unity/Runtime/Export/Logging/DebugLogHandler.cs:9)
UnityEngine.Logger:Log (UnityEngine.LogType,object) (at /Users/bokken/build/output/unity/unity/Runtime/Export/Logging/Logger.cs:60)
UnityEngine.Debug:Log (object) (at /Users/bokken/build/output/unity/unity/Runtime/Export/Debug/Debug.bindings.cs:123)
Tide.App.T0CaseThreadSmoke:Require (bool,string) (at /private/tmp/t0-case-thread-p1-native-20260910/build-project/Assets/_Project/App/T0GameSession.cs:304)
Tide.App.T0CaseThreadSmoke:GenericGuidance (UnityEngine.UI.Text,string) (at /private/tmp/t0-case-thread-p1-native-20260910/build-project/Assets/_Project/App/T0GameSession.cs:359)
Tide.App.T0CaseThreadSmoke/<Inspect>d__23:MoveNext () (at /private/tmp/t0-case-thread-p1-native-20260910/build-project/Assets/_Project/App/T0GameSession.cs:368)
Tide.App.T0CaseThreadSmoke/<Start>d__11:MoveNext () (at /private/tmp/t0-case-thread-p1-native-20260910/build-project/Assets/_Project/App/T0GameSession.cs:295)
UnityEngine.SetupCoroutine:InvokeMoveNext (System.Collections.IEnumerator,intptr) (at /Users/bokken/build/output/unity/unity/Runtime/Export/Scripting/Coroutines.cs:17)

(Filename: /Users/bokken/build/output/unity/unity/Runtime/Export/Debug/Debug.bindings.cs Line: 123)

T0_CASE_THREAD_CHECK post-b1-0-of-2: no disclosure of 서명 순서
UnityEngine.Debug:ExtractStackTraceNoAlloc (byte*,int,string)
UnityEngine.StackTraceUtility:ExtractStackTrace () (at /Users/bokken/build/output/unity/unity/Runtime/Export/Scripting/StackTrace.cs:35)
UnityEngine.DebugLogHandler:Internal_Log (UnityEngine.LogType,UnityEngine.LogOption,string,UnityEngine.Object)
UnityEngine.DebugLogHandler:LogFormat (UnityEngine.LogType,UnityEngine.Object,string,object[]) (at /Users/bokken/build/output/unity/unity/Runtime/Export/Logging/DebugLogHandler.cs:9)
UnityEngine.Logger:Log (UnityEngine.LogType,object) (at /Users/bokken/build/output/unity/unity/Runtime/Export/Logging/Logger.cs:60)
UnityEngine.Debug:Log (object) (at /Users/bokken/build/output/unity/unity/Runtime/Export/Debug/Debug.bindings.cs:123)
Tide.App.T0CaseThreadSmoke:Require (bool,string) (at /private/tmp/t0-case-thread-p1-native-20260910/build-project/Assets/_Project/App/T0GameSession.cs:304)
Tide.App.T0CaseThreadSmoke:GenericGuidance (UnityEngine.UI.Text,string) (at /private/tmp/t0-case-thread-p1-native-20260910/build-project/Assets/_Project/App/T0GameSession.cs:359)
Tide.App.T0CaseThreadSmoke/<Inspect>d__23:MoveNext () (at /private/tmp/t0-case-thread-p1-native-20260910/build-project/Assets/_Project/App/T0GameSession.cs:368)
Tide.App.T0CaseThreadSmoke/<Start>d__11:MoveNext () (at /private/tmp/t0-case-thread-p1-native-20260910/build-project/Assets/_Project/App/T0GameSession.cs:295)
UnityEngine.SetupCoroutine:InvokeMoveNext (System.Collections.IEnumerator,intptr) (at /Users/bokken/build/output/unity/unity/Runtime/Export/Scripting/Coroutines.cs:17)

(Filename: /Users/bokken/build/output/unity/unity/Runtime/Export/Debug/Debug.bindings.cs Line: 123)

T0_CASE_THREAD_CHECK post-b1-0-of-2: no disclosure of 책임 사슬
UnityEngine.Debug:ExtractStackTraceNoAlloc (byte*,int,string)
UnityEngine.StackTraceUtility:ExtractStackTrace () (at /Users/bokken/build/output/unity/unity/Runtime/Export/Scripting/StackTrace.cs:35)
UnityEngine.DebugLogHandler:Internal_Log (UnityEngine.LogType,UnityEngine.LogOption,string,UnityEngine.Object)
UnityEngine.DebugLogHandler:LogFormat (UnityEngine.LogType,UnityEngine.Object,string,object[]) (at /Users/bokken/build/output/unity/unity/Runtime/Export/Logging/DebugLogHandler.cs:9)
UnityEngine.Logger:Log (UnityEngine.LogType,object) (at /Users/bokken/build/output/unity/unity/Runtime/Export/Logging/Logger.cs:60)
UnityEngine.Debug:Log (object) (at /Users/bokken/build/output/unity/unity/Runtime/Export/Debug/Debug.bindings.cs:123)
Tide.App.T0CaseThreadSmoke:Require (bool,string) (at /private/tmp/t0-case-thread-p1-native-20260910/build-project/Assets/_Project/App/T0GameSession.cs:304)
Tide.App.T0CaseThreadSmoke:GenericGuidance (UnityEngine.UI.Text,string) (at /private/tmp/t0-case-thread-p1-native-20260910/build-project/Assets/_Project/App/T0GameSession.cs:359)
Tide.App.T0CaseThreadSmoke/<Inspect>d__23:MoveNext () (at /private/tmp/t0-case-thread-p1-native-20260910/build-project/Assets/_Project/App/T0GameSession.cs:368)
Tide.App.T0CaseThreadSmoke/<Start>d__11:MoveNext () (at /private/tmp/t0-case-thread-p1-native-20260910/build-project/Assets/_Project/App/T0GameSession.cs:295)
UnityEngine.SetupCoroutine:InvokeMoveNext (System.Collections.IEnumerator,intptr) (at /Users/bokken/build/output/unity/unity/Runtime/Export/Scripting/Coroutines.cs:17)

(Filename: /Users/bokken/build/output/unity/unity/Runtime/Export/Debug/Debug.bindings.cs Line: 123)

T0_CASE_THREAD_CHECK post-b1-0-of-2: no disclosure of offset-left
UnityEngine.Debug:ExtractStackTraceNoAlloc (byte*,int,string)
UnityEngine.StackTraceUtility:ExtractStackTrace () (at /Users/bokken/build/output/unity/unity/Runtime/Export/Scripting/StackTrace.cs:35)
UnityEngine.DebugLogHandler:Internal_Log (UnityEngine.LogType,UnityEngine.LogOption,string,UnityEngine.Object)
UnityEngine.DebugLogHandler:LogFormat (UnityEngine.LogType,UnityEngine.Object,string,object[]) (at /Users/bokken/build/output/unity/unity/Runtime/Export/Logging/DebugLogHandler.cs:9)
UnityEngine.Logger:Log (UnityEngine.LogType,object) (at /Users/bokken/build/output/unity/unity/Runtime/Export/Logging/Logger.cs:60)
UnityEngine.Debug:Log (object) (at /Users/bokken/build/output/unity/unity/Runtime/Export/Debug/Debug.bindings.cs:123)
Tide.App.T0CaseThreadSmoke:Require (bool,string) (at /private/tmp/t0-case-thread-p1-native-20260910/build-project/Assets/_Project/App/T0GameSession.cs:304)
Tide.App.T0CaseThreadSmoke:GenericGuidance (UnityEngine.UI.Text,string) (at /private/tmp/t0-case-thread-p1-native-20260910/build-project/Assets/_Project/App/T0GameSession.cs:359)
Tide.App.T0CaseThreadSmoke/<Inspect>d__23:MoveNext () (at /private/tmp/t0-case-thread-p1-native-20260910/build-project/Assets/_Project/App/T0GameSession.cs:368)
Tide.App.T0CaseThreadSmoke/<Start>d__11:MoveNext () (at /private/tmp/t0-case-thread-p1-native-20260910/build-project/Assets/_Project/App/T0GameSession.cs:295)
UnityEngine.SetupCoroutine:InvokeMoveNext (System.Collections.IEnumerator,intptr) (at /Users/bokken/build/output/unity/unity/Runtime/Export/Scripting/Coroutines.cs:17)

(Filename: /Users/bokken/build/output/unity/unity/Runtime/Export/Debug/Debug.bindings.cs Line: 123)

T0_CASE_THREAD_CHECK post-b1-0-of-2: no disclosure of offset-up
UnityEngine.Debug:ExtractStackTraceNoAlloc (byte*,int,string)
UnityEngine.StackTraceUtility:ExtractStackTrace () (at /Users/bokken/build/output/unity/unity/Runtime/Export/Scripting/StackTrace.cs:35)
UnityEngine.DebugLogHandler:Internal_Log (UnityEngine.LogType,UnityEngine.LogOption,string,UnityEngine.Object)
UnityEngine.DebugLogHandler:LogFormat (UnityEngine.LogType,UnityEngine.Object,string,object[]) (at /Users/bokken/build/output/unity/unity/Runtime/Export/Logging/DebugLogHandler.cs:9)
UnityEngine.Logger:Log (UnityEngine.LogType,object) (at /Users/bokken/build/output/unity/unity/Runtime/Export/Logging/Logger.cs:60)
UnityEngine.Debug:Log (object) (at /Users/bokken/build/output/unity/unity/Runtime/Export/Debug/Debug.bindings.cs:123)
Tide.App.T0CaseThreadSmoke:Require (bool,string) (at /private/tmp/t0-case-thread-p1-native-20260910/build-project/Assets/_Project/App/T0GameSession.cs:304)
Tide.App.T0CaseThreadSmoke:GenericGuidance (UnityEngine.UI.Text,string) (at /private/tmp/t0-case-thread-p1-native-20260910/build-project/Assets/_Project/App/T0GameSession.cs:359)
Tide.App.T0CaseThreadSmoke/<Inspect>d__23:MoveNext () (at /private/tmp/t0-case-thread-p1-native-20260910/build-project/Assets/_Project/App/T0GameSession.cs:368)
Tide.App.T0CaseThreadSmoke/<Start>d__11:MoveNext () (at /private/tmp/t0-case-thread-p1-native-20260910/build-project/Assets/_Project/App/T0GameSession.cs:295)
UnityEngine.SetupCoroutine:InvokeMoveNext (System.Collections.IEnumerator,intptr) (at /Users/bokken/build/output/unity/unity/Runtime/Export/Scripting/Coroutines.cs:17)

(Filename: /Users/bokken/build/output/unity/unity/Runtime/Export/Debug/Debug.bindings.cs Line: 123)

T0_CASE_THREAD_CHECK post-b1-0-of-2: no authored time window
UnityEngine.Debug:ExtractStackTraceNoAlloc (byte*,int,string)
UnityEngine.StackTraceUtility:ExtractStackTrace () (at /Users/bokken/build/output/unity/unity/Runtime/Export/Scripting/StackTrace.cs:35)
UnityEngine.DebugLogHandler:Internal_Log (UnityEngine.LogType,UnityEngine.LogOption,string,UnityEngine.Object)
UnityEngine.DebugLogHandler:LogFormat (UnityEngine.LogType,UnityEngine.Object,string,object[]) (at /Users/bokken/build/output/unity/unity/Runtime/Export/Logging/DebugLogHandler.cs:9)
UnityEngine.Logger:Log (UnityEngine.LogType,object) (at /Users/bokken/build/output/unity/unity/Runtime/Export/Logging/Logger.cs:60)
UnityEngine.Debug:Log (object) (at /Users/bokken/build/output/unity/unity/Runtime/Export/Debug/Debug.bindings.cs:123)
Tide.App.T0CaseThreadSmoke:Require (bool,string) (at /private/tmp/t0-case-thread-p1-native-20260910/build-project/Assets/_Project/App/T0GameSession.cs:304)
Tide.App.T0CaseThreadSmoke:GenericGuidance (UnityEngine.UI.Text,string) (at /private/tmp/t0-case-thread-p1-native-20260910/build-project/Assets/_Project/App/T0GameSession.cs:360)
Tide.App.T0CaseThreadSmoke/<Inspect>d__23:MoveNext () (at /private/tmp/t0-case-thread-p1-native-20260910/build-project/Assets/_Project/App/T0GameSession.cs:368)
Tide.App.T0CaseThreadSmoke/<Start>d__11:MoveNext () (at /private/tmp/t0-case-thread-p1-native-20260910/build-project/Assets/_Project/App/T0GameSession.cs:295)
UnityEngine.SetupCoroutine:InvokeMoveNext (System.Collections.IEnumerator,intptr) (at /Users/bokken/build/output/unity/unity/Runtime/Export/Scripting/Coroutines.cs:17)

(Filename: /Users/bokken/build/output/unity/unity/Runtime/Export/Debug/Debug.bindings.cs Line: 123)

T0_CASE_THREAD_CHECK post-b1-0-of-2: card text fits allocated height
UnityEngine.Debug:ExtractStackTraceNoAlloc (byte*,int,string)
UnityEngine.StackTraceUtility:ExtractStackTrace () (at /Users/bokken/build/output/unity/unity/Runtime/Export/Scripting/StackTrace.cs:35)
UnityEngine.DebugLogHandler:Internal_Log (UnityEngine.LogType,UnityEngine.LogOption,string,UnityEngine.Object)
UnityEngine.DebugLogHandler:LogFormat (UnityEngine.LogType,UnityEngine.Object,string,object[]) (at /Users/bokken/build/output/unity/unity/Runtime/Export/Logging/DebugLogHandler.cs:9)
UnityEngine.Logger:Log (UnityEngine.LogType,object) (at /Users/bokken/build/output/unity/unity/Runtime/Export/Logging/Logger.cs:60)
UnityEngine.Debug:Log (object) (at /Users/bokken/build/output/unity/unity/Runtime/Export/Debug/Debug.bindings.cs:123)
Tide.App.T0CaseThreadSmoke:Require (bool,string) (at /private/tmp/t0-case-thread-p1-native-20260910/build-project/Assets/_Project/App/T0GameSession.cs:304)
Tide.App.T0CaseThreadSmoke:GenericGuidance (UnityEngine.UI.Text,string) (at /private/tmp/t0-case-thread-p1-native-20260910/build-project/Assets/_Project/App/T0GameSession.cs:361)
Tide.App.T0CaseThreadSmoke/<Inspect>d__23:MoveNext () (at /private/tmp/t0-case-thread-p1-native-20260910/build-project/Assets/_Project/App/T0GameSession.cs:368)
Tide.App.T0CaseThreadSmoke/<Start>d__11:MoveNext () (at /private/tmp/t0-case-thread-p1-native-20260910/build-project/Assets/_Project/App/T0GameSession.cs:295)
UnityEngine.SetupCoroutine:InvokeMoveNext (System.Collections.IEnumerator,intptr) (at /Users/bokken/build/output/unity/unity/Runtime/Export/Scripting/Coroutines.cs:17)

(Filename: /Users/bokken/build/output/unity/unity/Runtime/Export/Debug/Debug.bindings.cs Line: 123)

T0_CASE_THREAD_CHECK post-b1-0-of-2: completion wording matches live state
UnityEngine.Debug:ExtractStackTraceNoAlloc (byte*,int,string)
UnityEngine.StackTraceUtility:ExtractStackTrace () (at /Users/bokken/build/output/unity/unity/Runtime/Export/Scripting/StackTrace.cs:35)
UnityEngine.DebugLogHandler:Internal_Log (UnityEngine.LogType,UnityEngine.LogOption,string,UnityEngine.Object)
UnityEngine.DebugLogHandler:LogFormat (UnityEngine.LogType,UnityEngine.Object,string,object[]) (at /Users/bokken/build/output/unity/unity/Runtime/Export/Logging/DebugLogHandler.cs:9)
UnityEngine.Logger:Log (UnityEngine.LogType,object) (at /Users/bokken/build/output/unity/unity/Runtime/Export/Logging/Logger.cs:60)
UnityEngine.Debug:Log (object) (at /Users/bokken/build/output/unity/unity/Runtime/Export/Debug/Debug.bindings.cs:123)
Tide.App.T0CaseThreadSmoke:Require (bool,string) (at /private/tmp/t0-case-thread-p1-native-20260910/build-project/Assets/_Project/App/T0GameSession.cs:304)
Tide.App.T0CaseThreadSmoke/<Inspect>d__23:MoveNext () (at /private/tmp/t0-case-thread-p1-native-20260910/build-project/Assets/_Project/App/T0GameSession.cs:369)
Tide.App.T0CaseThreadSmoke/<Start>d__11:MoveNext () (at /private/tmp/t0-case-thread-p1-native-20260910/build-project/Assets/_Project/App/T0GameSession.cs:295)
UnityEngine.SetupCoroutine:InvokeMoveNext (System.Collections.IEnumerator,intptr) (at /Users/bokken/build/output/unity/unity/Runtime/Export/Scripting/Coroutines.cs:17)

(Filename: /Users/bokken/build/output/unity/unity/Runtime/Export/Debug/Debug.bindings.cs Line: 123)

T0_CASE_THREAD_CHECK post-b1-0-of-2: live t0-b3 completion agrees
UnityEngine.Debug:ExtractStackTraceNoAlloc (byte*,int,string)
UnityEngine.StackTraceUtility:ExtractStackTrace () (at /Users/bokken/build/output/unity/unity/Runtime/Export/Scripting/StackTrace.cs:35)
UnityEngine.DebugLogHandler:Internal_Log (UnityEngine.LogType,UnityEngine.LogOption,string,UnityEngine.Object)
UnityEngine.DebugLogHandler:LogFormat (UnityEngine.LogType,UnityEngine.Object,string,object[]) (at /Users/bokken/build/output/unity/unity/Runtime/Export/Logging/DebugLogHandler.cs:9)
UnityEngine.Logger:Log (UnityEngine.LogType,object) (at /Users/bokken/build/output/unity/unity/Runtime/Export/Logging/Logger.cs:60)
UnityEngine.Debug:Log (object) (at /Users/bokken/build/output/unity/unity/Runtime/Export/Debug/Debug.bindings.cs:123)
Tide.App.T0CaseThreadSmoke:Require (bool,string) (at /private/tmp/t0-case-thread-p1-native-20260910/build-project/Assets/_Project/App/T0GameSession.cs:304)
Tide.App.T0CaseThreadSmoke/<Inspect>d__23:MoveNext () (at /private/tmp/t0-case-thread-p1-native-20260910/build-project/Assets/_Project/App/T0GameSession.cs:370)
Tide.App.T0CaseThreadSmoke/<Start>d__11:MoveNext () (at /private/tmp/t0-case-thread-p1-native-20260910/build-project/Assets/_Project/App/T0GameSession.cs:295)
UnityEngine.SetupCoroutine:InvokeMoveNext (System.Collections.IEnumerator,intptr) (at /Users/bokken/build/output/unity/unity/Runtime/Export/Scripting/Coroutines.cs:17)

(Filename: /Users/bokken/build/output/unity/unity/Runtime/Export/Debug/Debug.bindings.cs Line: 123)

T0_CASE_THREAD_CHECK post-b1-0-of-2: case thread is read-only and not a pointer target
UnityEngine.Debug:ExtractStackTraceNoAlloc (byte*,int,string)
UnityEngine.StackTraceUtility:ExtractStackTrace () (at /Users/bokken/build/output/unity/unity/Runtime/Export/Scripting/StackTrace.cs:35)
UnityEngine.DebugLogHandler:Internal_Log (UnityEngine.LogType,UnityEngine.LogOption,string,UnityEngine.Object)
UnityEngine.DebugLogHandler:LogFormat (UnityEngine.LogType,UnityEngine.Object,string,object[]) (at /Users/bokken/build/output/unity/unity/Runtime/Export/Logging/DebugLogHandler.cs:9)
UnityEngine.Logger:Log (UnityEngine.LogType,object) (at /Users/bokken/build/output/unity/unity/Runtime/Export/Logging/Logger.cs:60)
UnityEngine.Debug:Log (object) (at /Users/bokken/build/output/unity/unity/Runtime/Export/Debug/Debug.bindings.cs:123)
Tide.App.T0CaseThreadSmoke:Require (bool,string) (at /private/tmp/t0-case-thread-p1-native-20260910/build-project/Assets/_Project/App/T0GameSession.cs:304)
Tide.App.T0CaseThreadSmoke/<Inspect>d__23:MoveNext () (at /private/tmp/t0-case-thread-p1-native-20260910/build-project/Assets/_Project/App/T0GameSession.cs:371)
Tide.App.T0CaseThreadSmoke/<Start>d__11:MoveNext () (at /private/tmp/t0-case-thread-p1-native-20260910/build-project/Assets/_Project/App/T0GameSession.cs:295)
UnityEngine.SetupCoroutine:InvokeMoveNext (System.Collections.IEnumerator,intptr) (at /Users/bokken/build/output/unity/unity/Runtime/Export/Scripting/Coroutines.cs:17)

(Filename: /Users/bokken/build/output/unity/unity/Runtime/Export/Debug/Debug.bindings.cs Line: 123)

T0_CASE_THREAD_CHECK post-b1-0-of-2: card creates no puzzle action
UnityEngine.Debug:ExtractStackTraceNoAlloc (byte*,int,string)
UnityEngine.StackTraceUtility:ExtractStackTrace () (at /Users/bokken/build/output/unity/unity/Runtime/Export/Scripting/StackTrace.cs:35)
UnityEngine.DebugLogHandler:Internal_Log (UnityEngine.LogType,UnityEngine.LogOption,string,UnityEngine.Object)
UnityEngine.DebugLogHandler:LogFormat (UnityEngine.LogType,UnityEngine.Object,string,object[]) (at /Users/bokken/build/output/unity/unity/Runtime/Export/Logging/DebugLogHandler.cs:9)
UnityEngine.Logger:Log (UnityEngine.LogType,object) (at /Users/bokken/build/output/unity/unity/Runtime/Export/Logging/Logger.cs:60)
UnityEngine.Debug:Log (object) (at /Users/bokken/build/output/unity/unity/Runtime/Export/Debug/Debug.bindings.cs:123)
Tide.App.T0CaseThreadSmoke:Require (bool,string) (at /private/tmp/t0-case-thread-p1-native-20260910/build-project/Assets/_Project/App/T0GameSession.cs:304)
Tide.App.T0CaseThreadSmoke/<Inspect>d__23:MoveNext () (at /private/tmp/t0-case-thread-p1-native-20260910/build-project/Assets/_Project/App/T0GameSession.cs:372)
Tide.App.T0CaseThreadSmoke/<Start>d__11:MoveNext () (at /private/tmp/t0-case-thread-p1-native-20260910/build-project/Assets/_Project/App/T0GameSession.cs:295)
UnityEngine.SetupCoroutine:InvokeMoveNext (System.Collections.IEnumerator,intptr) (at /Users/bokken/build/output/unity/unity/Runtime/Export/Scripting/Coroutines.cs:17)

(Filename: /Users/bokken/build/output/unity/unity/Runtime/Export/Debug/Debug.bindings.cs Line: 123)

T0_CASE_THREAD_CHECK post-b1-0-of-2: repeated Render preserves journal, state, receipt count, pending flag and all save file bytes/timestamps
UnityEngine.Debug:ExtractStackTraceNoAlloc (byte*,int,string)
UnityEngine.StackTraceUtility:ExtractStackTrace () (at /Users/bokken/build/output/unity/unity/Runtime/Export/Scripting/StackTrace.cs:35)
UnityEngine.DebugLogHandler:Internal_Log (UnityEngine.LogType,UnityEngine.LogOption,string,UnityEngine.Object)
UnityEngine.DebugLogHandler:LogFormat (UnityEngine.LogType,UnityEngine.Object,string,object[]) (at /Users/bokken/build/output/unity/unity/Runtime/Export/Logging/DebugLogHandler.cs:9)
UnityEngine.Logger:Log (UnityEngine.LogType,object) (at /Users/bokken/build/output/unity/unity/Runtime/Export/Logging/Logger.cs:60)
UnityEngine.Debug:Log (object) (at /Users/bokken/build/output/unity/unity/Runtime/Export/Debug/Debug.bindings.cs:123)
Tide.App.T0CaseThreadSmoke:Require (bool,string) (at /private/tmp/t0-case-thread-p1-native-20260910/build-project/Assets/_Project/App/T0GameSession.cs:304)
Tide.App.T0CaseThreadSmoke/<Inspect>d__23:MoveNext () (at /private/tmp/t0-case-thread-p1-native-20260910/build-project/Assets/_Project/App/T0GameSession.cs:373)
Tide.App.T0CaseThreadSmoke/<Start>d__11:MoveNext () (at /private/tmp/t0-case-thread-p1-native-20260910/build-project/Assets/_Project/App/T0GameSession.cs:295)
UnityEngine.SetupCoroutine:InvokeMoveNext (System.Collections.IEnumerator,intptr) (at /Users/bokken/build/output/unity/unity/Runtime/Export/Scripting/Coroutines.cs:17)

(Filename: /Users/bokken/build/output/unity/unity/Runtime/Export/Debug/Debug.bindings.cs Line: 123)

T0_CASE_THREAD_CHECK post-b1-0-of-2: repeated Render preserves actions and keyboard focus
UnityEngine.Debug:ExtractStackTraceNoAlloc (byte*,int,string)
UnityEngine.StackTraceUtility:ExtractStackTrace () (at /Users/bokken/build/output/unity/unity/Runtime/Export/Scripting/StackTrace.cs:35)
UnityEngine.DebugLogHandler:Internal_Log (UnityEngine.LogType,UnityEngine.LogOption,string,UnityEngine.Object)
UnityEngine.DebugLogHandler:LogFormat (UnityEngine.LogType,UnityEngine.Object,string,object[]) (at /Users/bokken/build/output/unity/unity/Runtime/Export/Logging/DebugLogHandler.cs:9)
UnityEngine.Logger:Log (UnityEngine.LogType,object) (at /Users/bokken/build/output/unity/unity/Runtime/Export/Logging/Logger.cs:60)
UnityEngine.Debug:Log (object) (at /Users/bokken/build/output/unity/unity/Runtime/Export/Debug/Debug.bindings.cs:123)
Tide.App.T0CaseThreadSmoke:Require (bool,string) (at /private/tmp/t0-case-thread-p1-native-20260910/build-project/Assets/_Project/App/T0GameSession.cs:304)
Tide.App.T0CaseThreadSmoke/<Inspect>d__23:MoveNext () (at /private/tmp/t0-case-thread-p1-native-20260910/build-project/Assets/_Project/App/T0GameSession.cs:374)
Tide.App.T0CaseThreadSmoke/<Start>d__11:MoveNext () (at /private/tmp/t0-case-thread-p1-native-20260910/build-project/Assets/_Project/App/T0GameSession.cs:295)
UnityEngine.SetupCoroutine:InvokeMoveNext (System.Collections.IEnumerator,intptr) (at /Users/bokken/build/output/unity/unity/Runtime/Export/Scripting/Coroutines.cs:17)

(Filename: /Users/bokken/build/output/unity/unity/Runtime/Export/Debug/Debug.bindings.cs Line: 123)

T0_CASE_THREAD_CHECK existing UI action available: hub-view-circuitmap
UnityEngine.Debug:ExtractStackTraceNoAlloc (byte*,int,string)
UnityEngine.StackTraceUtility:ExtractStackTrace () (at /Users/bokken/build/output/unity/unity/Runtime/Export/Scripting/StackTrace.cs:35)
UnityEngine.DebugLogHandler:Internal_Log (UnityEngine.LogType,UnityEngine.LogOption,string,UnityEngine.Object)
UnityEngine.DebugLogHandler:LogFormat (UnityEngine.LogType,UnityEngine.Object,string,object[]) (at /Users/bokken/build/output/unity/unity/Runtime/Export/Logging/DebugLogHandler.cs:9)
UnityEngine.Logger:Log (UnityEngine.LogType,object) (at /Users/bokken/build/output/unity/unity/Runtime/Export/Logging/Logger.cs:60)
UnityEngine.Debug:Log (object) (at /Users/bokken/build/output/unity/unity/Runtime/Export/Debug/Debug.bindings.cs:123)
Tide.App.T0CaseThreadSmoke:Require (bool,string) (at /private/tmp/t0-case-thread-p1-native-20260910/build-project/Assets/_Project/App/T0GameSession.cs:304)
Tide.App.T0CaseThreadSmoke:Act (string) (at /private/tmp/t0-case-thread-p1-native-20260910/build-project/Assets/_Project/App/T0GameSession.cs:312)
Tide.App.T0CaseThreadSmoke/<Run>d__28:MoveNext () (at /private/tmp/t0-case-thread-p1-native-20260910/build-project/Assets/_Project/App/T0GameSession.cs:437)
Tide.App.T0CaseThreadSmoke/<Start>d__11:MoveNext () (at /private/tmp/t0-case-thread-p1-native-20260910/build-project/Assets/_Project/App/T0GameSession.cs:295)
UnityEngine.SetupCoroutine:InvokeMoveNext (System.Collections.IEnumerator,intptr) (at /Users/bokken/build/output/unity/unity/Runtime/Export/Scripting/Coroutines.cs:17)

(Filename: /Users/bokken/build/output/unity/unity/Runtime/Export/Debug/Debug.bindings.cs Line: 123)

T0_CASE_THREAD_CHECK existing UI action available: open-circuit
UnityEngine.Debug:ExtractStackTraceNoAlloc (byte*,int,string)
UnityEngine.StackTraceUtility:ExtractStackTrace () (at /Users/bokken/build/output/unity/unity/Runtime/Export/Scripting/StackTrace.cs:35)
UnityEngine.DebugLogHandler:Internal_Log (UnityEngine.LogType,UnityEngine.LogOption,string,UnityEngine.Object)
UnityEngine.DebugLogHandler:LogFormat (UnityEngine.LogType,UnityEngine.Object,string,object[]) (at /Users/bokken/build/output/unity/unity/Runtime/Export/Logging/DebugLogHandler.cs:9)
UnityEngine.Logger:Log (UnityEngine.LogType,object) (at /Users/bokken/build/output/unity/unity/Runtime/Export/Logging/Logger.cs:60)
UnityEngine.Debug:Log (object) (at /Users/bokken/build/output/unity/unity/Runtime/Export/Debug/Debug.bindings.cs:123)
Tide.App.T0CaseThreadSmoke:Require (bool,string) (at /private/tmp/t0-case-thread-p1-native-20260910/build-project/Assets/_Project/App/T0GameSession.cs:304)
Tide.App.T0CaseThreadSmoke:Act (string) (at /private/tmp/t0-case-thread-p1-native-20260910/build-project/Assets/_Project/App/T0GameSession.cs:312)
Tide.App.T0CaseThreadSmoke/<Run>d__28:MoveNext () (at /private/tmp/t0-case-thread-p1-native-20260910/build-project/Assets/_Project/App/T0GameSession.cs:437)
Tide.App.T0CaseThreadSmoke/<Start>d__11:MoveNext () (at /private/tmp/t0-case-thread-p1-native-20260910/build-project/Assets/_Project/App/T0GameSession.cs:295)
UnityEngine.SetupCoroutine:InvokeMoveNext (System.Collections.IEnumerator,intptr) (at /Users/bokken/build/output/unity/unity/Runtime/Export/Scripting/Coroutines.cs:17)

(Filename: /Users/bokken/build/output/unity/unity/Runtime/Export/Debug/Debug.bindings.cs Line: 123)

T0_CASE_THREAD_CHECK existing UI action available: trace-hub
UnityEngine.Debug:ExtractStackTraceNoAlloc (byte*,int,string)
UnityEngine.StackTraceUtility:ExtractStackTrace () (at /Users/bokken/build/output/unity/unity/Runtime/Export/Scripting/StackTrace.cs:35)
UnityEngine.DebugLogHandler:Internal_Log (UnityEngine.LogType,UnityEngine.LogOption,string,UnityEngine.Object)
UnityEngine.DebugLogHandler:LogFormat (UnityEngine.LogType,UnityEngine.Object,string,object[]) (at /Users/bokken/build/output/unity/unity/Runtime/Export/Logging/DebugLogHandler.cs:9)
UnityEngine.Logger:Log (UnityEngine.LogType,object) (at /Users/bokken/build/output/unity/unity/Runtime/Export/Logging/Logger.cs:60)
UnityEngine.Debug:Log (object) (at /Users/bokken/build/output/unity/unity/Runtime/Export/Debug/Debug.bindings.cs:123)
Tide.App.T0CaseThreadSmoke:Require (bool,string) (at /private/tmp/t0-case-thread-p1-native-20260910/build-project/Assets/_Project/App/T0GameSession.cs:304)
Tide.App.T0CaseThreadSmoke:Act (string) (at /private/tmp/t0-case-thread-p1-native-20260910/build-project/Assets/_Project/App/T0GameSession.cs:312)
Tide.App.T0CaseThreadSmoke/<Run>d__28:MoveNext () (at /private/tmp/t0-case-thread-p1-native-20260910/build-project/Assets/_Project/App/T0GameSession.cs:437)
Tide.App.T0CaseThreadSmoke/<Start>d__11:MoveNext () (at /private/tmp/t0-case-thread-p1-native-20260910/build-project/Assets/_Project/App/T0GameSession.cs:295)
UnityEngine.SetupCoroutine:InvokeMoveNext (System.Collections.IEnumerator,intptr) (at /Users/bokken/build/output/unity/unity/Runtime/Export/Scripting/Coroutines.cs:17)

(Filename: /Users/bokken/build/output/unity/unity/Runtime/Export/Debug/Debug.bindings.cs Line: 123)

T0_CASE_THREAD_CHECK existing UI action available: begin-overlay
UnityEngine.Debug:ExtractStackTraceNoAlloc (byte*,int,string)
UnityEngine.StackTraceUtility:ExtractStackTrace () (at /Users/bokken/build/output/unity/unity/Runtime/Export/Scripting/StackTrace.cs:35)
UnityEngine.DebugLogHandler:Internal_Log (UnityEngine.LogType,UnityEngine.LogOption,string,UnityEngine.Object)
UnityEngine.DebugLogHandler:LogFormat (UnityEngine.LogType,UnityEngine.Object,string,object[]) (at /Users/bokken/build/output/unity/unity/Runtime/Export/Logging/DebugLogHandler.cs:9)
UnityEngine.Logger:Log (UnityEngine.LogType,object) (at /Users/bokken/build/output/unity/unity/Runtime/Export/Logging/Logger.cs:60)
UnityEngine.Debug:Log (object) (at /Users/bokken/build/output/unity/unity/Runtime/Export/Debug/Debug.bindings.cs:123)
Tide.App.T0CaseThreadSmoke:Require (bool,string) (at /private/tmp/t0-case-thread-p1-native-20260910/build-project/Assets/_Project/App/T0GameSession.cs:304)
Tide.App.T0CaseThreadSmoke:Act (string) (at /private/tmp/t0-case-thread-p1-native-20260910/build-project/Assets/_Project/App/T0GameSession.cs:312)
Tide.App.T0CaseThreadSmoke/<Run>d__28:MoveNext () (at /private/tmp/t0-case-thread-p1-native-20260910/build-project/Assets/_Project/App/T0GameSession.cs:437)
Tide.App.T0CaseThreadSmoke/<Start>d__11:MoveNext () (at /private/tmp/t0-case-thread-p1-native-20260910/build-project/Assets/_Project/App/T0GameSession.cs:295)
UnityEngine.SetupCoroutine:InvokeMoveNext (System.Collections.IEnumerator,intptr) (at /Users/bokken/build/output/unity/unity/Runtime/Export/Scripting/Coroutines.cs:17)

(Filename: /Users/bokken/build/output/unity/unity/Runtime/Export/Debug/Debug.bindings.cs Line: 123)

T0_CASE_THREAD_CHECK existing UI action available: offset-left
UnityEngine.Debug:ExtractStackTraceNoAlloc (byte*,int,string)
UnityEngine.StackTraceUtility:ExtractStackTrace () (at /Users/bokken/build/output/unity/unity/Runtime/Export/Scripting/StackTrace.cs:35)
UnityEngine.DebugLogHandler:Internal_Log (UnityEngine.LogType,UnityEngine.LogOption,string,UnityEngine.Object)
UnityEngine.DebugLogHandler:LogFormat (UnityEngine.LogType,UnityEngine.Object,string,object[]) (at /Users/bokken/build/output/unity/unity/Runtime/Export/Logging/DebugLogHandler.cs:9)
UnityEngine.Logger:Log (UnityEngine.LogType,object) (at /Users/bokken/build/output/unity/unity/Runtime/Export/Logging/Logger.cs:60)
UnityEngine.Debug:Log (object) (at /Users/bokken/build/output/unity/unity/Runtime/Export/Debug/Debug.bindings.cs:123)
Tide.App.T0CaseThreadSmoke:Require (bool,string) (at /private/tmp/t0-case-thread-p1-native-20260910/build-project/Assets/_Project/App/T0GameSession.cs:304)
Tide.App.T0CaseThreadSmoke:Act (string) (at /private/tmp/t0-case-thread-p1-native-20260910/build-project/Assets/_Project/App/T0GameSession.cs:312)
Tide.App.T0CaseThreadSmoke/<Run>d__28:MoveNext () (at /private/tmp/t0-case-thread-p1-native-20260910/build-project/Assets/_Project/App/T0GameSession.cs:437)
Tide.App.T0CaseThreadSmoke/<Start>d__11:MoveNext () (at /private/tmp/t0-case-thread-p1-native-20260910/build-project/Assets/_Project/App/T0GameSession.cs:295)
UnityEngine.SetupCoroutine:InvokeMoveNext (System.Collections.IEnumerator,intptr) (at /Users/bokken/build/output/unity/unity/Runtime/Export/Scripting/Coroutines.cs:17)

(Filename: /Users/bokken/build/output/unity/unity/Runtime/Export/Debug/Debug.bindings.cs Line: 123)

T0_CASE_THREAD_CHECK existing UI action available: offset-up
UnityEngine.Debug:ExtractStackTraceNoAlloc (byte*,int,string)
UnityEngine.StackTraceUtility:ExtractStackTrace () (at /Users/bokken/build/output/unity/unity/Runtime/Export/Scripting/StackTrace.cs:35)
UnityEngine.DebugLogHandler:Internal_Log (UnityEngine.LogType,UnityEngine.LogOption,string,UnityEngine.Object)
UnityEngine.DebugLogHandler:LogFormat (UnityEngine.LogType,UnityEngine.Object,string,object[]) (at /Users/bokken/build/output/unity/unity/Runtime/Export/Logging/DebugLogHandler.cs:9)
UnityEngine.Logger:Log (UnityEngine.LogType,object) (at /Users/bokken/build/output/unity/unity/Runtime/Export/Logging/Logger.cs:60)
UnityEngine.Debug:Log (object) (at /Users/bokken/build/output/unity/unity/Runtime/Export/Debug/Debug.bindings.cs:123)
Tide.App.T0CaseThreadSmoke:Require (bool,string) (at /private/tmp/t0-case-thread-p1-native-20260910/build-project/Assets/_Project/App/T0GameSession.cs:304)
Tide.App.T0CaseThreadSmoke:Act (string) (at /private/tmp/t0-case-thread-p1-native-20260910/build-project/Assets/_Project/App/T0GameSession.cs:312)
Tide.App.T0CaseThreadSmoke/<Run>d__28:MoveNext () (at /private/tmp/t0-case-thread-p1-native-20260910/build-project/Assets/_Project/App/T0GameSession.cs:437)
Tide.App.T0CaseThreadSmoke/<Start>d__11:MoveNext () (at /private/tmp/t0-case-thread-p1-native-20260910/build-project/Assets/_Project/App/T0GameSession.cs:295)
UnityEngine.SetupCoroutine:InvokeMoveNext (System.Collections.IEnumerator,intptr) (at /Users/bokken/build/output/unity/unity/Runtime/Export/Scripting/Coroutines.cs:17)

(Filename: /Users/bokken/build/output/unity/unity/Runtime/Export/Debug/Debug.bindings.cs Line: 123)

T0_CASE_THREAD_CHECK existing UI action available: anchor-overlay
UnityEngine.Debug:ExtractStackTraceNoAlloc (byte*,int,string)
UnityEngine.StackTraceUtility:ExtractStackTrace () (at /Users/bokken/build/output/unity/unity/Runtime/Export/Scripting/StackTrace.cs:35)
UnityEngine.DebugLogHandler:Internal_Log (UnityEngine.LogType,UnityEngine.LogOption,string,UnityEngine.Object)
UnityEngine.DebugLogHandler:LogFormat (UnityEngine.LogType,UnityEngine.Object,string,object[]) (at /Users/bokken/build/output/unity/unity/Runtime/Export/Logging/DebugLogHandler.cs:9)
UnityEngine.Logger:Log (UnityEngine.LogType,object) (at /Users/bokken/build/output/unity/unity/Runtime/Export/Logging/Logger.cs:60)
UnityEngine.Debug:Log (object) (at /Users/bokken/build/output/unity/unity/Runtime/Export/Debug/Debug.bindings.cs:123)
Tide.App.T0CaseThreadSmoke:Require (bool,string) (at /private/tmp/t0-case-thread-p1-native-20260910/build-project/Assets/_Project/App/T0GameSession.cs:304)
Tide.App.T0CaseThreadSmoke:Act (string) (at /private/tmp/t0-case-thread-p1-native-20260910/build-project/Assets/_Project/App/T0GameSession.cs:312)
Tide.App.T0CaseThreadSmoke/<Run>d__28:MoveNext () (at /private/tmp/t0-case-thread-p1-native-20260910/build-project/Assets/_Project/App/T0GameSession.cs:437)
Tide.App.T0CaseThreadSmoke/<Start>d__11:MoveNext () (at /private/tmp/t0-case-thread-p1-native-20260910/build-project/Assets/_Project/App/T0GameSession.cs:295)
UnityEngine.SetupCoroutine:InvokeMoveNext (System.Collections.IEnumerator,intptr) (at /Users/bokken/build/output/unity/unity/Runtime/Export/Scripting/Coroutines.cs:17)

(Filename: /Users/bokken/build/output/unity/unity/Runtime/Export/Debug/Debug.bindings.cs Line: 123)

T0_CASE_THREAD_CHECK existing UI action available: area-hub-uncovered-1
UnityEngine.Debug:ExtractStackTraceNoAlloc (byte*,int,string)
UnityEngine.StackTraceUtility:ExtractStackTrace () (at /Users/bokken/build/output/unity/unity/Runtime/Export/Scripting/StackTrace.cs:35)
UnityEngine.DebugLogHandler:Internal_Log (UnityEngine.LogType,UnityEngine.LogOption,string,UnityEngine.Object)
UnityEngine.DebugLogHandler:LogFormat (UnityEngine.LogType,UnityEngine.Object,string,object[]) (at /Users/bokken/build/output/unity/unity/Runtime/Export/Logging/DebugLogHandler.cs:9)
UnityEngine.Logger:Log (UnityEngine.LogType,object) (at /Users/bokken/build/output/unity/unity/Runtime/Export/Logging/Logger.cs:60)
UnityEngine.Debug:Log (object) (at /Users/bokken/build/output/unity/unity/Runtime/Export/Debug/Debug.bindings.cs:123)
Tide.App.T0CaseThreadSmoke:Require (bool,string) (at /private/tmp/t0-case-thread-p1-native-20260910/build-project/Assets/_Project/App/T0GameSession.cs:304)
Tide.App.T0CaseThreadSmoke:Act (string) (at /private/tmp/t0-case-thread-p1-native-20260910/build-project/Assets/_Project/App/T0GameSession.cs:312)
Tide.App.T0CaseThreadSmoke/<Run>d__28:MoveNext () (at /private/tmp/t0-case-thread-p1-native-20260910/build-project/Assets/_Project/App/T0GameSession.cs:438)
Tide.App.T0CaseThreadSmoke/<Start>d__11:MoveNext () (at /private/tmp/t0-case-thread-p1-native-20260910/build-project/Assets/_Project/App/T0GameSession.cs:295)
UnityEngine.SetupCoroutine:InvokeMoveNext (System.Collections.IEnumerator,intptr) (at /Users/bokken/build/output/unity/unity/Runtime/Export/Scripting/Coroutines.cs:17)

(Filename: /Users/bokken/build/output/unity/unity/Runtime/Export/Debug/Debug.bindings.cs Line: 123)

T0_CASE_THREAD_CHECK existing UI action available: area-evidence-hub-uncovered-1
UnityEngine.Debug:ExtractStackTraceNoAlloc (byte*,int,string)
UnityEngine.StackTraceUtility:ExtractStackTrace () (at /Users/bokken/build/output/unity/unity/Runtime/Export/Scripting/StackTrace.cs:35)
UnityEngine.DebugLogHandler:Internal_Log (UnityEngine.LogType,UnityEngine.LogOption,string,UnityEngine.Object)
UnityEngine.DebugLogHandler:LogFormat (UnityEngine.LogType,UnityEngine.Object,string,object[]) (at /Users/bokken/build/output/unity/unity/Runtime/Export/Logging/DebugLogHandler.cs:9)
UnityEngine.Logger:Log (UnityEngine.LogType,object) (at /Users/bokken/build/output/unity/unity/Runtime/Export/Logging/Logger.cs:60)
UnityEngine.Debug:Log (object) (at /Users/bokken/build/output/unity/unity/Runtime/Export/Debug/Debug.bindings.cs:123)
Tide.App.T0CaseThreadSmoke:Require (bool,string) (at /private/tmp/t0-case-thread-p1-native-20260910/build-project/Assets/_Project/App/T0GameSession.cs:304)
Tide.App.T0CaseThreadSmoke:Act (string) (at /private/tmp/t0-case-thread-p1-native-20260910/build-project/Assets/_Project/App/T0GameSession.cs:312)
Tide.App.T0CaseThreadSmoke/<Run>d__28:MoveNext () (at /private/tmp/t0-case-thread-p1-native-20260910/build-project/Assets/_Project/App/T0GameSession.cs:438)
Tide.App.T0CaseThreadSmoke/<Start>d__11:MoveNext () (at /private/tmp/t0-case-thread-p1-native-20260910/build-project/Assets/_Project/App/T0GameSession.cs:295)
UnityEngine.SetupCoroutine:InvokeMoveNext (System.Collections.IEnumerator,intptr) (at /Users/bokken/build/output/unity/unity/Runtime/Export/Scripting/Coroutines.cs:17)

(Filename: /Users/bokken/build/output/unity/unity/Runtime/Export/Debug/Debug.bindings.cs Line: 123)

T0_CASE_THREAD_CHECK existing UI action available: attach-rec-watchlog-bureau
UnityEngine.Debug:ExtractStackTraceNoAlloc (byte*,int,string)
UnityEngine.StackTraceUtility:ExtractStackTrace () (at /Users/bokken/build/output/unity/unity/Runtime/Export/Scripting/StackTrace.cs:35)
UnityEngine.DebugLogHandler:Internal_Log (UnityEngine.LogType,UnityEngine.LogOption,string,UnityEngine.Object)
UnityEngine.DebugLogHandler:LogFormat (UnityEngine.LogType,UnityEngine.Object,string,object[]) (at /Users/bokken/build/output/unity/unity/Runtime/Export/Logging/DebugLogHandler.cs:9)
UnityEngine.Logger:Log (UnityEngine.LogType,object) (at /Users/bokken/build/output/unity/unity/Runtime/Export/Logging/Logger.cs:60)
UnityEngine.Debug:Log (object) (at /Users/bokken/build/output/unity/unity/Runtime/Export/Debug/Debug.bindings.cs:123)
Tide.App.T0CaseThreadSmoke:Require (bool,string) (at /private/tmp/t0-case-thread-p1-native-20260910/build-project/Assets/_Project/App/T0GameSession.cs:304)
Tide.App.T0CaseThreadSmoke:Act (string) (at /private/tmp/t0-case-thread-p1-native-20260910/build-project/Assets/_Project/App/T0GameSession.cs:312)
Tide.App.T0CaseThreadSmoke/<Run>d__28:MoveNext () (at /private/tmp/t0-case-thread-p1-native-20260910/build-project/Assets/_Project/App/T0GameSession.cs:438)
Tide.App.T0CaseThreadSmoke/<Start>d__11:MoveNext () (at /private/tmp/t0-case-thread-p1-native-20260910/build-project/Assets/_Project/App/T0GameSession.cs:295)
UnityEngine.SetupCoroutine:InvokeMoveNext (System.Collections.IEnumerator,intptr) (at /Users/bokken/build/output/unity/unity/Runtime/Export/Scripting/Coroutines.cs:17)

(Filename: /Users/bokken/build/output/unity/unity/Runtime/Export/Debug/Debug.bindings.cs Line: 123)

T0_CASE_THREAD_CHECK existing UI action available: overlay-back
UnityEngine.Debug:ExtractStackTraceNoAlloc (byte*,int,string)
UnityEngine.StackTraceUtility:ExtractStackTrace () (at /Users/bokken/build/output/unity/unity/Runtime/Export/Scripting/StackTrace.cs:35)
UnityEngine.DebugLogHandler:Internal_Log (UnityEngine.LogType,UnityEngine.LogOption,string,UnityEngine.Object)
UnityEngine.DebugLogHandler:LogFormat (UnityEngine.LogType,UnityEngine.Object,string,object[]) (at /Users/bokken/build/output/unity/unity/Runtime/Export/Logging/DebugLogHandler.cs:9)
UnityEngine.Logger:Log (UnityEngine.LogType,object) (at /Users/bokken/build/output/unity/unity/Runtime/Export/Logging/Logger.cs:60)
UnityEngine.Debug:Log (object) (at /Users/bokken/build/output/unity/unity/Runtime/Export/Debug/Debug.bindings.cs:123)
Tide.App.T0CaseThreadSmoke:Require (bool,string) (at /private/tmp/t0-case-thread-p1-native-20260910/build-project/Assets/_Project/App/T0GameSession.cs:304)
Tide.App.T0CaseThreadSmoke:Act (string) (at /private/tmp/t0-case-thread-p1-native-20260910/build-project/Assets/_Project/App/T0GameSession.cs:312)
Tide.App.T0CaseThreadSmoke/<Run>d__28:MoveNext () (at /private/tmp/t0-case-thread-p1-native-20260910/build-project/Assets/_Project/App/T0GameSession.cs:438)
Tide.App.T0CaseThreadSmoke/<Start>d__11:MoveNext () (at /private/tmp/t0-case-thread-p1-native-20260910/build-project/Assets/_Project/App/T0GameSession.cs:295)
UnityEngine.SetupCoroutine:InvokeMoveNext (System.Collections.IEnumerator,intptr) (at /Users/bokken/build/output/unity/unity/Runtime/Export/Scripting/Coroutines.cs:17)

(Filename: /Users/bokken/build/output/unity/unity/Runtime/Export/Debug/Debug.bindings.cs Line: 123)

T0_CASE_THREAD_CHECK existing UI action available: area-hub-uncovered-2
UnityEngine.Debug:ExtractStackTraceNoAlloc (byte*,int,string)
UnityEngine.StackTraceUtility:ExtractStackTrace () (at /Users/bokken/build/output/unity/unity/Runtime/Export/Scripting/StackTrace.cs:35)
UnityEngine.DebugLogHandler:Internal_Log (UnityEngine.LogType,UnityEngine.LogOption,string,UnityEngine.Object)
UnityEngine.DebugLogHandler:LogFormat (UnityEngine.LogType,UnityEngine.Object,string,object[]) (at /Users/bokken/build/output/unity/unity/Runtime/Export/Logging/DebugLogHandler.cs:9)
UnityEngine.Logger:Log (UnityEngine.LogType,object) (at /Users/bokken/build/output/unity/unity/Runtime/Export/Logging/Logger.cs:60)
UnityEngine.Debug:Log (object) (at /Users/bokken/build/output/unity/unity/Runtime/Export/Debug/Debug.bindings.cs:123)
Tide.App.T0CaseThreadSmoke:Require (bool,string) (at /private/tmp/t0-case-thread-p1-native-20260910/build-project/Assets/_Project/App/T0GameSession.cs:304)
Tide.App.T0CaseThreadSmoke:Act (string) (at /private/tmp/t0-case-thread-p1-native-20260910/build-project/Assets/_Project/App/T0GameSession.cs:312)
Tide.App.T0CaseThreadSmoke/<Run>d__28:MoveNext () (at /private/tmp/t0-case-thread-p1-native-20260910/build-project/Assets/_Project/App/T0GameSession.cs:438)
Tide.App.T0CaseThreadSmoke/<Start>d__11:MoveNext () (at /private/tmp/t0-case-thread-p1-native-20260910/build-project/Assets/_Project/App/T0GameSession.cs:295)
UnityEngine.SetupCoroutine:InvokeMoveNext (System.Collections.IEnumerator,intptr) (at /Users/bokken/build/output/unity/unity/Runtime/Export/Scripting/Coroutines.cs:17)

(Filename: /Users/bokken/build/output/unity/unity/Runtime/Export/Debug/Debug.bindings.cs Line: 123)

T0_CASE_THREAD_CHECK existing UI action available: area-evidence-hub-uncovered-2
UnityEngine.Debug:ExtractStackTraceNoAlloc (byte*,int,string)
UnityEngine.StackTraceUtility:ExtractStackTrace () (at /Users/bokken/build/output/unity/unity/Runtime/Export/Scripting/StackTrace.cs:35)
UnityEngine.DebugLogHandler:Internal_Log (UnityEngine.LogType,UnityEngine.LogOption,string,UnityEngine.Object)
UnityEngine.DebugLogHandler:LogFormat (UnityEngine.LogType,UnityEngine.Object,string,object[]) (at /Users/bokken/build/output/unity/unity/Runtime/Export/Logging/DebugLogHandler.cs:9)
UnityEngine.Logger:Log (UnityEngine.LogType,object) (at /Users/bokken/build/output/unity/unity/Runtime/Export/Logging/Logger.cs:60)
UnityEngine.Debug:Log (object) (at /Users/bokken/build/output/unity/unity/Runtime/Export/Debug/Debug.bindings.cs:123)
Tide.App.T0CaseThreadSmoke:Require (bool,string) (at /private/tmp/t0-case-thread-p1-native-20260910/build-project/Assets/_Project/App/T0GameSession.cs:304)
Tide.App.T0CaseThreadSmoke:Act (string) (at /private/tmp/t0-case-thread-p1-native-20260910/build-project/Assets/_Project/App/T0GameSession.cs:312)
Tide.App.T0CaseThreadSmoke/<Run>d__28:MoveNext () (at /private/tmp/t0-case-thread-p1-native-20260910/build-project/Assets/_Project/App/T0GameSession.cs:438)
Tide.App.T0CaseThreadSmoke/<Start>d__11:MoveNext () (at /private/tmp/t0-case-thread-p1-native-20260910/build-project/Assets/_Project/App/T0GameSession.cs:295)
UnityEngine.SetupCoroutine:InvokeMoveNext (System.Collections.IEnumerator,intptr) (at /Users/bokken/build/output/unity/unity/Runtime/Export/Scripting/Coroutines.cs:17)

(Filename: /Users/bokken/build/output/unity/unity/Runtime/Export/Debug/Debug.bindings.cs Line: 123)

T0_CASE_THREAD_CHECK existing UI action available: attach-rec-watchlog-bureau
UnityEngine.Debug:ExtractStackTraceNoAlloc (byte*,int,string)
UnityEngine.StackTraceUtility:ExtractStackTrace () (at /Users/bokken/build/output/unity/unity/Runtime/Export/Scripting/StackTrace.cs:35)
UnityEngine.DebugLogHandler:Internal_Log (UnityEngine.LogType,UnityEngine.LogOption,string,UnityEngine.Object)
UnityEngine.DebugLogHandler:LogFormat (UnityEngine.LogType,UnityEngine.Object,string,object[]) (at /Users/bokken/build/output/unity/unity/Runtime/Export/Logging/DebugLogHandler.cs:9)
UnityEngine.Logger:Log (UnityEngine.LogType,object) (at /Users/bokken/build/output/unity/unity/Runtime/Export/Logging/Logger.cs:60)
UnityEngine.Debug:Log (object) (at /Users/bokken/build/output/unity/unity/Runtime/Export/Debug/Debug.bindings.cs:123)
Tide.App.T0CaseThreadSmoke:Require (bool,string) (at /private/tmp/t0-case-thread-p1-native-20260910/build-project/Assets/_Project/App/T0GameSession.cs:304)
Tide.App.T0CaseThreadSmoke:Act (string) (at /private/tmp/t0-case-thread-p1-native-20260910/build-project/Assets/_Project/App/T0GameSession.cs:312)
Tide.App.T0CaseThreadSmoke/<Run>d__28:MoveNext () (at /private/tmp/t0-case-thread-p1-native-20260910/build-project/Assets/_Project/App/T0GameSession.cs:438)
Tide.App.T0CaseThreadSmoke/<Start>d__11:MoveNext () (at /private/tmp/t0-case-thread-p1-native-20260910/build-project/Assets/_Project/App/T0GameSession.cs:295)
UnityEngine.SetupCoroutine:InvokeMoveNext (System.Collections.IEnumerator,intptr) (at /Users/bokken/build/output/unity/unity/Runtime/Export/Scripting/Coroutines.cs:17)

(Filename: /Users/bokken/build/output/unity/unity/Runtime/Export/Debug/Debug.bindings.cs Line: 123)

T0_CASE_THREAD_CHECK existing UI action available: overlay-back
UnityEngine.Debug:ExtractStackTraceNoAlloc (byte*,int,string)
UnityEngine.StackTraceUtility:ExtractStackTrace () (at /Users/bokken/build/output/unity/unity/Runtime/Export/Scripting/StackTrace.cs:35)
UnityEngine.DebugLogHandler:Internal_Log (UnityEngine.LogType,UnityEngine.LogOption,string,UnityEngine.Object)
UnityEngine.DebugLogHandler:LogFormat (UnityEngine.LogType,UnityEngine.Object,string,object[]) (at /Users/bokken/build/output/unity/unity/Runtime/Export/Logging/DebugLogHandler.cs:9)
UnityEngine.Logger:Log (UnityEngine.LogType,object) (at /Users/bokken/build/output/unity/unity/Runtime/Export/Logging/Logger.cs:60)
UnityEngine.Debug:Log (object) (at /Users/bokken/build/output/unity/unity/Runtime/Export/Debug/Debug.bindings.cs:123)
Tide.App.T0CaseThreadSmoke:Require (bool,string) (at /private/tmp/t0-case-thread-p1-native-20260910/build-project/Assets/_Project/App/T0GameSession.cs:304)
Tide.App.T0CaseThreadSmoke:Act (string) (at /private/tmp/t0-case-thread-p1-native-20260910/build-project/Assets/_Project/App/T0GameSession.cs:312)
Tide.App.T0CaseThreadSmoke/<Run>d__28:MoveNext () (at /private/tmp/t0-case-thread-p1-native-20260910/build-project/Assets/_Project/App/T0GameSession.cs:438)
Tide.App.T0CaseThreadSmoke/<Start>d__11:MoveNext () (at /private/tmp/t0-case-thread-p1-native-20260910/build-project/Assets/_Project/App/T0GameSession.cs:295)
UnityEngine.SetupCoroutine:InvokeMoveNext (System.Collections.IEnumerator,intptr) (at /Users/bokken/build/output/unity/unity/Runtime/Export/Scripting/Coroutines.cs:17)

(Filename: /Users/bokken/build/output/unity/unity/Runtime/Export/Debug/Debug.bindings.cs Line: 123)

T0_CASE_THREAD_CHECK existing UI action available: area-hub-uncovered-3
UnityEngine.Debug:ExtractStackTraceNoAlloc (byte*,int,string)
UnityEngine.StackTraceUtility:ExtractStackTrace () (at /Users/bokken/build/output/unity/unity/Runtime/Export/Scripting/StackTrace.cs:35)
UnityEngine.DebugLogHandler:Internal_Log (UnityEngine.LogType,UnityEngine.LogOption,string,UnityEngine.Object)
UnityEngine.DebugLogHandler:LogFormat (UnityEngine.LogType,UnityEngine.Object,string,object[]) (at /Users/bokken/build/output/unity/unity/Runtime/Export/Logging/DebugLogHandler.cs:9)
UnityEngine.Logger:Log (UnityEngine.LogType,object) (at /Users/bokken/build/output/unity/unity/Runtime/Export/Logging/Logger.cs:60)
UnityEngine.Debug:Log (object) (at /Users/bokken/build/output/unity/unity/Runtime/Export/Debug/Debug.bindings.cs:123)
Tide.App.T0CaseThreadSmoke:Require (bool,string) (at /private/tmp/t0-case-thread-p1-native-20260910/build-project/Assets/_Project/App/T0GameSession.cs:304)
Tide.App.T0CaseThreadSmoke:Act (string) (at /private/tmp/t0-case-thread-p1-native-20260910/build-project/Assets/_Project/App/T0GameSession.cs:312)
Tide.App.T0CaseThreadSmoke/<Run>d__28:MoveNext () (at /private/tmp/t0-case-thread-p1-native-20260910/build-project/Assets/_Project/App/T0GameSession.cs:438)
Tide.App.T0CaseThreadSmoke/<Start>d__11:MoveNext () (at /private/tmp/t0-case-thread-p1-native-20260910/build-project/Assets/_Project/App/T0GameSession.cs:295)
UnityEngine.SetupCoroutine:InvokeMoveNext (System.Collections.IEnumerator,intptr) (at /Users/bokken/build/output/unity/unity/Runtime/Export/Scripting/Coroutines.cs:17)

(Filename: /Users/bokken/build/output/unity/unity/Runtime/Export/Debug/Debug.bindings.cs Line: 123)

T0_CASE_THREAD_CHECK existing UI action available: area-evidence-hub-uncovered-3
UnityEngine.Debug:ExtractStackTraceNoAlloc (byte*,int,string)
UnityEngine.StackTraceUtility:ExtractStackTrace () (at /Users/bokken/build/output/unity/unity/Runtime/Export/Scripting/StackTrace.cs:35)
UnityEngine.DebugLogHandler:Internal_Log (UnityEngine.LogType,UnityEngine.LogOption,string,UnityEngine.Object)
UnityEngine.DebugLogHandler:LogFormat (UnityEngine.LogType,UnityEngine.Object,string,object[]) (at /Users/bokken/build/output/unity/unity/Runtime/Export/Logging/DebugLogHandler.cs:9)
UnityEngine.Logger:Log (UnityEngine.LogType,object) (at /Users/bokken/build/output/unity/unity/Runtime/Export/Logging/Logger.cs:60)
UnityEngine.Debug:Log (object) (at /Users/bokken/build/output/unity/unity/Runtime/Export/Debug/Debug.bindings.cs:123)
Tide.App.T0CaseThreadSmoke:Require (bool,string) (at /private/tmp/t0-case-thread-p1-native-20260910/build-project/Assets/_Project/App/T0GameSession.cs:304)
Tide.App.T0CaseThreadSmoke:Act (string) (at /private/tmp/t0-case-thread-p1-native-20260910/build-project/Assets/_Project/App/T0GameSession.cs:312)
Tide.App.T0CaseThreadSmoke/<Run>d__28:MoveNext () (at /private/tmp/t0-case-thread-p1-native-20260910/build-project/Assets/_Project/App/T0GameSession.cs:438)
Tide.App.T0CaseThreadSmoke/<Start>d__11:MoveNext () (at /private/tmp/t0-case-thread-p1-native-20260910/build-project/Assets/_Project/App/T0GameSession.cs:295)
UnityEngine.SetupCoroutine:InvokeMoveNext (System.Collections.IEnumerator,intptr) (at /Users/bokken/build/output/unity/unity/Runtime/Export/Scripting/Coroutines.cs:17)

(Filename: /Users/bokken/build/output/unity/unity/Runtime/Export/Debug/Debug.bindings.cs Line: 123)

T0_CASE_THREAD_CHECK existing UI action available: attach-rec-watchlog-bureau
UnityEngine.Debug:ExtractStackTraceNoAlloc (byte*,int,string)
UnityEngine.StackTraceUtility:ExtractStackTrace () (at /Users/bokken/build/output/unity/unity/Runtime/Export/Scripting/StackTrace.cs:35)
UnityEngine.DebugLogHandler:Internal_Log (UnityEngine.LogType,UnityEngine.LogOption,string,UnityEngine.Object)
UnityEngine.DebugLogHandler:LogFormat (UnityEngine.LogType,UnityEngine.Object,string,object[]) (at /Users/bokken/build/output/unity/unity/Runtime/Export/Logging/DebugLogHandler.cs:9)
UnityEngine.Logger:Log (UnityEngine.LogType,object) (at /Users/bokken/build/output/unity/unity/Runtime/Export/Logging/Logger.cs:60)
UnityEngine.Debug:Log (object) (at /Users/bokken/build/output/unity/unity/Runtime/Export/Debug/Debug.bindings.cs:123)
Tide.App.T0CaseThreadSmoke:Require (bool,string) (at /private/tmp/t0-case-thread-p1-native-20260910/build-project/Assets/_Project/App/T0GameSession.cs:304)
Tide.App.T0CaseThreadSmoke:Act (string) (at /private/tmp/t0-case-thread-p1-native-20260910/build-project/Assets/_Project/App/T0GameSession.cs:312)
Tide.App.T0CaseThreadSmoke/<Run>d__28:MoveNext () (at /private/tmp/t0-case-thread-p1-native-20260910/build-project/Assets/_Project/App/T0GameSession.cs:438)
Tide.App.T0CaseThreadSmoke/<Start>d__11:MoveNext () (at /private/tmp/t0-case-thread-p1-native-20260910/build-project/Assets/_Project/App/T0GameSession.cs:295)
UnityEngine.SetupCoroutine:InvokeMoveNext (System.Collections.IEnumerator,intptr) (at /Users/bokken/build/output/unity/unity/Runtime/Export/Scripting/Coroutines.cs:17)

(Filename: /Users/bokken/build/output/unity/unity/Runtime/Export/Debug/Debug.bindings.cs Line: 123)

T0_CASE_THREAD_CHECK existing UI action available: overlay-back
UnityEngine.Debug:ExtractStackTraceNoAlloc (byte*,int,string)
UnityEngine.StackTraceUtility:ExtractStackTrace () (at /Users/bokken/build/output/unity/unity/Runtime/Export/Scripting/StackTrace.cs:35)
UnityEngine.DebugLogHandler:Internal_Log (UnityEngine.LogType,UnityEngine.LogOption,string,UnityEngine.Object)
UnityEngine.DebugLogHandler:LogFormat (UnityEngine.LogType,UnityEngine.Object,string,object[]) (at /Users/bokken/build/output/unity/unity/Runtime/Export/Logging/DebugLogHandler.cs:9)
UnityEngine.Logger:Log (UnityEngine.LogType,object) (at /Users/bokken/build/output/unity/unity/Runtime/Export/Logging/Logger.cs:60)
UnityEngine.Debug:Log (object) (at /Users/bokken/build/output/unity/unity/Runtime/Export/Debug/Debug.bindings.cs:123)
Tide.App.T0CaseThreadSmoke:Require (bool,string) (at /private/tmp/t0-case-thread-p1-native-20260910/build-project/Assets/_Project/App/T0GameSession.cs:304)
Tide.App.T0CaseThreadSmoke:Act (string) (at /private/tmp/t0-case-thread-p1-native-20260910/build-project/Assets/_Project/App/T0GameSession.cs:312)
Tide.App.T0CaseThreadSmoke/<Run>d__28:MoveNext () (at /private/tmp/t0-case-thread-p1-native-20260910/build-project/Assets/_Project/App/T0GameSession.cs:438)
Tide.App.T0CaseThreadSmoke/<Start>d__11:MoveNext () (at /private/tmp/t0-case-thread-p1-native-20260910/build-project/Assets/_Project/App/T0GameSession.cs:295)
UnityEngine.SetupCoroutine:InvokeMoveNext (System.Collections.IEnumerator,intptr) (at /Users/bokken/build/output/unity/unity/Runtime/Export/Scripting/Coroutines.cs:17)

(Filename: /Users/bokken/build/output/unity/unity/Runtime/Export/Debug/Debug.bindings.cs Line: 123)

T0_CASE_THREAD_CHECK actual circuit actions complete t0-b2
UnityEngine.Debug:ExtractStackTraceNoAlloc (byte*,int,string)
UnityEngine.StackTraceUtility:ExtractStackTrace () (at /Users/bokken/build/output/unity/unity/Runtime/Export/Scripting/StackTrace.cs:35)
UnityEngine.DebugLogHandler:Internal_Log (UnityEngine.LogType,UnityEngine.LogOption,string,UnityEngine.Object)
UnityEngine.DebugLogHandler:LogFormat (UnityEngine.LogType,UnityEngine.Object,string,object[]) (at /Users/bokken/build/output/unity/unity/Runtime/Export/Logging/DebugLogHandler.cs:9)
UnityEngine.Logger:Log (UnityEngine.LogType,object) (at /Users/bokken/build/output/unity/unity/Runtime/Export/Logging/Logger.cs:60)
UnityEngine.Debug:Log (object) (at /Users/bokken/build/output/unity/unity/Runtime/Export/Debug/Debug.bindings.cs:123)
Tide.App.T0CaseThreadSmoke:Require (bool,string) (at /private/tmp/t0-case-thread-p1-native-20260910/build-project/Assets/_Project/App/T0GameSession.cs:304)
Tide.App.T0CaseThreadSmoke/<Run>d__28:MoveNext () (at /private/tmp/t0-case-thread-p1-native-20260910/build-project/Assets/_Project/App/T0GameSession.cs:439)
Tide.App.T0CaseThreadSmoke/<Start>d__11:MoveNext () (at /private/tmp/t0-case-thread-p1-native-20260910/build-project/Assets/_Project/App/T0GameSession.cs:295)
UnityEngine.SetupCoroutine:InvokeMoveNext (System.Collections.IEnumerator,intptr) (at /Users/bokken/build/output/unity/unity/Runtime/Export/Scripting/Coroutines.cs:17)

(Filename: /Users/bokken/build/output/unity/unity/Runtime/Export/Debug/Debug.bindings.cs Line: 123)

T0_CASE_THREAD_CHECK save queue settled
UnityEngine.Debug:ExtractStackTraceNoAlloc (byte*,int,string)
UnityEngine.StackTraceUtility:ExtractStackTrace () (at /Users/bokken/build/output/unity/unity/Runtime/Export/Scripting/StackTrace.cs:35)
UnityEngine.DebugLogHandler:Internal_Log (UnityEngine.LogType,UnityEngine.LogOption,string,UnityEngine.Object)
UnityEngine.DebugLogHandler:LogFormat (UnityEngine.LogType,UnityEngine.Object,string,object[]) (at /Users/bokken/build/output/unity/unity/Runtime/Export/Logging/DebugLogHandler.cs:9)
UnityEngine.Logger:Log (UnityEngine.LogType,object) (at /Users/bokken/build/output/unity/unity/Runtime/Export/Logging/Logger.cs:60)
UnityEngine.Debug:Log (object) (at /Users/bokken/build/output/unity/unity/Runtime/Export/Debug/Debug.bindings.cs:123)
Tide.App.T0CaseThreadSmoke:Require (bool,string) (at /private/tmp/t0-case-thread-p1-native-20260910/build-project/Assets/_Project/App/T0GameSession.cs:304)
Tide.App.T0CaseThreadSmoke/<Drain>d__18:MoveNext () (at /private/tmp/t0-case-thread-p1-native-20260910/build-project/Assets/_Project/App/T0GameSession.cs:337)
Tide.App.T0CaseThreadSmoke/<Start>d__11:MoveNext () (at /private/tmp/t0-case-thread-p1-native-20260910/build-project/Assets/_Project/App/T0GameSession.cs:295)
UnityEngine.SetupCoroutine:InvokeMoveNext (System.Collections.IEnumerator,intptr) (at /Users/bokken/build/output/unity/unity/Runtime/Export/Scripting/Coroutines.cs:17)

(Filename: /Users/bokken/build/output/unity/unity/Runtime/Export/Debug/Debug.bindings.cs Line: 123)

T0_CASE_THREAD_CHECK exactly one active CaseThread text
UnityEngine.Debug:ExtractStackTraceNoAlloc (byte*,int,string)
UnityEngine.StackTraceUtility:ExtractStackTrace () (at /Users/bokken/build/output/unity/unity/Runtime/Export/Scripting/StackTrace.cs:35)
UnityEngine.DebugLogHandler:Internal_Log (UnityEngine.LogType,UnityEngine.LogOption,string,UnityEngine.Object)
UnityEngine.DebugLogHandler:LogFormat (UnityEngine.LogType,UnityEngine.Object,string,object[]) (at /Users/bokken/build/output/unity/unity/Runtime/Export/Logging/DebugLogHandler.cs:9)
UnityEngine.Logger:Log (UnityEngine.LogType,object) (at /Users/bokken/build/output/unity/unity/Runtime/Export/Logging/Logger.cs:60)
UnityEngine.Debug:Log (object) (at /Users/bokken/build/output/unity/unity/Runtime/Export/Debug/Debug.bindings.cs:123)
Tide.App.T0CaseThreadSmoke:Require (bool,string) (at /private/tmp/t0-case-thread-p1-native-20260910/build-project/Assets/_Project/App/T0GameSession.cs:304)
Tide.App.T0CaseThreadSmoke:Card () (at /private/tmp/t0-case-thread-p1-native-20260910/build-project/Assets/_Project/App/T0GameSession.cs:341)
Tide.App.T0CaseThreadSmoke/<Inspect>d__23:MoveNext () (at /private/tmp/t0-case-thread-p1-native-20260910/build-project/Assets/_Project/App/T0GameSession.cs:366)
Tide.App.T0CaseThreadSmoke/<Start>d__11:MoveNext () (at /private/tmp/t0-case-thread-p1-native-20260910/build-project/Assets/_Project/App/T0GameSession.cs:295)
UnityEngine.SetupCoroutine:InvokeMoveNext (System.Collections.IEnumerator,intptr) (at /Users/bokken/build/output/unity/unity/Runtime/Export/Scripting/Coroutines.cs:17)

(Filename: /Users/bokken/build/output/unity/unity/Runtime/Export/Debug/Debug.bindings.cs Line: 123)

T0_CASE_THREAD_CHECK post-b2-0-of-2: objective visible
UnityEngine.Debug:ExtractStackTraceNoAlloc (byte*,int,string)
UnityEngine.StackTraceUtility:ExtractStackTrace () (at /Users/bokken/build/output/unity/unity/Runtime/Export/Scripting/StackTrace.cs:35)
UnityEngine.DebugLogHandler:Internal_Log (UnityEngine.LogType,UnityEngine.LogOption,string,UnityEngine.Object)
UnityEngine.DebugLogHandler:LogFormat (UnityEngine.LogType,UnityEngine.Object,string,object[]) (at /Users/bokken/build/output/unity/unity/Runtime/Export/Logging/DebugLogHandler.cs:9)
UnityEngine.Logger:Log (UnityEngine.LogType,object) (at /Users/bokken/build/output/unity/unity/Runtime/Export/Logging/Logger.cs:60)
UnityEngine.Debug:Log (object) (at /Users/bokken/build/output/unity/unity/Runtime/Export/Debug/Debug.bindings.cs:123)
Tide.App.T0CaseThreadSmoke:Require (bool,string) (at /private/tmp/t0-case-thread-p1-native-20260910/build-project/Assets/_Project/App/T0GameSession.cs:304)
Tide.App.T0CaseThreadSmoke/<Inspect>d__23:MoveNext () (at /private/tmp/t0-case-thread-p1-native-20260910/build-project/Assets/_Project/App/T0GameSession.cs:366)
Tide.App.T0CaseThreadSmoke/<Start>d__11:MoveNext () (at /private/tmp/t0-case-thread-p1-native-20260910/build-project/Assets/_Project/App/T0GameSession.cs:295)
UnityEngine.SetupCoroutine:InvokeMoveNext (System.Collections.IEnumerator,intptr) (at /Users/bokken/build/output/unity/unity/Runtime/Export/Scripting/Coroutines.cs:17)

(Filename: /Users/bokken/build/output/unity/unity/Runtime/Export/Debug/Debug.bindings.cs Line: 123)

T0_CASE_THREAD_CHECK post-b2-0-of-2: 0/2 visible
UnityEngine.Debug:ExtractStackTraceNoAlloc (byte*,int,string)
UnityEngine.StackTraceUtility:ExtractStackTrace () (at /Users/bokken/build/output/unity/unity/Runtime/Export/Scripting/StackTrace.cs:35)
UnityEngine.DebugLogHandler:Internal_Log (UnityEngine.LogType,UnityEngine.LogOption,string,UnityEngine.Object)
UnityEngine.DebugLogHandler:LogFormat (UnityEngine.LogType,UnityEngine.Object,string,object[]) (at /Users/bokken/build/output/unity/unity/Runtime/Export/Logging/DebugLogHandler.cs:9)
UnityEngine.Logger:Log (UnityEngine.LogType,object) (at /Users/bokken/build/output/unity/unity/Runtime/Export/Logging/Logger.cs:60)
UnityEngine.Debug:Log (object) (at /Users/bokken/build/output/unity/unity/Runtime/Export/Debug/Debug.bindings.cs:123)
Tide.App.T0CaseThreadSmoke:Require (bool,string) (at /private/tmp/t0-case-thread-p1-native-20260910/build-project/Assets/_Project/App/T0GameSession.cs:304)
Tide.App.T0CaseThreadSmoke/<Inspect>d__23:MoveNext () (at /private/tmp/t0-case-thread-p1-native-20260910/build-project/Assets/_Project/App/T0GameSession.cs:367)
Tide.App.T0CaseThreadSmoke/<Start>d__11:MoveNext () (at /private/tmp/t0-case-thread-p1-native-20260910/build-project/Assets/_Project/App/T0GameSession.cs:295)
UnityEngine.SetupCoroutine:InvokeMoveNext (System.Collections.IEnumerator,intptr) (at /Users/bokken/build/output/unity/unity/Runtime/Export/Scripting/Coroutines.cs:17)

(Filename: /Users/bokken/build/output/unity/unity/Runtime/Export/Debug/Debug.bindings.cs Line: 123)

T0_CASE_THREAD_CHECK post-b2-0-of-2: next line present
UnityEngine.Debug:ExtractStackTraceNoAlloc (byte*,int,string)
UnityEngine.StackTraceUtility:ExtractStackTrace () (at /Users/bokken/build/output/unity/unity/Runtime/Export/Scripting/StackTrace.cs:35)
UnityEngine.DebugLogHandler:Internal_Log (UnityEngine.LogType,UnityEngine.LogOption,string,UnityEngine.Object)
UnityEngine.DebugLogHandler:LogFormat (UnityEngine.LogType,UnityEngine.Object,string,object[]) (at /Users/bokken/build/output/unity/unity/Runtime/Export/Logging/DebugLogHandler.cs:9)
UnityEngine.Logger:Log (UnityEngine.LogType,object) (at /Users/bokken/build/output/unity/unity/Runtime/Export/Logging/Logger.cs:60)
UnityEngine.Debug:Log (object) (at /Users/bokken/build/output/unity/unity/Runtime/Export/Debug/Debug.bindings.cs:123)
Tide.App.T0CaseThreadSmoke:Require (bool,string) (at /private/tmp/t0-case-thread-p1-native-20260910/build-project/Assets/_Project/App/T0GameSession.cs:304)
Tide.App.T0CaseThreadSmoke:GenericGuidance (UnityEngine.UI.Text,string) (at /private/tmp/t0-case-thread-p1-native-20260910/build-project/Assets/_Project/App/T0GameSession.cs:356)
Tide.App.T0CaseThreadSmoke/<Inspect>d__23:MoveNext () (at /private/tmp/t0-case-thread-p1-native-20260910/build-project/Assets/_Project/App/T0GameSession.cs:368)
Tide.App.T0CaseThreadSmoke/<Start>d__11:MoveNext () (at /private/tmp/t0-case-thread-p1-native-20260910/build-project/Assets/_Project/App/T0GameSession.cs:295)
UnityEngine.SetupCoroutine:InvokeMoveNext (System.Collections.IEnumerator,intptr) (at /Users/bokken/build/output/unity/unity/Runtime/Export/Scripting/Coroutines.cs:17)

(Filename: /Users/bokken/build/output/unity/unity/Runtime/Export/Debug/Debug.bindings.cs Line: 123)

T0_CASE_THREAD_CHECK post-b2-0-of-2: next line is generic objective guidance: 근거를 살펴보고 인용을 고정하세요.
UnityEngine.Debug:ExtractStackTraceNoAlloc (byte*,int,string)
UnityEngine.StackTraceUtility:ExtractStackTrace () (at /Users/bokken/build/output/unity/unity/Runtime/Export/Scripting/StackTrace.cs:35)
UnityEngine.DebugLogHandler:Internal_Log (UnityEngine.LogType,UnityEngine.LogOption,string,UnityEngine.Object)
UnityEngine.DebugLogHandler:LogFormat (UnityEngine.LogType,UnityEngine.Object,string,object[]) (at /Users/bokken/build/output/unity/unity/Runtime/Export/Logging/DebugLogHandler.cs:9)
UnityEngine.Logger:Log (UnityEngine.LogType,object) (at /Users/bokken/build/output/unity/unity/Runtime/Export/Logging/Logger.cs:60)
UnityEngine.Debug:Log (object) (at /Users/bokken/build/output/unity/unity/Runtime/Export/Debug/Debug.bindings.cs:123)
Tide.App.T0CaseThreadSmoke:Require (bool,string) (at /private/tmp/t0-case-thread-p1-native-20260910/build-project/Assets/_Project/App/T0GameSession.cs:304)
Tide.App.T0CaseThreadSmoke:GenericGuidance (UnityEngine.UI.Text,string) (at /private/tmp/t0-case-thread-p1-native-20260910/build-project/Assets/_Project/App/T0GameSession.cs:358)
Tide.App.T0CaseThreadSmoke/<Inspect>d__23:MoveNext () (at /private/tmp/t0-case-thread-p1-native-20260910/build-project/Assets/_Project/App/T0GameSession.cs:368)
Tide.App.T0CaseThreadSmoke/<Start>d__11:MoveNext () (at /private/tmp/t0-case-thread-p1-native-20260910/build-project/Assets/_Project/App/T0GameSession.cs:295)
UnityEngine.SetupCoroutine:InvokeMoveNext (System.Collections.IEnumerator,intptr) (at /Users/bokken/build/output/unity/unity/Runtime/Export/Scripting/Coroutines.cs:17)

(Filename: /Users/bokken/build/output/unity/unity/Runtime/Export/Debug/Debug.bindings.cs Line: 123)

T0_CASE_THREAD_CHECK post-b2-0-of-2: no disclosure of rec-handover-brief
UnityEngine.Debug:ExtractStackTraceNoAlloc (byte*,int,string)
UnityEngine.StackTraceUtility:ExtractStackTrace () (at /Users/bokken/build/output/unity/unity/Runtime/Export/Scripting/StackTrace.cs:35)
UnityEngine.DebugLogHandler:Internal_Log (UnityEngine.LogType,UnityEngine.LogOption,string,UnityEngine.Object)
UnityEngine.DebugLogHandler:LogFormat (UnityEngine.LogType,UnityEngine.Object,string,object[]) (at /Users/bokken/build/output/unity/unity/Runtime/Export/Logging/DebugLogHandler.cs:9)
UnityEngine.Logger:Log (UnityEngine.LogType,object) (at /Users/bokken/build/output/unity/unity/Runtime/Export/Logging/Logger.cs:60)
UnityEngine.Debug:Log (object) (at /Users/bokken/build/output/unity/unity/Runtime/Export/Debug/Debug.bindings.cs:123)
Tide.App.T0CaseThreadSmoke:Require (bool,string) (at /private/tmp/t0-case-thread-p1-native-20260910/build-project/Assets/_Project/App/T0GameSession.cs:304)
Tide.App.T0CaseThreadSmoke:GenericGuidance (UnityEngine.UI.Text,string) (at /private/tmp/t0-case-thread-p1-native-20260910/build-project/Assets/_Project/App/T0GameSession.cs:359)
Tide.App.T0CaseThreadSmoke/<Inspect>d__23:MoveNext () (at /private/tmp/t0-case-thread-p1-native-20260910/build-project/Assets/_Project/App/T0GameSession.cs:368)
Tide.App.T0CaseThreadSmoke/<Start>d__11:MoveNext () (at /private/tmp/t0-case-thread-p1-native-20260910/build-project/Assets/_Project/App/T0GameSession.cs:295)
UnityEngine.SetupCoroutine:InvokeMoveNext (System.Collections.IEnumerator,intptr) (at /Users/bokken/build/output/unity/unity/Runtime/Export/Scripting/Coroutines.cs:17)

(Filename: /Users/bokken/build/output/unity/unity/Runtime/Export/Debug/Debug.bindings.cs Line: 123)

T0_CASE_THREAD_CHECK post-b2-0-of-2: no disclosure of rec-plate-standard-hub
UnityEngine.Debug:ExtractStackTraceNoAlloc (byte*,int,string)
UnityEngine.StackTraceUtility:ExtractStackTrace () (at /Users/bokken/build/output/unity/unity/Runtime/Export/Scripting/StackTrace.cs:35)
UnityEngine.DebugLogHandler:Internal_Log (UnityEngine.LogType,UnityEngine.LogOption,string,UnityEngine.Object)
UnityEngine.DebugLogHandler:LogFormat (UnityEngine.LogType,UnityEngine.Object,string,object[]) (at /Users/bokken/build/output/unity/unity/Runtime/Export/Logging/DebugLogHandler.cs:9)
UnityEngine.Logger:Log (UnityEngine.LogType,object) (at /Users/bokken/build/output/unity/unity/Runtime/Export/Logging/Logger.cs:60)
UnityEngine.Debug:Log (object) (at /Users/bokken/build/output/unity/unity/Runtime/Export/Debug/Debug.bindings.cs:123)
Tide.App.T0CaseThreadSmoke:Require (bool,string) (at /private/tmp/t0-case-thread-p1-native-20260910/build-project/Assets/_Project/App/T0GameSession.cs:304)
Tide.App.T0CaseThreadSmoke:GenericGuidance (UnityEngine.UI.Text,string) (at /private/tmp/t0-case-thread-p1-native-20260910/build-project/Assets/_Project/App/T0GameSession.cs:359)
Tide.App.T0CaseThreadSmoke/<Inspect>d__23:MoveNext () (at /private/tmp/t0-case-thread-p1-native-20260910/build-project/Assets/_Project/App/T0GameSession.cs:368)
Tide.App.T0CaseThreadSmoke/<Start>d__11:MoveNext () (at /private/tmp/t0-case-thread-p1-native-20260910/build-project/Assets/_Project/App/T0GameSession.cs:295)
UnityEngine.SetupCoroutine:InvokeMoveNext (System.Collections.IEnumerator,intptr) (at /Users/bokken/build/output/unity/unity/Runtime/Export/Scripting/Coroutines.cs:17)

(Filename: /Users/bokken/build/output/unity/unity/Runtime/Export/Debug/Debug.bindings.cs Line: 123)

T0_CASE_THREAD_CHECK post-b2-0-of-2: no disclosure of rec-tide-ledger-bureau
UnityEngine.Debug:ExtractStackTraceNoAlloc (byte*,int,string)
UnityEngine.StackTraceUtility:ExtractStackTrace () (at /Users/bokken/build/output/unity/unity/Runtime/Export/Scripting/StackTrace.cs:35)
UnityEngine.DebugLogHandler:Internal_Log (UnityEngine.LogType,UnityEngine.LogOption,string,UnityEngine.Object)
UnityEngine.DebugLogHandler:LogFormat (UnityEngine.LogType,UnityEngine.Object,string,object[]) (at /Users/bokken/build/output/unity/unity/Runtime/Export/Logging/DebugLogHandler.cs:9)
UnityEngine.Logger:Log (UnityEngine.LogType,object) (at /Users/bokken/build/output/unity/unity/Runtime/Export/Logging/Logger.cs:60)
UnityEngine.Debug:Log (object) (at /Users/bokken/build/output/unity/unity/Runtime/Export/Debug/Debug.bindings.cs:123)
Tide.App.T0CaseThreadSmoke:Require (bool,string) (at /private/tmp/t0-case-thread-p1-native-20260910/build-project/Assets/_Project/App/T0GameSession.cs:304)
Tide.App.T0CaseThreadSmoke:GenericGuidance (UnityEngine.UI.Text,string) (at /private/tmp/t0-case-thread-p1-native-20260910/build-project/Assets/_Project/App/T0GameSession.cs:359)
Tide.App.T0CaseThreadSmoke/<Inspect>d__23:MoveNext () (at /private/tmp/t0-case-thread-p1-native-20260910/build-project/Assets/_Project/App/T0GameSession.cs:368)
Tide.App.T0CaseThreadSmoke/<Start>d__11:MoveNext () (at /private/tmp/t0-case-thread-p1-native-20260910/build-project/Assets/_Project/App/T0GameSession.cs:295)
UnityEngine.SetupCoroutine:InvokeMoveNext (System.Collections.IEnumerator,intptr) (at /Users/bokken/build/output/unity/unity/Runtime/Export/Scripting/Coroutines.cs:17)

(Filename: /Users/bokken/build/output/unity/unity/Runtime/Export/Debug/Debug.bindings.cs Line: 123)

T0_CASE_THREAD_CHECK post-b2-0-of-2: no disclosure of rec-transfer-list
UnityEngine.Debug:ExtractStackTraceNoAlloc (byte*,int,string)
UnityEngine.StackTraceUtility:ExtractStackTrace () (at /Users/bokken/build/output/unity/unity/Runtime/Export/Scripting/StackTrace.cs:35)
UnityEngine.DebugLogHandler:Internal_Log (UnityEngine.LogType,UnityEngine.LogOption,string,UnityEngine.Object)
UnityEngine.DebugLogHandler:LogFormat (UnityEngine.LogType,UnityEngine.Object,string,object[]) (at /Users/bokken/build/output/unity/unity/Runtime/Export/Logging/DebugLogHandler.cs:9)
UnityEngine.Logger:Log (UnityEngine.LogType,object) (at /Users/bokken/build/output/unity/unity/Runtime/Export/Logging/Logger.cs:60)
UnityEngine.Debug:Log (object) (at /Users/bokken/build/output/unity/unity/Runtime/Export/Debug/Debug.bindings.cs:123)
Tide.App.T0CaseThreadSmoke:Require (bool,string) (at /private/tmp/t0-case-thread-p1-native-20260910/build-project/Assets/_Project/App/T0GameSession.cs:304)
Tide.App.T0CaseThreadSmoke:GenericGuidance (UnityEngine.UI.Text,string) (at /private/tmp/t0-case-thread-p1-native-20260910/build-project/Assets/_Project/App/T0GameSession.cs:359)
Tide.App.T0CaseThreadSmoke/<Inspect>d__23:MoveNext () (at /private/tmp/t0-case-thread-p1-native-20260910/build-project/Assets/_Project/App/T0GameSession.cs:368)
Tide.App.T0CaseThreadSmoke/<Start>d__11:MoveNext () (at /private/tmp/t0-case-thread-p1-native-20260910/build-project/Assets/_Project/App/T0GameSession.cs:295)
UnityEngine.SetupCoroutine:InvokeMoveNext (System.Collections.IEnumerator,intptr) (at /Users/bokken/build/output/unity/unity/Runtime/Export/Scripting/Coroutines.cs:17)

(Filename: /Users/bokken/build/output/unity/unity/Runtime/Export/Debug/Debug.bindings.cs Line: 123)

T0_CASE_THREAD_CHECK post-b2-0-of-2: no disclosure of rec-watchlog-bureau
UnityEngine.Debug:ExtractStackTraceNoAlloc (byte*,int,string)
UnityEngine.StackTraceUtility:ExtractStackTrace () (at /Users/bokken/build/output/unity/unity/Runtime/Export/Scripting/StackTrace.cs:35)
UnityEngine.DebugLogHandler:Internal_Log (UnityEngine.LogType,UnityEngine.LogOption,string,UnityEngine.Object)
UnityEngine.DebugLogHandler:LogFormat (UnityEngine.LogType,UnityEngine.Object,string,object[]) (at /Users/bokken/build/output/unity/unity/Runtime/Export/Logging/DebugLogHandler.cs:9)
UnityEngine.Logger:Log (UnityEngine.LogType,object) (at /Users/bokken/build/output/unity/unity/Runtime/Export/Logging/Logger.cs:60)
UnityEngine.Debug:Log (object) (at /Users/bokken/build/output/unity/unity/Runtime/Export/Debug/Debug.bindings.cs:123)
Tide.App.T0CaseThreadSmoke:Require (bool,string) (at /private/tmp/t0-case-thread-p1-native-20260910/build-project/Assets/_Project/App/T0GameSession.cs:304)
Tide.App.T0CaseThreadSmoke:GenericGuidance (UnityEngine.UI.Text,string) (at /private/tmp/t0-case-thread-p1-native-20260910/build-project/Assets/_Project/App/T0GameSession.cs:359)
Tide.App.T0CaseThreadSmoke/<Inspect>d__23:MoveNext () (at /private/tmp/t0-case-thread-p1-native-20260910/build-project/Assets/_Project/App/T0GameSession.cs:368)
Tide.App.T0CaseThreadSmoke/<Start>d__11:MoveNext () (at /private/tmp/t0-case-thread-p1-native-20260910/build-project/Assets/_Project/App/T0GameSession.cs:295)
UnityEngine.SetupCoroutine:InvokeMoveNext (System.Collections.IEnumerator,intptr) (at /Users/bokken/build/output/unity/unity/Runtime/Export/Scripting/Coroutines.cs:17)

(Filename: /Users/bokken/build/output/unity/unity/Runtime/Export/Debug/Debug.bindings.cs Line: 123)

T0_CASE_THREAD_CHECK post-b2-0-of-2: no disclosure of 근무 규정 필사본
UnityEngine.Debug:ExtractStackTraceNoAlloc (byte*,int,string)
UnityEngine.StackTraceUtility:ExtractStackTrace () (at /Users/bokken/build/output/unity/unity/Runtime/Export/Scripting/StackTrace.cs:35)
UnityEngine.DebugLogHandler:Internal_Log (UnityEngine.LogType,UnityEngine.LogOption,string,UnityEngine.Object)
UnityEngine.DebugLogHandler:LogFormat (UnityEngine.LogType,UnityEngine.Object,string,object[]) (at /Users/bokken/build/output/unity/unity/Runtime/Export/Logging/DebugLogHandler.cs:9)
UnityEngine.Logger:Log (UnityEngine.LogType,object) (at /Users/bokken/build/output/unity/unity/Runtime/Export/Logging/Logger.cs:60)
UnityEngine.Debug:Log (object) (at /Users/bokken/build/output/unity/unity/Runtime/Export/Debug/Debug.bindings.cs:123)
Tide.App.T0CaseThreadSmoke:Require (bool,string) (at /private/tmp/t0-case-thread-p1-native-20260910/build-project/Assets/_Project/App/T0GameSession.cs:304)
Tide.App.T0CaseThreadSmoke:GenericGuidance (UnityEngine.UI.Text,string) (at /private/tmp/t0-case-thread-p1-native-20260910/build-project/Assets/_Project/App/T0GameSession.cs:359)
Tide.App.T0CaseThreadSmoke/<Inspect>d__23:MoveNext () (at /private/tmp/t0-case-thread-p1-native-20260910/build-project/Assets/_Project/App/T0GameSession.cs:368)
Tide.App.T0CaseThreadSmoke/<Start>d__11:MoveNext () (at /private/tmp/t0-case-thread-p1-native-20260910/build-project/Assets/_Project/App/T0GameSession.cs:295)
UnityEngine.SetupCoroutine:InvokeMoveNext (System.Collections.IEnumerator,intptr) (at /Users/bokken/build/output/unity/unity/Runtime/Export/Scripting/Coroutines.cs:17)

(Filename: /Users/bokken/build/output/unity/unity/Runtime/Export/Debug/Debug.bindings.cs Line: 123)

T0_CASE_THREAD_CHECK post-b2-0-of-2: no disclosure of 기록국 조위대장
UnityEngine.Debug:ExtractStackTraceNoAlloc (byte*,int,string)
UnityEngine.StackTraceUtility:ExtractStackTrace () (at /Users/bokken/build/output/unity/unity/Runtime/Export/Scripting/StackTrace.cs:35)
UnityEngine.DebugLogHandler:Internal_Log (UnityEngine.LogType,UnityEngine.LogOption,string,UnityEngine.Object)
UnityEngine.DebugLogHandler:LogFormat (UnityEngine.LogType,UnityEngine.Object,string,object[]) (at /Users/bokken/build/output/unity/unity/Runtime/Export/Logging/DebugLogHandler.cs:9)
UnityEngine.Logger:Log (UnityEngine.LogType,object) (at /Users/bokken/build/output/unity/unity/Runtime/Export/Logging/Logger.cs:60)
UnityEngine.Debug:Log (object) (at /Users/bokken/build/output/unity/unity/Runtime/Export/Debug/Debug.bindings.cs:123)
Tide.App.T0CaseThreadSmoke:Require (bool,string) (at /private/tmp/t0-case-thread-p1-native-20260910/build-project/Assets/_Project/App/T0GameSession.cs:304)
Tide.App.T0CaseThreadSmoke:GenericGuidance (UnityEngine.UI.Text,string) (at /private/tmp/t0-case-thread-p1-native-20260910/build-project/Assets/_Project/App/T0GameSession.cs:359)
Tide.App.T0CaseThreadSmoke/<Inspect>d__23:MoveNext () (at /private/tmp/t0-case-thread-p1-native-20260910/build-project/Assets/_Project/App/T0GameSession.cs:368)
Tide.App.T0CaseThreadSmoke/<Start>d__11:MoveNext () (at /private/tmp/t0-case-thread-p1-native-20260910/build-project/Assets/_Project/App/T0GameSession.cs:295)
UnityEngine.SetupCoroutine:InvokeMoveNext (System.Collections.IEnumerator,intptr) (at /Users/bokken/build/output/unity/unity/Runtime/Export/Scripting/Coroutines.cs:17)

(Filename: /Users/bokken/build/output/unity/unity/Runtime/Export/Debug/Debug.bindings.cs Line: 123)

T0_CASE_THREAD_CHECK post-b2-0-of-2: no disclosure of 당직실 표준판
UnityEngine.Debug:ExtractStackTraceNoAlloc (byte*,int,string)
UnityEngine.StackTraceUtility:ExtractStackTrace () (at /Users/bokken/build/output/unity/unity/Runtime/Export/Scripting/StackTrace.cs:35)
UnityEngine.DebugLogHandler:Internal_Log (UnityEngine.LogType,UnityEngine.LogOption,string,UnityEngine.Object)
UnityEngine.DebugLogHandler:LogFormat (UnityEngine.LogType,UnityEngine.Object,string,object[]) (at /Users/bokken/build/output/unity/unity/Runtime/Export/Logging/DebugLogHandler.cs:9)
UnityEngine.Logger:Log (UnityEngine.LogType,object) (at /Users/bokken/build/output/unity/unity/Runtime/Export/Logging/Logger.cs:60)
UnityEngine.Debug:Log (object) (at /Users/bokken/build/output/unity/unity/Runtime/Export/Debug/Debug.bindings.cs:123)
Tide.App.T0CaseThreadSmoke:Require (bool,string) (at /private/tmp/t0-case-thread-p1-native-20260910/build-project/Assets/_Project/App/T0GameSession.cs:304)
Tide.App.T0CaseThreadSmoke:GenericGuidance (UnityEngine.UI.Text,string) (at /private/tmp/t0-case-thread-p1-native-20260910/build-project/Assets/_Project/App/T0GameSession.cs:359)
Tide.App.T0CaseThreadSmoke/<Inspect>d__23:MoveNext () (at /private/tmp/t0-case-thread-p1-native-20260910/build-project/Assets/_Project/App/T0GameSession.cs:368)
Tide.App.T0CaseThreadSmoke/<Start>d__11:MoveNext () (at /private/tmp/t0-case-thread-p1-native-20260910/build-project/Assets/_Project/App/T0GameSession.cs:295)
UnityEngine.SetupCoroutine:InvokeMoveNext (System.Collections.IEnumerator,intptr) (at /Users/bokken/build/output/unity/unity/Runtime/Export/Scripting/Coroutines.cs:17)

(Filename: /Users/bokken/build/output/unity/unity/Runtime/Export/Debug/Debug.bindings.cs Line: 123)

T0_CASE_THREAD_CHECK post-b2-0-of-2: no disclosure of 이관 목록
UnityEngine.Debug:ExtractStackTraceNoAlloc (byte*,int,string)
UnityEngine.StackTraceUtility:ExtractStackTrace () (at /Users/bokken/build/output/unity/unity/Runtime/Export/Scripting/StackTrace.cs:35)
UnityEngine.DebugLogHandler:Internal_Log (UnityEngine.LogType,UnityEngine.LogOption,string,UnityEngine.Object)
UnityEngine.DebugLogHandler:LogFormat (UnityEngine.LogType,UnityEngine.Object,string,object[]) (at /Users/bokken/build/output/unity/unity/Runtime/Export/Logging/DebugLogHandler.cs:9)
UnityEngine.Logger:Log (UnityEngine.LogType,object) (at /Users/bokken/build/output/unity/unity/Runtime/Export/Logging/Logger.cs:60)
UnityEngine.Debug:Log (object) (at /Users/bokken/build/output/unity/unity/Runtime/Export/Debug/Debug.bindings.cs:123)
Tide.App.T0CaseThreadSmoke:Require (bool,string) (at /private/tmp/t0-case-thread-p1-native-20260910/build-project/Assets/_Project/App/T0GameSession.cs:304)
Tide.App.T0CaseThreadSmoke:GenericGuidance (UnityEngine.UI.Text,string) (at /private/tmp/t0-case-thread-p1-native-20260910/build-project/Assets/_Project/App/T0GameSession.cs:359)
Tide.App.T0CaseThreadSmoke/<Inspect>d__23:MoveNext () (at /private/tmp/t0-case-thread-p1-native-20260910/build-project/Assets/_Project/App/T0GameSession.cs:368)
Tide.App.T0CaseThreadSmoke/<Start>d__11:MoveNext () (at /private/tmp/t0-case-thread-p1-native-20260910/build-project/Assets/_Project/App/T0GameSession.cs:295)
UnityEngine.SetupCoroutine:InvokeMoveNext (System.Collections.IEnumerator,intptr) (at /Users/bokken/build/output/unity/unity/Runtime/Export/Scripting/Coroutines.cs:17)

(Filename: /Users/bokken/build/output/unity/unity/Runtime/Export/Debug/Debug.bindings.cs Line: 123)

T0_CASE_THREAD_CHECK post-b2-0-of-2: no disclosure of 인수 각서
UnityEngine.Debug:ExtractStackTraceNoAlloc (byte*,int,string)
UnityEngine.StackTraceUtility:ExtractStackTrace () (at /Users/bokken/build/output/unity/unity/Runtime/Export/Scripting/StackTrace.cs:35)
UnityEngine.DebugLogHandler:Internal_Log (UnityEngine.LogType,UnityEngine.LogOption,string,UnityEngine.Object)
UnityEngine.DebugLogHandler:LogFormat (UnityEngine.LogType,UnityEngine.Object,string,object[]) (at /Users/bokken/build/output/unity/unity/Runtime/Export/Logging/DebugLogHandler.cs:9)
UnityEngine.Logger:Log (UnityEngine.LogType,object) (at /Users/bokken/build/output/unity/unity/Runtime/Export/Logging/Logger.cs:60)
UnityEngine.Debug:Log (object) (at /Users/bokken/build/output/unity/unity/Runtime/Export/Debug/Debug.bindings.cs:123)
Tide.App.T0CaseThreadSmoke:Require (bool,string) (at /private/tmp/t0-case-thread-p1-native-20260910/build-project/Assets/_Project/App/T0GameSession.cs:304)
Tide.App.T0CaseThreadSmoke:GenericGuidance (UnityEngine.UI.Text,string) (at /private/tmp/t0-case-thread-p1-native-20260910/build-project/Assets/_Project/App/T0GameSession.cs:359)
Tide.App.T0CaseThreadSmoke/<Inspect>d__23:MoveNext () (at /private/tmp/t0-case-thread-p1-native-20260910/build-project/Assets/_Project/App/T0GameSession.cs:368)
Tide.App.T0CaseThreadSmoke/<Start>d__11:MoveNext () (at /private/tmp/t0-case-thread-p1-native-20260910/build-project/Assets/_Project/App/T0GameSession.cs:295)
UnityEngine.SetupCoroutine:InvokeMoveNext (System.Collections.IEnumerator,intptr) (at /Users/bokken/build/output/unity/unity/Runtime/Export/Scripting/Coroutines.cs:17)

(Filename: /Users/bokken/build/output/unity/unity/Runtime/Export/Debug/Debug.bindings.cs Line: 123)

T0_CASE_THREAD_CHECK post-b2-0-of-2: no disclosure of 원판
UnityEngine.Debug:ExtractStackTraceNoAlloc (byte*,int,string)
UnityEngine.StackTraceUtility:ExtractStackTrace () (at /Users/bokken/build/output/unity/unity/Runtime/Export/Scripting/StackTrace.cs:35)
UnityEngine.DebugLogHandler:Internal_Log (UnityEngine.LogType,UnityEngine.LogOption,string,UnityEngine.Object)
UnityEngine.DebugLogHandler:LogFormat (UnityEngine.LogType,UnityEngine.Object,string,object[]) (at /Users/bokken/build/output/unity/unity/Runtime/Export/Logging/DebugLogHandler.cs:9)
UnityEngine.Logger:Log (UnityEngine.LogType,object) (at /Users/bokken/build/output/unity/unity/Runtime/Export/Logging/Logger.cs:60)
UnityEngine.Debug:Log (object) (at /Users/bokken/build/output/unity/unity/Runtime/Export/Debug/Debug.bindings.cs:123)
Tide.App.T0CaseThreadSmoke:Require (bool,string) (at /private/tmp/t0-case-thread-p1-native-20260910/build-project/Assets/_Project/App/T0GameSession.cs:304)
Tide.App.T0CaseThreadSmoke:GenericGuidance (UnityEngine.UI.Text,string) (at /private/tmp/t0-case-thread-p1-native-20260910/build-project/Assets/_Project/App/T0GameSession.cs:359)
Tide.App.T0CaseThreadSmoke/<Inspect>d__23:MoveNext () (at /private/tmp/t0-case-thread-p1-native-20260910/build-project/Assets/_Project/App/T0GameSession.cs:368)
Tide.App.T0CaseThreadSmoke/<Start>d__11:MoveNext () (at /private/tmp/t0-case-thread-p1-native-20260910/build-project/Assets/_Project/App/T0GameSession.cs:295)
UnityEngine.SetupCoroutine:InvokeMoveNext (System.Collections.IEnumerator,intptr) (at /Users/bokken/build/output/unity/unity/Runtime/Export/Scripting/Coroutines.cs:17)

(Filename: /Users/bokken/build/output/unity/unity/Runtime/Export/Debug/Debug.bindings.cs Line: 123)

T0_CASE_THREAD_CHECK post-b2-0-of-2: no disclosure of 장부
UnityEngine.Debug:ExtractStackTraceNoAlloc (byte*,int,string)
UnityEngine.StackTraceUtility:ExtractStackTrace () (at /Users/bokken/build/output/unity/unity/Runtime/Export/Scripting/StackTrace.cs:35)
UnityEngine.DebugLogHandler:Internal_Log (UnityEngine.LogType,UnityEngine.LogOption,string,UnityEngine.Object)
UnityEngine.DebugLogHandler:LogFormat (UnityEngine.LogType,UnityEngine.Object,string,object[]) (at /Users/bokken/build/output/unity/unity/Runtime/Export/Logging/DebugLogHandler.cs:9)
UnityEngine.Logger:Log (UnityEngine.LogType,object) (at /Users/bokken/build/output/unity/unity/Runtime/Export/Logging/Logger.cs:60)
UnityEngine.Debug:Log (object) (at /Users/bokken/build/output/unity/unity/Runtime/Export/Debug/Debug.bindings.cs:123)
Tide.App.T0CaseThreadSmoke:Require (bool,string) (at /private/tmp/t0-case-thread-p1-native-20260910/build-project/Assets/_Project/App/T0GameSession.cs:304)
Tide.App.T0CaseThreadSmoke:GenericGuidance (UnityEngine.UI.Text,string) (at /private/tmp/t0-case-thread-p1-native-20260910/build-project/Assets/_Project/App/T0GameSession.cs:359)
Tide.App.T0CaseThreadSmoke/<Inspect>d__23:MoveNext () (at /private/tmp/t0-case-thread-p1-native-20260910/build-project/Assets/_Project/App/T0GameSession.cs:368)
Tide.App.T0CaseThreadSmoke/<Start>d__11:MoveNext () (at /private/tmp/t0-case-thread-p1-native-20260910/build-project/Assets/_Project/App/T0GameSession.cs:295)
UnityEngine.SetupCoroutine:InvokeMoveNext (System.Collections.IEnumerator,intptr) (at /Users/bokken/build/output/unity/unity/Runtime/Export/Scripting/Coroutines.cs:17)

(Filename: /Users/bokken/build/output/unity/unity/Runtime/Export/Debug/Debug.bindings.cs Line: 123)

T0_CASE_THREAD_CHECK post-b2-0-of-2: no disclosure of 당직일지
UnityEngine.Debug:ExtractStackTraceNoAlloc (byte*,int,string)
UnityEngine.StackTraceUtility:ExtractStackTrace () (at /Users/bokken/build/output/unity/unity/Runtime/Export/Scripting/StackTrace.cs:35)
UnityEngine.DebugLogHandler:Internal_Log (UnityEngine.LogType,UnityEngine.LogOption,string,UnityEngine.Object)
UnityEngine.DebugLogHandler:LogFormat (UnityEngine.LogType,UnityEngine.Object,string,object[]) (at /Users/bokken/build/output/unity/unity/Runtime/Export/Logging/DebugLogHandler.cs:9)
UnityEngine.Logger:Log (UnityEngine.LogType,object) (at /Users/bokken/build/output/unity/unity/Runtime/Export/Logging/Logger.cs:60)
UnityEngine.Debug:Log (object) (at /Users/bokken/build/output/unity/unity/Runtime/Export/Debug/Debug.bindings.cs:123)
Tide.App.T0CaseThreadSmoke:Require (bool,string) (at /private/tmp/t0-case-thread-p1-native-20260910/build-project/Assets/_Project/App/T0GameSession.cs:304)
Tide.App.T0CaseThreadSmoke:GenericGuidance (UnityEngine.UI.Text,string) (at /private/tmp/t0-case-thread-p1-native-20260910/build-project/Assets/_Project/App/T0GameSession.cs:359)
Tide.App.T0CaseThreadSmoke/<Inspect>d__23:MoveNext () (at /private/tmp/t0-case-thread-p1-native-20260910/build-project/Assets/_Project/App/T0GameSession.cs:368)
Tide.App.T0CaseThreadSmoke/<Start>d__11:MoveNext () (at /private/tmp/t0-case-thread-p1-native-20260910/build-project/Assets/_Project/App/T0GameSession.cs:295)
UnityEngine.SetupCoroutine:InvokeMoveNext (System.Collections.IEnumerator,intptr) (at /Users/bokken/build/output/unity/unity/Runtime/Export/Scripting/Coroutines.cs:17)

(Filename: /Users/bokken/build/output/unity/unity/Runtime/Export/Debug/Debug.bindings.cs Line: 123)

T0_CASE_THREAD_CHECK post-b2-0-of-2: no disclosure of H-1
UnityEngine.Debug:ExtractStackTraceNoAlloc (byte*,int,string)
UnityEngine.StackTraceUtility:ExtractStackTrace () (at /Users/bokken/build/output/unity/unity/Runtime/Export/Scripting/StackTrace.cs:35)
UnityEngine.DebugLogHandler:Internal_Log (UnityEngine.LogType,UnityEngine.LogOption,string,UnityEngine.Object)
UnityEngine.DebugLogHandler:LogFormat (UnityEngine.LogType,UnityEngine.Object,string,object[]) (at /Users/bokken/build/output/unity/unity/Runtime/Export/Logging/DebugLogHandler.cs:9)
UnityEngine.Logger:Log (UnityEngine.LogType,object) (at /Users/bokken/build/output/unity/unity/Runtime/Export/Logging/Logger.cs:60)
UnityEngine.Debug:Log (object) (at /Users/bokken/build/output/unity/unity/Runtime/Export/Debug/Debug.bindings.cs:123)
Tide.App.T0CaseThreadSmoke:Require (bool,string) (at /private/tmp/t0-case-thread-p1-native-20260910/build-project/Assets/_Project/App/T0GameSession.cs:304)
Tide.App.T0CaseThreadSmoke:GenericGuidance (UnityEngine.UI.Text,string) (at /private/tmp/t0-case-thread-p1-native-20260910/build-project/Assets/_Project/App/T0GameSession.cs:359)
Tide.App.T0CaseThreadSmoke/<Inspect>d__23:MoveNext () (at /private/tmp/t0-case-thread-p1-native-20260910/build-project/Assets/_Project/App/T0GameSession.cs:368)
Tide.App.T0CaseThreadSmoke/<Start>d__11:MoveNext () (at /private/tmp/t0-case-thread-p1-native-20260910/build-project/Assets/_Project/App/T0GameSession.cs:295)
UnityEngine.SetupCoroutine:InvokeMoveNext (System.Collections.IEnumerator,intptr) (at /Users/bokken/build/output/unity/unity/Runtime/Export/Scripting/Coroutines.cs:17)

(Filename: /Users/bokken/build/output/unity/unity/Runtime/Export/Debug/Debug.bindings.cs Line: 123)

T0_CASE_THREAD_CHECK post-b2-0-of-2: no disclosure of H+3
UnityEngine.Debug:ExtractStackTraceNoAlloc (byte*,int,string)
UnityEngine.StackTraceUtility:ExtractStackTrace () (at /Users/bokken/build/output/unity/unity/Runtime/Export/Scripting/StackTrace.cs:35)
UnityEngine.DebugLogHandler:Internal_Log (UnityEngine.LogType,UnityEngine.LogOption,string,UnityEngine.Object)
UnityEngine.DebugLogHandler:LogFormat (UnityEngine.LogType,UnityEngine.Object,string,object[]) (at /Users/bokken/build/output/unity/unity/Runtime/Export/Logging/DebugLogHandler.cs:9)
UnityEngine.Logger:Log (UnityEngine.LogType,object) (at /Users/bokken/build/output/unity/unity/Runtime/Export/Logging/Logger.cs:60)
UnityEngine.Debug:Log (object) (at /Users/bokken/build/output/unity/unity/Runtime/Export/Debug/Debug.bindings.cs:123)
Tide.App.T0CaseThreadSmoke:Require (bool,string) (at /private/tmp/t0-case-thread-p1-native-20260910/build-project/Assets/_Project/App/T0GameSession.cs:304)
Tide.App.T0CaseThreadSmoke:GenericGuidance (UnityEngine.UI.Text,string) (at /private/tmp/t0-case-thread-p1-native-20260910/build-project/Assets/_Project/App/T0GameSession.cs:359)
Tide.App.T0CaseThreadSmoke/<Inspect>d__23:MoveNext () (at /private/tmp/t0-case-thread-p1-native-20260910/build-project/Assets/_Project/App/T0GameSession.cs:368)
Tide.App.T0CaseThreadSmoke/<Start>d__11:MoveNext () (at /private/tmp/t0-case-thread-p1-native-20260910/build-project/Assets/_Project/App/T0GameSession.cs:295)
UnityEngine.SetupCoroutine:InvokeMoveNext (System.Collections.IEnumerator,intptr) (at /Users/bokken/build/output/unity/unity/Runtime/Export/Scripting/Coroutines.cs:17)

(Filename: /Users/bokken/build/output/unity/unity/Runtime/Export/Debug/Debug.bindings.cs Line: 123)

T0_CASE_THREAD_CHECK post-b2-0-of-2: no disclosure of 단일 사고
UnityEngine.Debug:ExtractStackTraceNoAlloc (byte*,int,string)
UnityEngine.StackTraceUtility:ExtractStackTrace () (at /Users/bokken/build/output/unity/unity/Runtime/Export/Scripting/StackTrace.cs:35)
UnityEngine.DebugLogHandler:Internal_Log (UnityEngine.LogType,UnityEngine.LogOption,string,UnityEngine.Object)
UnityEngine.DebugLogHandler:LogFormat (UnityEngine.LogType,UnityEngine.Object,string,object[]) (at /Users/bokken/build/output/unity/unity/Runtime/Export/Logging/DebugLogHandler.cs:9)
UnityEngine.Logger:Log (UnityEngine.LogType,object) (at /Users/bokken/build/output/unity/unity/Runtime/Export/Logging/Logger.cs:60)
UnityEngine.Debug:Log (object) (at /Users/bokken/build/output/unity/unity/Runtime/Export/Debug/Debug.bindings.cs:123)
Tide.App.T0CaseThreadSmoke:Require (bool,string) (at /private/tmp/t0-case-thread-p1-native-20260910/build-project/Assets/_Project/App/T0GameSession.cs:304)
Tide.App.T0CaseThreadSmoke:GenericGuidance (UnityEngine.UI.Text,string) (at /private/tmp/t0-case-thread-p1-native-20260910/build-project/Assets/_Project/App/T0GameSession.cs:359)
Tide.App.T0CaseThreadSmoke/<Inspect>d__23:MoveNext () (at /private/tmp/t0-case-thread-p1-native-20260910/build-project/Assets/_Project/App/T0GameSession.cs:368)
Tide.App.T0CaseThreadSmoke/<Start>d__11:MoveNext () (at /private/tmp/t0-case-thread-p1-native-20260910/build-project/Assets/_Project/App/T0GameSession.cs:295)
UnityEngine.SetupCoroutine:InvokeMoveNext (System.Collections.IEnumerator,intptr) (at /Users/bokken/build/output/unity/unity/Runtime/Export/Scripting/Coroutines.cs:17)

(Filename: /Users/bokken/build/output/unity/unity/Runtime/Export/Debug/Debug.bindings.cs Line: 123)

T0_CASE_THREAD_CHECK post-b2-0-of-2: no disclosure of 유지 실패
UnityEngine.Debug:ExtractStackTraceNoAlloc (byte*,int,string)
UnityEngine.StackTraceUtility:ExtractStackTrace () (at /Users/bokken/build/output/unity/unity/Runtime/Export/Scripting/StackTrace.cs:35)
UnityEngine.DebugLogHandler:Internal_Log (UnityEngine.LogType,UnityEngine.LogOption,string,UnityEngine.Object)
UnityEngine.DebugLogHandler:LogFormat (UnityEngine.LogType,UnityEngine.Object,string,object[]) (at /Users/bokken/build/output/unity/unity/Runtime/Export/Logging/DebugLogHandler.cs:9)
UnityEngine.Logger:Log (UnityEngine.LogType,object) (at /Users/bokken/build/output/unity/unity/Runtime/Export/Logging/Logger.cs:60)
UnityEngine.Debug:Log (object) (at /Users/bokken/build/output/unity/unity/Runtime/Export/Debug/Debug.bindings.cs:123)
Tide.App.T0CaseThreadSmoke:Require (bool,string) (at /private/tmp/t0-case-thread-p1-native-20260910/build-project/Assets/_Project/App/T0GameSession.cs:304)
Tide.App.T0CaseThreadSmoke:GenericGuidance (UnityEngine.UI.Text,string) (at /private/tmp/t0-case-thread-p1-native-20260910/build-project/Assets/_Project/App/T0GameSession.cs:359)
Tide.App.T0CaseThreadSmoke/<Inspect>d__23:MoveNext () (at /private/tmp/t0-case-thread-p1-native-20260910/build-project/Assets/_Project/App/T0GameSession.cs:368)
Tide.App.T0CaseThreadSmoke/<Start>d__11:MoveNext () (at /private/tmp/t0-case-thread-p1-native-20260910/build-project/Assets/_Project/App/T0GameSession.cs:295)
UnityEngine.SetupCoroutine:InvokeMoveNext (System.Collections.IEnumerator,intptr) (at /Users/bokken/build/output/unity/unity/Runtime/Export/Scripting/Coroutines.cs:17)

(Filename: /Users/bokken/build/output/unity/unity/Runtime/Export/Debug/Debug.bindings.cs Line: 123)

T0_CASE_THREAD_CHECK post-b2-0-of-2: no disclosure of 서명 순서
UnityEngine.Debug:ExtractStackTraceNoAlloc (byte*,int,string)
UnityEngine.StackTraceUtility:ExtractStackTrace () (at /Users/bokken/build/output/unity/unity/Runtime/Export/Scripting/StackTrace.cs:35)
UnityEngine.DebugLogHandler:Internal_Log (UnityEngine.LogType,UnityEngine.LogOption,string,UnityEngine.Object)
UnityEngine.DebugLogHandler:LogFormat (UnityEngine.LogType,UnityEngine.Object,string,object[]) (at /Users/bokken/build/output/unity/unity/Runtime/Export/Logging/DebugLogHandler.cs:9)
UnityEngine.Logger:Log (UnityEngine.LogType,object) (at /Users/bokken/build/output/unity/unity/Runtime/Export/Logging/Logger.cs:60)
UnityEngine.Debug:Log (object) (at /Users/bokken/build/output/unity/unity/Runtime/Export/Debug/Debug.bindings.cs:123)
Tide.App.T0CaseThreadSmoke:Require (bool,string) (at /private/tmp/t0-case-thread-p1-native-20260910/build-project/Assets/_Project/App/T0GameSession.cs:304)
Tide.App.T0CaseThreadSmoke:GenericGuidance (UnityEngine.UI.Text,string) (at /private/tmp/t0-case-thread-p1-native-20260910/build-project/Assets/_Project/App/T0GameSession.cs:359)
Tide.App.T0CaseThreadSmoke/<Inspect>d__23:MoveNext () (at /private/tmp/t0-case-thread-p1-native-20260910/build-project/Assets/_Project/App/T0GameSession.cs:368)
Tide.App.T0CaseThreadSmoke/<Start>d__11:MoveNext () (at /private/tmp/t0-case-thread-p1-native-20260910/build-project/Assets/_Project/App/T0GameSession.cs:295)
UnityEngine.SetupCoroutine:InvokeMoveNext (System.Collections.IEnumerator,intptr) (at /Users/bokken/build/output/unity/unity/Runtime/Export/Scripting/Coroutines.cs:17)

(Filename: /Users/bokken/build/output/unity/unity/Runtime/Export/Debug/Debug.bindings.cs Line: 123)

T0_CASE_THREAD_CHECK post-b2-0-of-2: no disclosure of 책임 사슬
UnityEngine.Debug:ExtractStackTraceNoAlloc (byte*,int,string)
UnityEngine.StackTraceUtility:ExtractStackTrace () (at /Users/bokken/build/output/unity/unity/Runtime/Export/Scripting/StackTrace.cs:35)
UnityEngine.DebugLogHandler:Internal_Log (UnityEngine.LogType,UnityEngine.LogOption,string,UnityEngine.Object)
UnityEngine.DebugLogHandler:LogFormat (UnityEngine.LogType,UnityEngine.Object,string,object[]) (at /Users/bokken/build/output/unity/unity/Runtime/Export/Logging/DebugLogHandler.cs:9)
UnityEngine.Logger:Log (UnityEngine.LogType,object) (at /Users/bokken/build/output/unity/unity/Runtime/Export/Logging/Logger.cs:60)
UnityEngine.Debug:Log (object) (at /Users/bokken/build/output/unity/unity/Runtime/Export/Debug/Debug.bindings.cs:123)
Tide.App.T0CaseThreadSmoke:Require (bool,string) (at /private/tmp/t0-case-thread-p1-native-20260910/build-project/Assets/_Project/App/T0GameSession.cs:304)
Tide.App.T0CaseThreadSmoke:GenericGuidance (UnityEngine.UI.Text,string) (at /private/tmp/t0-case-thread-p1-native-20260910/build-project/Assets/_Project/App/T0GameSession.cs:359)
Tide.App.T0CaseThreadSmoke/<Inspect>d__23:MoveNext () (at /private/tmp/t0-case-thread-p1-native-20260910/build-project/Assets/_Project/App/T0GameSession.cs:368)
Tide.App.T0CaseThreadSmoke/<Start>d__11:MoveNext () (at /private/tmp/t0-case-thread-p1-native-20260910/build-project/Assets/_Project/App/T0GameSession.cs:295)
UnityEngine.SetupCoroutine:InvokeMoveNext (System.Collections.IEnumerator,intptr) (at /Users/bokken/build/output/unity/unity/Runtime/Export/Scripting/Coroutines.cs:17)

(Filename: /Users/bokken/build/output/unity/unity/Runtime/Export/Debug/Debug.bindings.cs Line: 123)

T0_CASE_THREAD_CHECK post-b2-0-of-2: no disclosure of offset-left
UnityEngine.Debug:ExtractStackTraceNoAlloc (byte*,int,string)
UnityEngine.StackTraceUtility:ExtractStackTrace () (at /Users/bokken/build/output/unity/unity/Runtime/Export/Scripting/StackTrace.cs:35)
UnityEngine.DebugLogHandler:Internal_Log (UnityEngine.LogType,UnityEngine.LogOption,string,UnityEngine.Object)
UnityEngine.DebugLogHandler:LogFormat (UnityEngine.LogType,UnityEngine.Object,string,object[]) (at /Users/bokken/build/output/unity/unity/Runtime/Export/Logging/DebugLogHandler.cs:9)
UnityEngine.Logger:Log (UnityEngine.LogType,object) (at /Users/bokken/build/output/unity/unity/Runtime/Export/Logging/Logger.cs:60)
UnityEngine.Debug:Log (object) (at /Users/bokken/build/output/unity/unity/Runtime/Export/Debug/Debug.bindings.cs:123)
Tide.App.T0CaseThreadSmoke:Require (bool,string) (at /private/tmp/t0-case-thread-p1-native-20260910/build-project/Assets/_Project/App/T0GameSession.cs:304)
Tide.App.T0CaseThreadSmoke:GenericGuidance (UnityEngine.UI.Text,string) (at /private/tmp/t0-case-thread-p1-native-20260910/build-project/Assets/_Project/App/T0GameSession.cs:359)
Tide.App.T0CaseThreadSmoke/<Inspect>d__23:MoveNext () (at /private/tmp/t0-case-thread-p1-native-20260910/build-project/Assets/_Project/App/T0GameSession.cs:368)
Tide.App.T0CaseThreadSmoke/<Start>d__11:MoveNext () (at /private/tmp/t0-case-thread-p1-native-20260910/build-project/Assets/_Project/App/T0GameSession.cs:295)
UnityEngine.SetupCoroutine:InvokeMoveNext (System.Collections.IEnumerator,intptr) (at /Users/bokken/build/output/unity/unity/Runtime/Export/Scripting/Coroutines.cs:17)

(Filename: /Users/bokken/build/output/unity/unity/Runtime/Export/Debug/Debug.bindings.cs Line: 123)

T0_CASE_THREAD_CHECK post-b2-0-of-2: no disclosure of offset-up
UnityEngine.Debug:ExtractStackTraceNoAlloc (byte*,int,string)
UnityEngine.StackTraceUtility:ExtractStackTrace () (at /Users/bokken/build/output/unity/unity/Runtime/Export/Scripting/StackTrace.cs:35)
UnityEngine.DebugLogHandler:Internal_Log (UnityEngine.LogType,UnityEngine.LogOption,string,UnityEngine.Object)
UnityEngine.DebugLogHandler:LogFormat (UnityEngine.LogType,UnityEngine.Object,string,object[]) (at /Users/bokken/build/output/unity/unity/Runtime/Export/Logging/DebugLogHandler.cs:9)
UnityEngine.Logger:Log (UnityEngine.LogType,object) (at /Users/bokken/build/output/unity/unity/Runtime/Export/Logging/Logger.cs:60)
UnityEngine.Debug:Log (object) (at /Users/bokken/build/output/unity/unity/Runtime/Export/Debug/Debug.bindings.cs:123)
Tide.App.T0CaseThreadSmoke:Require (bool,string) (at /private/tmp/t0-case-thread-p1-native-20260910/build-project/Assets/_Project/App/T0GameSession.cs:304)
Tide.App.T0CaseThreadSmoke:GenericGuidance (UnityEngine.UI.Text,string) (at /private/tmp/t0-case-thread-p1-native-20260910/build-project/Assets/_Project/App/T0GameSession.cs:359)
Tide.App.T0CaseThreadSmoke/<Inspect>d__23:MoveNext () (at /private/tmp/t0-case-thread-p1-native-20260910/build-project/Assets/_Project/App/T0GameSession.cs:368)
Tide.App.T0CaseThreadSmoke/<Start>d__11:MoveNext () (at /private/tmp/t0-case-thread-p1-native-20260910/build-project/Assets/_Project/App/T0GameSession.cs:295)
UnityEngine.SetupCoroutine:InvokeMoveNext (System.Collections.IEnumerator,intptr) (at /Users/bokken/build/output/unity/unity/Runtime/Export/Scripting/Coroutines.cs:17)

(Filename: /Users/bokken/build/output/unity/unity/Runtime/Export/Debug/Debug.bindings.cs Line: 123)

T0_CASE_THREAD_CHECK post-b2-0-of-2: no authored time window
UnityEngine.Debug:ExtractStackTraceNoAlloc (byte*,int,string)
UnityEngine.StackTraceUtility:ExtractStackTrace () (at /Users/bokken/build/output/unity/unity/Runtime/Export/Scripting/StackTrace.cs:35)
UnityEngine.DebugLogHandler:Internal_Log (UnityEngine.LogType,UnityEngine.LogOption,string,UnityEngine.Object)
UnityEngine.DebugLogHandler:LogFormat (UnityEngine.LogType,UnityEngine.Object,string,object[]) (at /Users/bokken/build/output/unity/unity/Runtime/Export/Logging/DebugLogHandler.cs:9)
UnityEngine.Logger:Log (UnityEngine.LogType,object) (at /Users/bokken/build/output/unity/unity/Runtime/Export/Logging/Logger.cs:60)
UnityEngine.Debug:Log (object) (at /Users/bokken/build/output/unity/unity/Runtime/Export/Debug/Debug.bindings.cs:123)
Tide.App.T0CaseThreadSmoke:Require (bool,string) (at /private/tmp/t0-case-thread-p1-native-20260910/build-project/Assets/_Project/App/T0GameSession.cs:304)
Tide.App.T0CaseThreadSmoke:GenericGuidance (UnityEngine.UI.Text,string) (at /private/tmp/t0-case-thread-p1-native-20260910/build-project/Assets/_Project/App/T0GameSession.cs:360)
Tide.App.T0CaseThreadSmoke/<Inspect>d__23:MoveNext () (at /private/tmp/t0-case-thread-p1-native-20260910/build-project/Assets/_Project/App/T0GameSession.cs:368)
Tide.App.T0CaseThreadSmoke/<Start>d__11:MoveNext () (at /private/tmp/t0-case-thread-p1-native-20260910/build-project/Assets/_Project/App/T0GameSession.cs:295)
UnityEngine.SetupCoroutine:InvokeMoveNext (System.Collections.IEnumerator,intptr) (at /Users/bokken/build/output/unity/unity/Runtime/Export/Scripting/Coroutines.cs:17)

(Filename: /Users/bokken/build/output/unity/unity/Runtime/Export/Debug/Debug.bindings.cs Line: 123)

T0_CASE_THREAD_CHECK post-b2-0-of-2: card text fits allocated height
UnityEngine.Debug:ExtractStackTraceNoAlloc (byte*,int,string)
UnityEngine.StackTraceUtility:ExtractStackTrace () (at /Users/bokken/build/output/unity/unity/Runtime/Export/Scripting/StackTrace.cs:35)
UnityEngine.DebugLogHandler:Internal_Log (UnityEngine.LogType,UnityEngine.LogOption,string,UnityEngine.Object)
UnityEngine.DebugLogHandler:LogFormat (UnityEngine.LogType,UnityEngine.Object,string,object[]) (at /Users/bokken/build/output/unity/unity/Runtime/Export/Logging/DebugLogHandler.cs:9)
UnityEngine.Logger:Log (UnityEngine.LogType,object) (at /Users/bokken/build/output/unity/unity/Runtime/Export/Logging/Logger.cs:60)
UnityEngine.Debug:Log (object) (at /Users/bokken/build/output/unity/unity/Runtime/Export/Debug/Debug.bindings.cs:123)
Tide.App.T0CaseThreadSmoke:Require (bool,string) (at /private/tmp/t0-case-thread-p1-native-20260910/build-project/Assets/_Project/App/T0GameSession.cs:304)
Tide.App.T0CaseThreadSmoke:GenericGuidance (UnityEngine.UI.Text,string) (at /private/tmp/t0-case-thread-p1-native-20260910/build-project/Assets/_Project/App/T0GameSession.cs:361)
Tide.App.T0CaseThreadSmoke/<Inspect>d__23:MoveNext () (at /private/tmp/t0-case-thread-p1-native-20260910/build-project/Assets/_Project/App/T0GameSession.cs:368)
Tide.App.T0CaseThreadSmoke/<Start>d__11:MoveNext () (at /private/tmp/t0-case-thread-p1-native-20260910/build-project/Assets/_Project/App/T0GameSession.cs:295)
UnityEngine.SetupCoroutine:InvokeMoveNext (System.Collections.IEnumerator,intptr) (at /Users/bokken/build/output/unity/unity/Runtime/Export/Scripting/Coroutines.cs:17)

(Filename: /Users/bokken/build/output/unity/unity/Runtime/Export/Debug/Debug.bindings.cs Line: 123)

T0_CASE_THREAD_CHECK post-b2-0-of-2: completion wording matches live state
UnityEngine.Debug:ExtractStackTraceNoAlloc (byte*,int,string)
UnityEngine.StackTraceUtility:ExtractStackTrace () (at /Users/bokken/build/output/unity/unity/Runtime/Export/Scripting/StackTrace.cs:35)
UnityEngine.DebugLogHandler:Internal_Log (UnityEngine.LogType,UnityEngine.LogOption,string,UnityEngine.Object)
UnityEngine.DebugLogHandler:LogFormat (UnityEngine.LogType,UnityEngine.Object,string,object[]) (at /Users/bokken/build/output/unity/unity/Runtime/Export/Logging/DebugLogHandler.cs:9)
UnityEngine.Logger:Log (UnityEngine.LogType,object) (at /Users/bokken/build/output/unity/unity/Runtime/Export/Logging/Logger.cs:60)
UnityEngine.Debug:Log (object) (at /Users/bokken/build/output/unity/unity/Runtime/Export/Debug/Debug.bindings.cs:123)
Tide.App.T0CaseThreadSmoke:Require (bool,string) (at /private/tmp/t0-case-thread-p1-native-20260910/build-project/Assets/_Project/App/T0GameSession.cs:304)
Tide.App.T0CaseThreadSmoke/<Inspect>d__23:MoveNext () (at /private/tmp/t0-case-thread-p1-native-20260910/build-project/Assets/_Project/App/T0GameSession.cs:369)
Tide.App.T0CaseThreadSmoke/<Start>d__11:MoveNext () (at /private/tmp/t0-case-thread-p1-native-20260910/build-project/Assets/_Project/App/T0GameSession.cs:295)
UnityEngine.SetupCoroutine:InvokeMoveNext (System.Collections.IEnumerator,intptr) (at /Users/bokken/build/output/unity/unity/Runtime/Export/Scripting/Coroutines.cs:17)

(Filename: /Users/bokken/build/output/unity/unity/Runtime/Export/Debug/Debug.bindings.cs Line: 123)

T0_CASE_THREAD_CHECK post-b2-0-of-2: live t0-b3 completion agrees
UnityEngine.Debug:ExtractStackTraceNoAlloc (byte*,int,string)
UnityEngine.StackTraceUtility:ExtractStackTrace () (at /Users/bokken/build/output/unity/unity/Runtime/Export/Scripting/StackTrace.cs:35)
UnityEngine.DebugLogHandler:Internal_Log (UnityEngine.LogType,UnityEngine.LogOption,string,UnityEngine.Object)
UnityEngine.DebugLogHandler:LogFormat (UnityEngine.LogType,UnityEngine.Object,string,object[]) (at /Users/bokken/build/output/unity/unity/Runtime/Export/Logging/DebugLogHandler.cs:9)
UnityEngine.Logger:Log (UnityEngine.LogType,object) (at /Users/bokken/build/output/unity/unity/Runtime/Export/Logging/Logger.cs:60)
UnityEngine.Debug:Log (object) (at /Users/bokken/build/output/unity/unity/Runtime/Export/Debug/Debug.bindings.cs:123)
Tide.App.T0CaseThreadSmoke:Require (bool,string) (at /private/tmp/t0-case-thread-p1-native-20260910/build-project/Assets/_Project/App/T0GameSession.cs:304)
Tide.App.T0CaseThreadSmoke/<Inspect>d__23:MoveNext () (at /private/tmp/t0-case-thread-p1-native-20260910/build-project/Assets/_Project/App/T0GameSession.cs:370)
Tide.App.T0CaseThreadSmoke/<Start>d__11:MoveNext () (at /private/tmp/t0-case-thread-p1-native-20260910/build-project/Assets/_Project/App/T0GameSession.cs:295)
UnityEngine.SetupCoroutine:InvokeMoveNext (System.Collections.IEnumerator,intptr) (at /Users/bokken/build/output/unity/unity/Runtime/Export/Scripting/Coroutines.cs:17)

(Filename: /Users/bokken/build/output/unity/unity/Runtime/Export/Debug/Debug.bindings.cs Line: 123)

T0_CASE_THREAD_CHECK post-b2-0-of-2: case thread is read-only and not a pointer target
UnityEngine.Debug:ExtractStackTraceNoAlloc (byte*,int,string)
UnityEngine.StackTraceUtility:ExtractStackTrace () (at /Users/bokken/build/output/unity/unity/Runtime/Export/Scripting/StackTrace.cs:35)
UnityEngine.DebugLogHandler:Internal_Log (UnityEngine.LogType,UnityEngine.LogOption,string,UnityEngine.Object)
UnityEngine.DebugLogHandler:LogFormat (UnityEngine.LogType,UnityEngine.Object,string,object[]) (at /Users/bokken/build/output/unity/unity/Runtime/Export/Logging/DebugLogHandler.cs:9)
UnityEngine.Logger:Log (UnityEngine.LogType,object) (at /Users/bokken/build/output/unity/unity/Runtime/Export/Logging/Logger.cs:60)
UnityEngine.Debug:Log (object) (at /Users/bokken/build/output/unity/unity/Runtime/Export/Debug/Debug.bindings.cs:123)
Tide.App.T0CaseThreadSmoke:Require (bool,string) (at /private/tmp/t0-case-thread-p1-native-20260910/build-project/Assets/_Project/App/T0GameSession.cs:304)
Tide.App.T0CaseThreadSmoke/<Inspect>d__23:MoveNext () (at /private/tmp/t0-case-thread-p1-native-20260910/build-project/Assets/_Project/App/T0GameSession.cs:371)
Tide.App.T0CaseThreadSmoke/<Start>d__11:MoveNext () (at /private/tmp/t0-case-thread-p1-native-20260910/build-project/Assets/_Project/App/T0GameSession.cs:295)
UnityEngine.SetupCoroutine:InvokeMoveNext (System.Collections.IEnumerator,intptr) (at /Users/bokken/build/output/unity/unity/Runtime/Export/Scripting/Coroutines.cs:17)

(Filename: /Users/bokken/build/output/unity/unity/Runtime/Export/Debug/Debug.bindings.cs Line: 123)

T0_CASE_THREAD_CHECK post-b2-0-of-2: card creates no puzzle action
UnityEngine.Debug:ExtractStackTraceNoAlloc (byte*,int,string)
UnityEngine.StackTraceUtility:ExtractStackTrace () (at /Users/bokken/build/output/unity/unity/Runtime/Export/Scripting/StackTrace.cs:35)
UnityEngine.DebugLogHandler:Internal_Log (UnityEngine.LogType,UnityEngine.LogOption,string,UnityEngine.Object)
UnityEngine.DebugLogHandler:LogFormat (UnityEngine.LogType,UnityEngine.Object,string,object[]) (at /Users/bokken/build/output/unity/unity/Runtime/Export/Logging/DebugLogHandler.cs:9)
UnityEngine.Logger:Log (UnityEngine.LogType,object) (at /Users/bokken/build/output/unity/unity/Runtime/Export/Logging/Logger.cs:60)
UnityEngine.Debug:Log (object) (at /Users/bokken/build/output/unity/unity/Runtime/Export/Debug/Debug.bindings.cs:123)
Tide.App.T0CaseThreadSmoke:Require (bool,string) (at /private/tmp/t0-case-thread-p1-native-20260910/build-project/Assets/_Project/App/T0GameSession.cs:304)
Tide.App.T0CaseThreadSmoke/<Inspect>d__23:MoveNext () (at /private/tmp/t0-case-thread-p1-native-20260910/build-project/Assets/_Project/App/T0GameSession.cs:372)
Tide.App.T0CaseThreadSmoke/<Start>d__11:MoveNext () (at /private/tmp/t0-case-thread-p1-native-20260910/build-project/Assets/_Project/App/T0GameSession.cs:295)
UnityEngine.SetupCoroutine:InvokeMoveNext (System.Collections.IEnumerator,intptr) (at /Users/bokken/build/output/unity/unity/Runtime/Export/Scripting/Coroutines.cs:17)

(Filename: /Users/bokken/build/output/unity/unity/Runtime/Export/Debug/Debug.bindings.cs Line: 123)

T0_CASE_THREAD_CHECK post-b2-0-of-2: repeated Render preserves journal, state, receipt count, pending flag and all save file bytes/timestamps
UnityEngine.Debug:ExtractStackTraceNoAlloc (byte*,int,string)
UnityEngine.StackTraceUtility:ExtractStackTrace () (at /Users/bokken/build/output/unity/unity/Runtime/Export/Scripting/StackTrace.cs:35)
UnityEngine.DebugLogHandler:Internal_Log (UnityEngine.LogType,UnityEngine.LogOption,string,UnityEngine.Object)
UnityEngine.DebugLogHandler:LogFormat (UnityEngine.LogType,UnityEngine.Object,string,object[]) (at /Users/bokken/build/output/unity/unity/Runtime/Export/Logging/DebugLogHandler.cs:9)
UnityEngine.Logger:Log (UnityEngine.LogType,object) (at /Users/bokken/build/output/unity/unity/Runtime/Export/Logging/Logger.cs:60)
UnityEngine.Debug:Log (object) (at /Users/bokken/build/output/unity/unity/Runtime/Export/Debug/Debug.bindings.cs:123)
Tide.App.T0CaseThreadSmoke:Require (bool,string) (at /private/tmp/t0-case-thread-p1-native-20260910/build-project/Assets/_Project/App/T0GameSession.cs:304)
Tide.App.T0CaseThreadSmoke/<Inspect>d__23:MoveNext () (at /private/tmp/t0-case-thread-p1-native-20260910/build-project/Assets/_Project/App/T0GameSession.cs:373)
Tide.App.T0CaseThreadSmoke/<Start>d__11:MoveNext () (at /private/tmp/t0-case-thread-p1-native-20260910/build-project/Assets/_Project/App/T0GameSession.cs:295)
UnityEngine.SetupCoroutine:InvokeMoveNext (System.Collections.IEnumerator,intptr) (at /Users/bokken/build/output/unity/unity/Runtime/Export/Scripting/Coroutines.cs:17)

(Filename: /Users/bokken/build/output/unity/unity/Runtime/Export/Debug/Debug.bindings.cs Line: 123)

T0_CASE_THREAD_CHECK post-b2-0-of-2: repeated Render preserves actions and keyboard focus
UnityEngine.Debug:ExtractStackTraceNoAlloc (byte*,int,string)
UnityEngine.StackTraceUtility:ExtractStackTrace () (at /Users/bokken/build/output/unity/unity/Runtime/Export/Scripting/StackTrace.cs:35)
UnityEngine.DebugLogHandler:Internal_Log (UnityEngine.LogType,UnityEngine.LogOption,string,UnityEngine.Object)
UnityEngine.DebugLogHandler:LogFormat (UnityEngine.LogType,UnityEngine.Object,string,object[]) (at /Users/bokken/build/output/unity/unity/Runtime/Export/Logging/DebugLogHandler.cs:9)
UnityEngine.Logger:Log (UnityEngine.LogType,object) (at /Users/bokken/build/output/unity/unity/Runtime/Export/Logging/Logger.cs:60)
UnityEngine.Debug:Log (object) (at /Users/bokken/build/output/unity/unity/Runtime/Export/Debug/Debug.bindings.cs:123)
Tide.App.T0CaseThreadSmoke:Require (bool,string) (at /private/tmp/t0-case-thread-p1-native-20260910/build-project/Assets/_Project/App/T0GameSession.cs:304)
Tide.App.T0CaseThreadSmoke/<Inspect>d__23:MoveNext () (at /private/tmp/t0-case-thread-p1-native-20260910/build-project/Assets/_Project/App/T0GameSession.cs:374)
Tide.App.T0CaseThreadSmoke/<Start>d__11:MoveNext () (at /private/tmp/t0-case-thread-p1-native-20260910/build-project/Assets/_Project/App/T0GameSession.cs:295)
UnityEngine.SetupCoroutine:InvokeMoveNext (System.Collections.IEnumerator,intptr) (at /Users/bokken/build/output/unity/unity/Runtime/Export/Scripting/Coroutines.cs:17)

(Filename: /Users/bokken/build/output/unity/unity/Runtime/Export/Debug/Debug.bindings.cs Line: 123)

T0_CASE_THREAD_CHECK existing UI action available: hub-view-reader
UnityEngine.Debug:ExtractStackTraceNoAlloc (byte*,int,string)
UnityEngine.StackTraceUtility:ExtractStackTrace () (at /Users/bokken/build/output/unity/unity/Runtime/Export/Scripting/StackTrace.cs:35)
UnityEngine.DebugLogHandler:Internal_Log (UnityEngine.LogType,UnityEngine.LogOption,string,UnityEngine.Object)
UnityEngine.DebugLogHandler:LogFormat (UnityEngine.LogType,UnityEngine.Object,string,object[]) (at /Users/bokken/build/output/unity/unity/Runtime/Export/Logging/DebugLogHandler.cs:9)
UnityEngine.Logger:Log (UnityEngine.LogType,object) (at /Users/bokken/build/output/unity/unity/Runtime/Export/Logging/Logger.cs:60)
UnityEngine.Debug:Log (object) (at /Users/bokken/build/output/unity/unity/Runtime/Export/Debug/Debug.bindings.cs:123)
Tide.App.T0CaseThreadSmoke:Require (bool,string) (at /private/tmp/t0-case-thread-p1-native-20260910/build-project/Assets/_Project/App/T0GameSession.cs:304)
Tide.App.T0CaseThreadSmoke:Act (string) (at /private/tmp/t0-case-thread-p1-native-20260910/build-project/Assets/_Project/App/T0GameSession.cs:312)
Tide.App.T0CaseThreadSmoke/<Run>d__28:MoveNext () (at /private/tmp/t0-case-thread-p1-native-20260910/build-project/Assets/_Project/App/T0GameSession.cs:441)
Tide.App.T0CaseThreadSmoke/<Start>d__11:MoveNext () (at /private/tmp/t0-case-thread-p1-native-20260910/build-project/Assets/_Project/App/T0GameSession.cs:295)
UnityEngine.SetupCoroutine:InvokeMoveNext (System.Collections.IEnumerator,intptr) (at /Users/bokken/build/output/unity/unity/Runtime/Export/Scripting/Coroutines.cs:17)

(Filename: /Users/bokken/build/output/unity/unity/Runtime/Export/Debug/Debug.bindings.cs Line: 123)

T0_CASE_THREAD_CHECK existing UI action available: open-reader
UnityEngine.Debug:ExtractStackTraceNoAlloc (byte*,int,string)
UnityEngine.StackTraceUtility:ExtractStackTrace () (at /Users/bokken/build/output/unity/unity/Runtime/Export/Scripting/StackTrace.cs:35)
UnityEngine.DebugLogHandler:Internal_Log (UnityEngine.LogType,UnityEngine.LogOption,string,UnityEngine.Object)
UnityEngine.DebugLogHandler:LogFormat (UnityEngine.LogType,UnityEngine.Object,string,object[]) (at /Users/bokken/build/output/unity/unity/Runtime/Export/Logging/DebugLogHandler.cs:9)
UnityEngine.Logger:Log (UnityEngine.LogType,object) (at /Users/bokken/build/output/unity/unity/Runtime/Export/Logging/Logger.cs:60)
UnityEngine.Debug:Log (object) (at /Users/bokken/build/output/unity/unity/Runtime/Export/Debug/Debug.bindings.cs:123)
Tide.App.T0CaseThreadSmoke:Require (bool,string) (at /private/tmp/t0-case-thread-p1-native-20260910/build-project/Assets/_Project/App/T0GameSession.cs:304)
Tide.App.T0CaseThreadSmoke:Act (string) (at /private/tmp/t0-case-thread-p1-native-20260910/build-project/Assets/_Project/App/T0GameSession.cs:312)
Tide.App.T0CaseThreadSmoke/<Run>d__28:MoveNext () (at /private/tmp/t0-case-thread-p1-native-20260910/build-project/Assets/_Project/App/T0GameSession.cs:441)
Tide.App.T0CaseThreadSmoke/<Start>d__11:MoveNext () (at /private/tmp/t0-case-thread-p1-native-20260910/build-project/Assets/_Project/App/T0GameSession.cs:295)
UnityEngine.SetupCoroutine:InvokeMoveNext (System.Collections.IEnumerator,intptr) (at /Users/bokken/build/output/unity/unity/Runtime/Export/Scripting/Coroutines.cs:17)

(Filename: /Users/bokken/build/output/unity/unity/Runtime/Export/Debug/Debug.bindings.cs Line: 123)

T0_CASE_THREAD_CHECK save queue settled
UnityEngine.Debug:ExtractStackTraceNoAlloc (byte*,int,string)
UnityEngine.StackTraceUtility:ExtractStackTrace () (at /Users/bokken/build/output/unity/unity/Runtime/Export/Scripting/StackTrace.cs:35)
UnityEngine.DebugLogHandler:Internal_Log (UnityEngine.LogType,UnityEngine.LogOption,string,UnityEngine.Object)
UnityEngine.DebugLogHandler:LogFormat (UnityEngine.LogType,UnityEngine.Object,string,object[]) (at /Users/bokken/build/output/unity/unity/Runtime/Export/Logging/DebugLogHandler.cs:9)
UnityEngine.Logger:Log (UnityEngine.LogType,object) (at /Users/bokken/build/output/unity/unity/Runtime/Export/Logging/Logger.cs:60)
UnityEngine.Debug:Log (object) (at /Users/bokken/build/output/unity/unity/Runtime/Export/Debug/Debug.bindings.cs:123)
Tide.App.T0CaseThreadSmoke:Require (bool,string) (at /private/tmp/t0-case-thread-p1-native-20260910/build-project/Assets/_Project/App/T0GameSession.cs:304)
Tide.App.T0CaseThreadSmoke/<Drain>d__18:MoveNext () (at /private/tmp/t0-case-thread-p1-native-20260910/build-project/Assets/_Project/App/T0GameSession.cs:337)
Tide.App.T0CaseThreadSmoke/<Start>d__11:MoveNext () (at /private/tmp/t0-case-thread-p1-native-20260910/build-project/Assets/_Project/App/T0GameSession.cs:295)
UnityEngine.SetupCoroutine:InvokeMoveNext (System.Collections.IEnumerator,intptr) (at /Users/bokken/build/output/unity/unity/Runtime/Export/Scripting/Coroutines.cs:17)

(Filename: /Users/bokken/build/output/unity/unity/Runtime/Export/Debug/Debug.bindings.cs Line: 123)

T0_CASE_THREAD_CHECK exactly one active CaseThread text
UnityEngine.Debug:ExtractStackTraceNoAlloc (byte*,int,string)
UnityEngine.StackTraceUtility:ExtractStackTrace () (at /Users/bokken/build/output/unity/unity/Runtime/Export/Scripting/StackTrace.cs:35)
UnityEngine.DebugLogHandler:Internal_Log (UnityEngine.LogType,UnityEngine.LogOption,string,UnityEngine.Object)
UnityEngine.DebugLogHandler:LogFormat (UnityEngine.LogType,UnityEngine.Object,string,object[]) (at /Users/bokken/build/output/unity/unity/Runtime/Export/Logging/DebugLogHandler.cs:9)
UnityEngine.Logger:Log (UnityEngine.LogType,object) (at /Users/bokken/build/output/unity/unity/Runtime/Export/Logging/Logger.cs:60)
UnityEngine.Debug:Log (object) (at /Users/bokken/build/output/unity/unity/Runtime/Export/Debug/Debug.bindings.cs:123)
Tide.App.T0CaseThreadSmoke:Require (bool,string) (at /private/tmp/t0-case-thread-p1-native-20260910/build-project/Assets/_Project/App/T0GameSession.cs:304)
Tide.App.T0CaseThreadSmoke:Card () (at /private/tmp/t0-case-thread-p1-native-20260910/build-project/Assets/_Project/App/T0GameSession.cs:341)
Tide.App.T0CaseThreadSmoke/<Inspect>d__23:MoveNext () (at /private/tmp/t0-case-thread-p1-native-20260910/build-project/Assets/_Project/App/T0GameSession.cs:366)
Tide.App.T0CaseThreadSmoke/<Start>d__11:MoveNext () (at /private/tmp/t0-case-thread-p1-native-20260910/build-project/Assets/_Project/App/T0GameSession.cs:295)
UnityEngine.SetupCoroutine:InvokeMoveNext (System.Collections.IEnumerator,intptr) (at /Users/bokken/build/output/unity/unity/Runtime/Export/Scripting/Coroutines.cs:17)

(Filename: /Users/bokken/build/output/unity/unity/Runtime/Export/Debug/Debug.bindings.cs Line: 123)

T0_CASE_THREAD_CHECK reader-post-b2-0-of-2: objective visible
UnityEngine.Debug:ExtractStackTraceNoAlloc (byte*,int,string)
UnityEngine.StackTraceUtility:ExtractStackTrace () (at /Users/bokken/build/output/unity/unity/Runtime/Export/Scripting/StackTrace.cs:35)
UnityEngine.DebugLogHandler:Internal_Log (UnityEngine.LogType,UnityEngine.LogOption,string,UnityEngine.Object)
UnityEngine.DebugLogHandler:LogFormat (UnityEngine.LogType,UnityEngine.Object,string,object[]) (at /Users/bokken/build/output/unity/unity/Runtime/Export/Logging/DebugLogHandler.cs:9)
UnityEngine.Logger:Log (UnityEngine.LogType,object) (at /Users/bokken/build/output/unity/unity/Runtime/Export/Logging/Logger.cs:60)
UnityEngine.Debug:Log (object) (at /Users/bokken/build/output/unity/unity/Runtime/Export/Debug/Debug.bindings.cs:123)
Tide.App.T0CaseThreadSmoke:Require (bool,string) (at /private/tmp/t0-case-thread-p1-native-20260910/build-project/Assets/_Project/App/T0GameSession.cs:304)
Tide.App.T0CaseThreadSmoke/<Inspect>d__23:MoveNext () (at /private/tmp/t0-case-thread-p1-native-20260910/build-project/Assets/_Project/App/T0GameSession.cs:366)
Tide.App.T0CaseThreadSmoke/<Start>d__11:MoveNext () (at /private/tmp/t0-case-thread-p1-native-20260910/build-project/Assets/_Project/App/T0GameSession.cs:295)
UnityEngine.SetupCoroutine:InvokeMoveNext (System.Collections.IEnumerator,intptr) (at /Users/bokken/build/output/unity/unity/Runtime/Export/Scripting/Coroutines.cs:17)

(Filename: /Users/bokken/build/output/unity/unity/Runtime/Export/Debug/Debug.bindings.cs Line: 123)

T0_CASE_THREAD_CHECK reader-post-b2-0-of-2: 0/2 visible
UnityEngine.Debug:ExtractStackTraceNoAlloc (byte*,int,string)
UnityEngine.StackTraceUtility:ExtractStackTrace () (at /Users/bokken/build/output/unity/unity/Runtime/Export/Scripting/StackTrace.cs:35)
UnityEngine.DebugLogHandler:Internal_Log (UnityEngine.LogType,UnityEngine.LogOption,string,UnityEngine.Object)
UnityEngine.DebugLogHandler:LogFormat (UnityEngine.LogType,UnityEngine.Object,string,object[]) (at /Users/bokken/build/output/unity/unity/Runtime/Export/Logging/DebugLogHandler.cs:9)
UnityEngine.Logger:Log (UnityEngine.LogType,object) (at /Users/bokken/build/output/unity/unity/Runtime/Export/Logging/Logger.cs:60)
UnityEngine.Debug:Log (object) (at /Users/bokken/build/output/unity/unity/Runtime/Export/Debug/Debug.bindings.cs:123)
Tide.App.T0CaseThreadSmoke:Require (bool,string) (at /private/tmp/t0-case-thread-p1-native-20260910/build-project/Assets/_Project/App/T0GameSession.cs:304)
Tide.App.T0CaseThreadSmoke/<Inspect>d__23:MoveNext () (at /private/tmp/t0-case-thread-p1-native-20260910/build-project/Assets/_Project/App/T0GameSession.cs:367)
Tide.App.T0CaseThreadSmoke/<Start>d__11:MoveNext () (at /private/tmp/t0-case-thread-p1-native-20260910/build-project/Assets/_Project/App/T0GameSession.cs:295)
UnityEngine.SetupCoroutine:InvokeMoveNext (System.Collections.IEnumerator,intptr) (at /Users/bokken/build/output/unity/unity/Runtime/Export/Scripting/Coroutines.cs:17)

(Filename: /Users/bokken/build/output/unity/unity/Runtime/Export/Debug/Debug.bindings.cs Line: 123)

T0_CASE_THREAD_CHECK reader-post-b2-0-of-2: next line present
UnityEngine.Debug:ExtractStackTraceNoAlloc (byte*,int,string)
UnityEngine.StackTraceUtility:ExtractStackTrace () (at /Users/bokken/build/output/unity/unity/Runtime/Export/Scripting/StackTrace.cs:35)
UnityEngine.DebugLogHandler:Internal_Log (UnityEngine.LogType,UnityEngine.LogOption,string,UnityEngine.Object)
UnityEngine.DebugLogHandler:LogFormat (UnityEngine.LogType,UnityEngine.Object,string,object[]) (at /Users/bokken/build/output/unity/unity/Runtime/Export/Logging/DebugLogHandler.cs:9)
UnityEngine.Logger:Log (UnityEngine.LogType,object) (at /Users/bokken/build/output/unity/unity/Runtime/Export/Logging/Logger.cs:60)
UnityEngine.Debug:Log (object) (at /Users/bokken/build/output/unity/unity/Runtime/Export/Debug/Debug.bindings.cs:123)
Tide.App.T0CaseThreadSmoke:Require (bool,string) (at /private/tmp/t0-case-thread-p1-native-20260910/build-project/Assets/_Project/App/T0GameSession.cs:304)
Tide.App.T0CaseThreadSmoke:GenericGuidance (UnityEngine.UI.Text,string) (at /private/tmp/t0-case-thread-p1-native-20260910/build-project/Assets/_Project/App/T0GameSession.cs:356)
Tide.App.T0CaseThreadSmoke/<Inspect>d__23:MoveNext () (at /private/tmp/t0-case-thread-p1-native-20260910/build-project/Assets/_Project/App/T0GameSession.cs:368)
Tide.App.T0CaseThreadSmoke/<Start>d__11:MoveNext () (at /private/tmp/t0-case-thread-p1-native-20260910/build-project/Assets/_Project/App/T0GameSession.cs:295)
UnityEngine.SetupCoroutine:InvokeMoveNext (System.Collections.IEnumerator,intptr) (at /Users/bokken/build/output/unity/unity/Runtime/Export/Scripting/Coroutines.cs:17)

(Filename: /Users/bokken/build/output/unity/unity/Runtime/Export/Debug/Debug.bindings.cs Line: 123)

T0_CASE_THREAD_CHECK reader-post-b2-0-of-2: next line is generic objective guidance: 근거를 살펴보고 인용을 고정하세요.
UnityEngine.Debug:ExtractStackTraceNoAlloc (byte*,int,string)
UnityEngine.StackTraceUtility:ExtractStackTrace () (at /Users/bokken/build/output/unity/unity/Runtime/Export/Scripting/StackTrace.cs:35)
UnityEngine.DebugLogHandler:Internal_Log (UnityEngine.LogType,UnityEngine.LogOption,string,UnityEngine.Object)
UnityEngine.DebugLogHandler:LogFormat (UnityEngine.LogType,UnityEngine.Object,string,object[]) (at /Users/bokken/build/output/unity/unity/Runtime/Export/Logging/DebugLogHandler.cs:9)
UnityEngine.Logger:Log (UnityEngine.LogType,object) (at /Users/bokken/build/output/unity/unity/Runtime/Export/Logging/Logger.cs:60)
UnityEngine.Debug:Log (object) (at /Users/bokken/build/output/unity/unity/Runtime/Export/Debug/Debug.bindings.cs:123)
Tide.App.T0CaseThreadSmoke:Require (bool,string) (at /private/tmp/t0-case-thread-p1-native-20260910/build-project/Assets/_Project/App/T0GameSession.cs:304)
Tide.App.T0CaseThreadSmoke:GenericGuidance (UnityEngine.UI.Text,string) (at /private/tmp/t0-case-thread-p1-native-20260910/build-project/Assets/_Project/App/T0GameSession.cs:358)
Tide.App.T0CaseThreadSmoke/<Inspect>d__23:MoveNext () (at /private/tmp/t0-case-thread-p1-native-20260910/build-project/Assets/_Project/App/T0GameSession.cs:368)
Tide.App.T0CaseThreadSmoke/<Start>d__11:MoveNext () (at /private/tmp/t0-case-thread-p1-native-20260910/build-project/Assets/_Project/App/T0GameSession.cs:295)
UnityEngine.SetupCoroutine:InvokeMoveNext (System.Collections.IEnumerator,intptr) (at /Users/bokken/build/output/unity/unity/Runtime/Export/Scripting/Coroutines.cs:17)

(Filename: /Users/bokken/build/output/unity/unity/Runtime/Export/Debug/Debug.bindings.cs Line: 123)

T0_CASE_THREAD_CHECK reader-post-b2-0-of-2: no disclosure of rec-handover-brief
UnityEngine.Debug:ExtractStackTraceNoAlloc (byte*,int,string)
UnityEngine.StackTraceUtility:ExtractStackTrace () (at /Users/bokken/build/output/unity/unity/Runtime/Export/Scripting/StackTrace.cs:35)
UnityEngine.DebugLogHandler:Internal_Log (UnityEngine.LogType,UnityEngine.LogOption,string,UnityEngine.Object)
UnityEngine.DebugLogHandler:LogFormat (UnityEngine.LogType,UnityEngine.Object,string,object[]) (at /Users/bokken/build/output/unity/unity/Runtime/Export/Logging/DebugLogHandler.cs:9)
UnityEngine.Logger:Log (UnityEngine.LogType,object) (at /Users/bokken/build/output/unity/unity/Runtime/Export/Logging/Logger.cs:60)
UnityEngine.Debug:Log (object) (at /Users/bokken/build/output/unity/unity/Runtime/Export/Debug/Debug.bindings.cs:123)
Tide.App.T0CaseThreadSmoke:Require (bool,string) (at /private/tmp/t0-case-thread-p1-native-20260910/build-project/Assets/_Project/App/T0GameSession.cs:304)
Tide.App.T0CaseThreadSmoke:GenericGuidance (UnityEngine.UI.Text,string) (at /private/tmp/t0-case-thread-p1-native-20260910/build-project/Assets/_Project/App/T0GameSession.cs:359)
Tide.App.T0CaseThreadSmoke/<Inspect>d__23:MoveNext () (at /private/tmp/t0-case-thread-p1-native-20260910/build-project/Assets/_Project/App/T0GameSession.cs:368)
Tide.App.T0CaseThreadSmoke/<Start>d__11:MoveNext () (at /private/tmp/t0-case-thread-p1-native-20260910/build-project/Assets/_Project/App/T0GameSession.cs:295)
UnityEngine.SetupCoroutine:InvokeMoveNext (System.Collections.IEnumerator,intptr) (at /Users/bokken/build/output/unity/unity/Runtime/Export/Scripting/Coroutines.cs:17)

(Filename: /Users/bokken/build/output/unity/unity/Runtime/Export/Debug/Debug.bindings.cs Line: 123)

T0_CASE_THREAD_CHECK reader-post-b2-0-of-2: no disclosure of rec-plate-standard-hub
UnityEngine.Debug:ExtractStackTraceNoAlloc (byte*,int,string)
UnityEngine.StackTraceUtility:ExtractStackTrace () (at /Users/bokken/build/output/unity/unity/Runtime/Export/Scripting/StackTrace.cs:35)
UnityEngine.DebugLogHandler:Internal_Log (UnityEngine.LogType,UnityEngine.LogOption,string,UnityEngine.Object)
UnityEngine.DebugLogHandler:LogFormat (UnityEngine.LogType,UnityEngine.Object,string,object[]) (at /Users/bokken/build/output/unity/unity/Runtime/Export/Logging/DebugLogHandler.cs:9)
UnityEngine.Logger:Log (UnityEngine.LogType,object) (at /Users/bokken/build/output/unity/unity/Runtime/Export/Logging/Logger.cs:60)
UnityEngine.Debug:Log (object) (at /Users/bokken/build/output/unity/unity/Runtime/Export/Debug/Debug.bindings.cs:123)
Tide.App.T0CaseThreadSmoke:Require (bool,string) (at /private/tmp/t0-case-thread-p1-native-20260910/build-project/Assets/_Project/App/T0GameSession.cs:304)
Tide.App.T0CaseThreadSmoke:GenericGuidance (UnityEngine.UI.Text,string) (at /private/tmp/t0-case-thread-p1-native-20260910/build-project/Assets/_Project/App/T0GameSession.cs:359)
Tide.App.T0CaseThreadSmoke/<Inspect>d__23:MoveNext () (at /private/tmp/t0-case-thread-p1-native-20260910/build-project/Assets/_Project/App/T0GameSession.cs:368)
Tide.App.T0CaseThreadSmoke/<Start>d__11:MoveNext () (at /private/tmp/t0-case-thread-p1-native-20260910/build-project/Assets/_Project/App/T0GameSession.cs:295)
UnityEngine.SetupCoroutine:InvokeMoveNext (System.Collections.IEnumerator,intptr) (at /Users/bokken/build/output/unity/unity/Runtime/Export/Scripting/Coroutines.cs:17)

(Filename: /Users/bokken/build/output/unity/unity/Runtime/Export/Debug/Debug.bindings.cs Line: 123)

T0_CASE_THREAD_CHECK reader-post-b2-0-of-2: no disclosure of rec-tide-ledger-bureau
UnityEngine.Debug:ExtractStackTraceNoAlloc (byte*,int,string)
UnityEngine.StackTraceUtility:ExtractStackTrace () (at /Users/bokken/build/output/unity/unity/Runtime/Export/Scripting/StackTrace.cs:35)
UnityEngine.DebugLogHandler:Internal_Log (UnityEngine.LogType,UnityEngine.LogOption,string,UnityEngine.Object)
UnityEngine.DebugLogHandler:LogFormat (UnityEngine.LogType,UnityEngine.Object,string,object[]) (at /Users/bokken/build/output/unity/unity/Runtime/Export/Logging/DebugLogHandler.cs:9)
UnityEngine.Logger:Log (UnityEngine.LogType,object) (at /Users/bokken/build/output/unity/unity/Runtime/Export/Logging/Logger.cs:60)
UnityEngine.Debug:Log (object) (at /Users/bokken/build/output/unity/unity/Runtime/Export/Debug/Debug.bindings.cs:123)
Tide.App.T0CaseThreadSmoke:Require (bool,string) (at /private/tmp/t0-case-thread-p1-native-20260910/build-project/Assets/_Project/App/T0GameSession.cs:304)
Tide.App.T0CaseThreadSmoke:GenericGuidance (UnityEngine.UI.Text,string) (at /private/tmp/t0-case-thread-p1-native-20260910/build-project/Assets/_Project/App/T0GameSession.cs:359)
Tide.App.T0CaseThreadSmoke/<Inspect>d__23:MoveNext () (at /private/tmp/t0-case-thread-p1-native-20260910/build-project/Assets/_Project/App/T0GameSession.cs:368)
Tide.App.T0CaseThreadSmoke/<Start>d__11:MoveNext () (at /private/tmp/t0-case-thread-p1-native-20260910/build-project/Assets/_Project/App/T0GameSession.cs:295)
UnityEngine.SetupCoroutine:InvokeMoveNext (System.Collections.IEnumerator,intptr) (at /Users/bokken/build/output/unity/unity/Runtime/Export/Scripting/Coroutines.cs:17)

(Filename: /Users/bokken/build/output/unity/unity/Runtime/Export/Debug/Debug.bindings.cs Line: 123)

T0_CASE_THREAD_CHECK reader-post-b2-0-of-2: no disclosure of rec-transfer-list
UnityEngine.Debug:ExtractStackTraceNoAlloc (byte*,int,string)
UnityEngine.StackTraceUtility:ExtractStackTrace () (at /Users/bokken/build/output/unity/unity/Runtime/Export/Scripting/StackTrace.cs:35)
UnityEngine.DebugLogHandler:Internal_Log (UnityEngine.LogType,UnityEngine.LogOption,string,UnityEngine.Object)
UnityEngine.DebugLogHandler:LogFormat (UnityEngine.LogType,UnityEngine.Object,string,object[]) (at /Users/bokken/build/output/unity/unity/Runtime/Export/Logging/DebugLogHandler.cs:9)
UnityEngine.Logger:Log (UnityEngine.LogType,object) (at /Users/bokken/build/output/unity/unity/Runtime/Export/Logging/Logger.cs:60)
UnityEngine.Debug:Log (object) (at /Users/bokken/build/output/unity/unity/Runtime/Export/Debug/Debug.bindings.cs:123)
Tide.App.T0CaseThreadSmoke:Require (bool,string) (at /private/tmp/t0-case-thread-p1-native-20260910/build-project/Assets/_Project/App/T0GameSession.cs:304)
Tide.App.T0CaseThreadSmoke:GenericGuidance (UnityEngine.UI.Text,string) (at /private/tmp/t0-case-thread-p1-native-20260910/build-project/Assets/_Project/App/T0GameSession.cs:359)
Tide.App.T0CaseThreadSmoke/<Inspect>d__23:MoveNext () (at /private/tmp/t0-case-thread-p1-native-20260910/build-project/Assets/_Project/App/T0GameSession.cs:368)
Tide.App.T0CaseThreadSmoke/<Start>d__11:MoveNext () (at /private/tmp/t0-case-thread-p1-native-20260910/build-project/Assets/_Project/App/T0GameSession.cs:295)
UnityEngine.SetupCoroutine:InvokeMoveNext (System.Collections.IEnumerator,intptr) (at /Users/bokken/build/output/unity/unity/Runtime/Export/Scripting/Coroutines.cs:17)

(Filename: /Users/bokken/build/output/unity/unity/Runtime/Export/Debug/Debug.bindings.cs Line: 123)

T0_CASE_THREAD_CHECK reader-post-b2-0-of-2: no disclosure of rec-watchlog-bureau
UnityEngine.Debug:ExtractStackTraceNoAlloc (byte*,int,string)
UnityEngine.StackTraceUtility:ExtractStackTrace () (at /Users/bokken/build/output/unity/unity/Runtime/Export/Scripting/StackTrace.cs:35)
UnityEngine.DebugLogHandler:Internal_Log (UnityEngine.LogType,UnityEngine.LogOption,string,UnityEngine.Object)
UnityEngine.DebugLogHandler:LogFormat (UnityEngine.LogType,UnityEngine.Object,string,object[]) (at /Users/bokken/build/output/unity/unity/Runtime/Export/Logging/DebugLogHandler.cs:9)
UnityEngine.Logger:Log (UnityEngine.LogType,object) (at /Users/bokken/build/output/unity/unity/Runtime/Export/Logging/Logger.cs:60)
UnityEngine.Debug:Log (object) (at /Users/bokken/build/output/unity/unity/Runtime/Export/Debug/Debug.bindings.cs:123)
Tide.App.T0CaseThreadSmoke:Require (bool,string) (at /private/tmp/t0-case-thread-p1-native-20260910/build-project/Assets/_Project/App/T0GameSession.cs:304)
Tide.App.T0CaseThreadSmoke:GenericGuidance (UnityEngine.UI.Text,string) (at /private/tmp/t0-case-thread-p1-native-20260910/build-project/Assets/_Project/App/T0GameSession.cs:359)
Tide.App.T0CaseThreadSmoke/<Inspect>d__23:MoveNext () (at /private/tmp/t0-case-thread-p1-native-20260910/build-project/Assets/_Project/App/T0GameSession.cs:368)
Tide.App.T0CaseThreadSmoke/<Start>d__11:MoveNext () (at /private/tmp/t0-case-thread-p1-native-20260910/build-project/Assets/_Project/App/T0GameSession.cs:295)
UnityEngine.SetupCoroutine:InvokeMoveNext (System.Collections.IEnumerator,intptr) (at /Users/bokken/build/output/unity/unity/Runtime/Export/Scripting/Coroutines.cs:17)

(Filename: /Users/bokken/build/output/unity/unity/Runtime/Export/Debug/Debug.bindings.cs Line: 123)

T0_CASE_THREAD_CHECK reader-post-b2-0-of-2: no disclosure of 근무 규정 필사본
UnityEngine.Debug:ExtractStackTraceNoAlloc (byte*,int,string)
UnityEngine.StackTraceUtility:ExtractStackTrace () (at /Users/bokken/build/output/unity/unity/Runtime/Export/Scripting/StackTrace.cs:35)
UnityEngine.DebugLogHandler:Internal_Log (UnityEngine.LogType,UnityEngine.LogOption,string,UnityEngine.Object)
UnityEngine.DebugLogHandler:LogFormat (UnityEngine.LogType,UnityEngine.Object,string,object[]) (at /Users/bokken/build/output/unity/unity/Runtime/Export/Logging/DebugLogHandler.cs:9)
UnityEngine.Logger:Log (UnityEngine.LogType,object) (at /Users/bokken/build/output/unity/unity/Runtime/Export/Logging/Logger.cs:60)
UnityEngine.Debug:Log (object) (at /Users/bokken/build/output/unity/unity/Runtime/Export/Debug/Debug.bindings.cs:123)
Tide.App.T0CaseThreadSmoke:Require (bool,string) (at /private/tmp/t0-case-thread-p1-native-20260910/build-project/Assets/_Project/App/T0GameSession.cs:304)
Tide.App.T0CaseThreadSmoke:GenericGuidance (UnityEngine.UI.Text,string) (at /private/tmp/t0-case-thread-p1-native-20260910/build-project/Assets/_Project/App/T0GameSession.cs:359)
Tide.App.T0CaseThreadSmoke/<Inspect>d__23:MoveNext () (at /private/tmp/t0-case-thread-p1-native-20260910/build-project/Assets/_Project/App/T0GameSession.cs:368)
Tide.App.T0CaseThreadSmoke/<Start>d__11:MoveNext () (at /private/tmp/t0-case-thread-p1-native-20260910/build-project/Assets/_Project/App/T0GameSession.cs:295)
UnityEngine.SetupCoroutine:InvokeMoveNext (System.Collections.IEnumerator,intptr) (at /Users/bokken/build/output/unity/unity/Runtime/Export/Scripting/Coroutines.cs:17)

(Filename: /Users/bokken/build/output/unity/unity/Runtime/Export/Debug/Debug.bindings.cs Line: 123)

T0_CASE_THREAD_CHECK reader-post-b2-0-of-2: no disclosure of 기록국 조위대장
UnityEngine.Debug:ExtractStackTraceNoAlloc (byte*,int,string)
UnityEngine.StackTraceUtility:ExtractStackTrace () (at /Users/bokken/build/output/unity/unity/Runtime/Export/Scripting/StackTrace.cs:35)
UnityEngine.DebugLogHandler:Internal_Log (UnityEngine.LogType,UnityEngine.LogOption,string,UnityEngine.Object)
UnityEngine.DebugLogHandler:LogFormat (UnityEngine.LogType,UnityEngine.Object,string,object[]) (at /Users/bokken/build/output/unity/unity/Runtime/Export/Logging/DebugLogHandler.cs:9)
UnityEngine.Logger:Log (UnityEngine.LogType,object) (at /Users/bokken/build/output/unity/unity/Runtime/Export/Logging/Logger.cs:60)
UnityEngine.Debug:Log (object) (at /Users/bokken/build/output/unity/unity/Runtime/Export/Debug/Debug.bindings.cs:123)
Tide.App.T0CaseThreadSmoke:Require (bool,string) (at /private/tmp/t0-case-thread-p1-native-20260910/build-project/Assets/_Project/App/T0GameSession.cs:304)
Tide.App.T0CaseThreadSmoke:GenericGuidance (UnityEngine.UI.Text,string) (at /private/tmp/t0-case-thread-p1-native-20260910/build-project/Assets/_Project/App/T0GameSession.cs:359)
Tide.App.T0CaseThreadSmoke/<Inspect>d__23:MoveNext () (at /private/tmp/t0-case-thread-p1-native-20260910/build-project/Assets/_Project/App/T0GameSession.cs:368)
Tide.App.T0CaseThreadSmoke/<Start>d__11:MoveNext () (at /private/tmp/t0-case-thread-p1-native-20260910/build-project/Assets/_Project/App/T0GameSession.cs:295)
UnityEngine.SetupCoroutine:InvokeMoveNext (System.Collections.IEnumerator,intptr) (at /Users/bokken/build/output/unity/unity/Runtime/Export/Scripting/Coroutines.cs:17)

(Filename: /Users/bokken/build/output/unity/unity/Runtime/Export/Debug/Debug.bindings.cs Line: 123)

T0_CASE_THREAD_CHECK reader-post-b2-0-of-2: no disclosure of 당직실 표준판
UnityEngine.Debug:ExtractStackTraceNoAlloc (byte*,int,string)
UnityEngine.StackTraceUtility:ExtractStackTrace () (at /Users/bokken/build/output/unity/unity/Runtime/Export/Scripting/StackTrace.cs:35)
UnityEngine.DebugLogHandler:Internal_Log (UnityEngine.LogType,UnityEngine.LogOption,string,UnityEngine.Object)
UnityEngine.DebugLogHandler:LogFormat (UnityEngine.LogType,UnityEngine.Object,string,object[]) (at /Users/bokken/build/output/unity/unity/Runtime/Export/Logging/DebugLogHandler.cs:9)
UnityEngine.Logger:Log (UnityEngine.LogType,object) (at /Users/bokken/build/output/unity/unity/Runtime/Export/Logging/Logger.cs:60)
UnityEngine.Debug:Log (object) (at /Users/bokken/build/output/unity/unity/Runtime/Export/Debug/Debug.bindings.cs:123)
Tide.App.T0CaseThreadSmoke:Require (bool,string) (at /private/tmp/t0-case-thread-p1-native-20260910/build-project/Assets/_Project/App/T0GameSession.cs:304)
Tide.App.T0CaseThreadSmoke:GenericGuidance (UnityEngine.UI.Text,string) (at /private/tmp/t0-case-thread-p1-native-20260910/build-project/Assets/_Project/App/T0GameSession.cs:359)
Tide.App.T0CaseThreadSmoke/<Inspect>d__23:MoveNext () (at /private/tmp/t0-case-thread-p1-native-20260910/build-project/Assets/_Project/App/T0GameSession.cs:368)
Tide.App.T0CaseThreadSmoke/<Start>d__11:MoveNext () (at /private/tmp/t0-case-thread-p1-native-20260910/build-project/Assets/_Project/App/T0GameSession.cs:295)
UnityEngine.SetupCoroutine:InvokeMoveNext (System.Collections.IEnumerator,intptr) (at /Users/bokken/build/output/unity/unity/Runtime/Export/Scripting/Coroutines.cs:17)

(Filename: /Users/bokken/build/output/unity/unity/Runtime/Export/Debug/Debug.bindings.cs Line: 123)

T0_CASE_THREAD_CHECK reader-post-b2-0-of-2: no disclosure of 이관 목록
UnityEngine.Debug:ExtractStackTraceNoAlloc (byte*,int,string)
UnityEngine.StackTraceUtility:ExtractStackTrace () (at /Users/bokken/build/output/unity/unity/Runtime/Export/Scripting/StackTrace.cs:35)
UnityEngine.DebugLogHandler:Internal_Log (UnityEngine.LogType,UnityEngine.LogOption,string,UnityEngine.Object)
UnityEngine.DebugLogHandler:LogFormat (UnityEngine.LogType,UnityEngine.Object,string,object[]) (at /Users/bokken/build/output/unity/unity/Runtime/Export/Logging/DebugLogHandler.cs:9)
UnityEngine.Logger:Log (UnityEngine.LogType,object) (at /Users/bokken/build/output/unity/unity/Runtime/Export/Logging/Logger.cs:60)
UnityEngine.Debug:Log (object) (at /Users/bokken/build/output/unity/unity/Runtime/Export/Debug/Debug.bindings.cs:123)
Tide.App.T0CaseThreadSmoke:Require (bool,string) (at /private/tmp/t0-case-thread-p1-native-20260910/build-project/Assets/_Project/App/T0GameSession.cs:304)
Tide.App.T0CaseThreadSmoke:GenericGuidance (UnityEngine.UI.Text,string) (at /private/tmp/t0-case-thread-p1-native-20260910/build-project/Assets/_Project/App/T0GameSession.cs:359)
Tide.App.T0CaseThreadSmoke/<Inspect>d__23:MoveNext () (at /private/tmp/t0-case-thread-p1-native-20260910/build-project/Assets/_Project/App/T0GameSession.cs:368)
Tide.App.T0CaseThreadSmoke/<Start>d__11:MoveNext () (at /private/tmp/t0-case-thread-p1-native-20260910/build-project/Assets/_Project/App/T0GameSession.cs:295)
UnityEngine.SetupCoroutine:InvokeMoveNext (System.Collections.IEnumerator,intptr) (at /Users/bokken/build/output/unity/unity/Runtime/Export/Scripting/Coroutines.cs:17)

(Filename: /Users/bokken/build/output/unity/unity/Runtime/Export/Debug/Debug.bindings.cs Line: 123)

T0_CASE_THREAD_CHECK reader-post-b2-0-of-2: no disclosure of 인수 각서
UnityEngine.Debug:ExtractStackTraceNoAlloc (byte*,int,string)
UnityEngine.StackTraceUtility:ExtractStackTrace () (at /Users/bokken/build/output/unity/unity/Runtime/Export/Scripting/StackTrace.cs:35)
UnityEngine.DebugLogHandler:Internal_Log (UnityEngine.LogType,UnityEngine.LogOption,string,UnityEngine.Object)
UnityEngine.DebugLogHandler:LogFormat (UnityEngine.LogType,UnityEngine.Object,string,object[]) (at /Users/bokken/build/output/unity/unity/Runtime/Export/Logging/DebugLogHandler.cs:9)
UnityEngine.Logger:Log (UnityEngine.LogType,object) (at /Users/bokken/build/output/unity/unity/Runtime/Export/Logging/Logger.cs:60)
UnityEngine.Debug:Log (object) (at /Users/bokken/build/output/unity/unity/Runtime/Export/Debug/Debug.bindings.cs:123)
Tide.App.T0CaseThreadSmoke:Require (bool,string) (at /private/tmp/t0-case-thread-p1-native-20260910/build-project/Assets/_Project/App/T0GameSession.cs:304)
Tide.App.T0CaseThreadSmoke:GenericGuidance (UnityEngine.UI.Text,string) (at /private/tmp/t0-case-thread-p1-native-20260910/build-project/Assets/_Project/App/T0GameSession.cs:359)
Tide.App.T0CaseThreadSmoke/<Inspect>d__23:MoveNext () (at /private/tmp/t0-case-thread-p1-native-20260910/build-project/Assets/_Project/App/T0GameSession.cs:368)
Tide.App.T0CaseThreadSmoke/<Start>d__11:MoveNext () (at /private/tmp/t0-case-thread-p1-native-20260910/build-project/Assets/_Project/App/T0GameSession.cs:295)
UnityEngine.SetupCoroutine:InvokeMoveNext (System.Collections.IEnumerator,intptr) (at /Users/bokken/build/output/unity/unity/Runtime/Export/Scripting/Coroutines.cs:17)

(Filename: /Users/bokken/build/output/unity/unity/Runtime/Export/Debug/Debug.bindings.cs Line: 123)

T0_CASE_THREAD_CHECK reader-post-b2-0-of-2: no disclosure of 원판
UnityEngine.Debug:ExtractStackTraceNoAlloc (byte*,int,string)
UnityEngine.StackTraceUtility:ExtractStackTrace () (at /Users/bokken/build/output/unity/unity/Runtime/Export/Scripting/StackTrace.cs:35)
UnityEngine.DebugLogHandler:Internal_Log (UnityEngine.LogType,UnityEngine.LogOption,string,UnityEngine.Object)
UnityEngine.DebugLogHandler:LogFormat (UnityEngine.LogType,UnityEngine.Object,string,object[]) (at /Users/bokken/build/output/unity/unity/Runtime/Export/Logging/DebugLogHandler.cs:9)
UnityEngine.Logger:Log (UnityEngine.LogType,object) (at /Users/bokken/build/output/unity/unity/Runtime/Export/Logging/Logger.cs:60)
UnityEngine.Debug:Log (object) (at /Users/bokken/build/output/unity/unity/Runtime/Export/Debug/Debug.bindings.cs:123)
Tide.App.T0CaseThreadSmoke:Require (bool,string) (at /private/tmp/t0-case-thread-p1-native-20260910/build-project/Assets/_Project/App/T0GameSession.cs:304)
Tide.App.T0CaseThreadSmoke:GenericGuidance (UnityEngine.UI.Text,string) (at /private/tmp/t0-case-thread-p1-native-20260910/build-project/Assets/_Project/App/T0GameSession.cs:359)
Tide.App.T0CaseThreadSmoke/<Inspect>d__23:MoveNext () (at /private/tmp/t0-case-thread-p1-native-20260910/build-project/Assets/_Project/App/T0GameSession.cs:368)
Tide.App.T0CaseThreadSmoke/<Start>d__11:MoveNext () (at /private/tmp/t0-case-thread-p1-native-20260910/build-project/Assets/_Project/App/T0GameSession.cs:295)
UnityEngine.SetupCoroutine:InvokeMoveNext (System.Collections.IEnumerator,intptr) (at /Users/bokken/build/output/unity/unity/Runtime/Export/Scripting/Coroutines.cs:17)

(Filename: /Users/bokken/build/output/unity/unity/Runtime/Export/Debug/Debug.bindings.cs Line: 123)

T0_CASE_THREAD_CHECK reader-post-b2-0-of-2: no disclosure of 장부
UnityEngine.Debug:ExtractStackTraceNoAlloc (byte*,int,string)
UnityEngine.StackTraceUtility:ExtractStackTrace () (at /Users/bokken/build/output/unity/unity/Runtime/Export/Scripting/StackTrace.cs:35)
UnityEngine.DebugLogHandler:Internal_Log (UnityEngine.LogType,UnityEngine.LogOption,string,UnityEngine.Object)
UnityEngine.DebugLogHandler:LogFormat (UnityEngine.LogType,UnityEngine.Object,string,object[]) (at /Users/bokken/build/output/unity/unity/Runtime/Export/Logging/DebugLogHandler.cs:9)
UnityEngine.Logger:Log (UnityEngine.LogType,object) (at /Users/bokken/build/output/unity/unity/Runtime/Export/Logging/Logger.cs:60)
UnityEngine.Debug:Log (object) (at /Users/bokken/build/output/unity/unity/Runtime/Export/Debug/Debug.bindings.cs:123)
Tide.App.T0CaseThreadSmoke:Require (bool,string) (at /private/tmp/t0-case-thread-p1-native-20260910/build-project/Assets/_Project/App/T0GameSession.cs:304)
Tide.App.T0CaseThreadSmoke:GenericGuidance (UnityEngine.UI.Text,string) (at /private/tmp/t0-case-thread-p1-native-20260910/build-project/Assets/_Project/App/T0GameSession.cs:359)
Tide.App.T0CaseThreadSmoke/<Inspect>d__23:MoveNext () (at /private/tmp/t0-case-thread-p1-native-20260910/build-project/Assets/_Project/App/T0GameSession.cs:368)
Tide.App.T0CaseThreadSmoke/<Start>d__11:MoveNext () (at /private/tmp/t0-case-thread-p1-native-20260910/build-project/Assets/_Project/App/T0GameSession.cs:295)
UnityEngine.SetupCoroutine:InvokeMoveNext (System.Collections.IEnumerator,intptr) (at /Users/bokken/build/output/unity/unity/Runtime/Export/Scripting/Coroutines.cs:17)

(Filename: /Users/bokken/build/output/unity/unity/Runtime/Export/Debug/Debug.bindings.cs Line: 123)

T0_CASE_THREAD_CHECK reader-post-b2-0-of-2: no disclosure of 당직일지
UnityEngine.Debug:ExtractStackTraceNoAlloc (byte*,int,string)
UnityEngine.StackTraceUtility:ExtractStackTrace () (at /Users/bokken/build/output/unity/unity/Runtime/Export/Scripting/StackTrace.cs:35)
UnityEngine.DebugLogHandler:Internal_Log (UnityEngine.LogType,UnityEngine.LogOption,string,UnityEngine.Object)
UnityEngine.DebugLogHandler:LogFormat (UnityEngine.LogType,UnityEngine.Object,string,object[]) (at /Users/bokken/build/output/unity/unity/Runtime/Export/Logging/DebugLogHandler.cs:9)
UnityEngine.Logger:Log (UnityEngine.LogType,object) (at /Users/bokken/build/output/unity/unity/Runtime/Export/Logging/Logger.cs:60)
UnityEngine.Debug:Log (object) (at /Users/bokken/build/output/unity/unity/Runtime/Export/Debug/Debug.bindings.cs:123)
Tide.App.T0CaseThreadSmoke:Require (bool,string) (at /private/tmp/t0-case-thread-p1-native-20260910/build-project/Assets/_Project/App/T0GameSession.cs:304)
Tide.App.T0CaseThreadSmoke:GenericGuidance (UnityEngine.UI.Text,string) (at /private/tmp/t0-case-thread-p1-native-20260910/build-project/Assets/_Project/App/T0GameSession.cs:359)
Tide.App.T0CaseThreadSmoke/<Inspect>d__23:MoveNext () (at /private/tmp/t0-case-thread-p1-native-20260910/build-project/Assets/_Project/App/T0GameSession.cs:368)
Tide.App.T0CaseThreadSmoke/<Start>d__11:MoveNext () (at /private/tmp/t0-case-thread-p1-native-20260910/build-project/Assets/_Project/App/T0GameSession.cs:295)
UnityEngine.SetupCoroutine:InvokeMoveNext (System.Collections.IEnumerator,intptr) (at /Users/bokken/build/output/unity/unity/Runtime/Export/Scripting/Coroutines.cs:17)

(Filename: /Users/bokken/build/output/unity/unity/Runtime/Export/Debug/Debug.bindings.cs Line: 123)

T0_CASE_THREAD_CHECK reader-post-b2-0-of-2: no disclosure of H-1
UnityEngine.Debug:ExtractStackTraceNoAlloc (byte*,int,string)
UnityEngine.StackTraceUtility:ExtractStackTrace () (at /Users/bokken/build/output/unity/unity/Runtime/Export/Scripting/StackTrace.cs:35)
UnityEngine.DebugLogHandler:Internal_Log (UnityEngine.LogType,UnityEngine.LogOption,string,UnityEngine.Object)
UnityEngine.DebugLogHandler:LogFormat (UnityEngine.LogType,UnityEngine.Object,string,object[]) (at /Users/bokken/build/output/unity/unity/Runtime/Export/Logging/DebugLogHandler.cs:9)
UnityEngine.Logger:Log (UnityEngine.LogType,object) (at /Users/bokken/build/output/unity/unity/Runtime/Export/Logging/Logger.cs:60)
UnityEngine.Debug:Log (object) (at /Users/bokken/build/output/unity/unity/Runtime/Export/Debug/Debug.bindings.cs:123)
Tide.App.T0CaseThreadSmoke:Require (bool,string) (at /private/tmp/t0-case-thread-p1-native-20260910/build-project/Assets/_Project/App/T0GameSession.cs:304)
Tide.App.T0CaseThreadSmoke:GenericGuidance (UnityEngine.UI.Text,string) (at /private/tmp/t0-case-thread-p1-native-20260910/build-project/Assets/_Project/App/T0GameSession.cs:359)
Tide.App.T0CaseThreadSmoke/<Inspect>d__23:MoveNext () (at /private/tmp/t0-case-thread-p1-native-20260910/build-project/Assets/_Project/App/T0GameSession.cs:368)
Tide.App.T0CaseThreadSmoke/<Start>d__11:MoveNext () (at /private/tmp/t0-case-thread-p1-native-20260910/build-project/Assets/_Project/App/T0GameSession.cs:295)
UnityEngine.SetupCoroutine:InvokeMoveNext (System.Collections.IEnumerator,intptr) (at /Users/bokken/build/output/unity/unity/Runtime/Export/Scripting/Coroutines.cs:17)

(Filename: /Users/bokken/build/output/unity/unity/Runtime/Export/Debug/Debug.bindings.cs Line: 123)

T0_CASE_THREAD_CHECK reader-post-b2-0-of-2: no disclosure of H+3
UnityEngine.Debug:ExtractStackTraceNoAlloc (byte*,int,string)
UnityEngine.StackTraceUtility:ExtractStackTrace () (at /Users/bokken/build/output/unity/unity/Runtime/Export/Scripting/StackTrace.cs:35)
UnityEngine.DebugLogHandler:Internal_Log (UnityEngine.LogType,UnityEngine.LogOption,string,UnityEngine.Object)
UnityEngine.DebugLogHandler:LogFormat (UnityEngine.LogType,UnityEngine.Object,string,object[]) (at /Users/bokken/build/output/unity/unity/Runtime/Export/Logging/DebugLogHandler.cs:9)
UnityEngine.Logger:Log (UnityEngine.LogType,object) (at /Users/bokken/build/output/unity/unity/Runtime/Export/Logging/Logger.cs:60)
UnityEngine.Debug:Log (object) (at /Users/bokken/build/output/unity/unity/Runtime/Export/Debug/Debug.bindings.cs:123)
Tide.App.T0CaseThreadSmoke:Require (bool,string) (at /private/tmp/t0-case-thread-p1-native-20260910/build-project/Assets/_Project/App/T0GameSession.cs:304)
Tide.App.T0CaseThreadSmoke:GenericGuidance (UnityEngine.UI.Text,string) (at /private/tmp/t0-case-thread-p1-native-20260910/build-project/Assets/_Project/App/T0GameSession.cs:359)
Tide.App.T0CaseThreadSmoke/<Inspect>d__23:MoveNext () (at /private/tmp/t0-case-thread-p1-native-20260910/build-project/Assets/_Project/App/T0GameSession.cs:368)
Tide.App.T0CaseThreadSmoke/<Start>d__11:MoveNext () (at /private/tmp/t0-case-thread-p1-native-20260910/build-project/Assets/_Project/App/T0GameSession.cs:295)
UnityEngine.SetupCoroutine:InvokeMoveNext (System.Collections.IEnumerator,intptr) (at /Users/bokken/build/output/unity/unity/Runtime/Export/Scripting/Coroutines.cs:17)

(Filename: /Users/bokken/build/output/unity/unity/Runtime/Export/Debug/Debug.bindings.cs Line: 123)

T0_CASE_THREAD_CHECK reader-post-b2-0-of-2: no disclosure of 단일 사고
UnityEngine.Debug:ExtractStackTraceNoAlloc (byte*,int,string)
UnityEngine.StackTraceUtility:ExtractStackTrace () (at /Users/bokken/build/output/unity/unity/Runtime/Export/Scripting/StackTrace.cs:35)
UnityEngine.DebugLogHandler:Internal_Log (UnityEngine.LogType,UnityEngine.LogOption,string,UnityEngine.Object)
UnityEngine.DebugLogHandler:LogFormat (UnityEngine.LogType,UnityEngine.Object,string,object[]) (at /Users/bokken/build/output/unity/unity/Runtime/Export/Logging/DebugLogHandler.cs:9)
UnityEngine.Logger:Log (UnityEngine.LogType,object) (at /Users/bokken/build/output/unity/unity/Runtime/Export/Logging/Logger.cs:60)
UnityEngine.Debug:Log (object) (at /Users/bokken/build/output/unity/unity/Runtime/Export/Debug/Debug.bindings.cs:123)
Tide.App.T0CaseThreadSmoke:Require (bool,string) (at /private/tmp/t0-case-thread-p1-native-20260910/build-project/Assets/_Project/App/T0GameSession.cs:304)
Tide.App.T0CaseThreadSmoke:GenericGuidance (UnityEngine.UI.Text,string) (at /private/tmp/t0-case-thread-p1-native-20260910/build-project/Assets/_Project/App/T0GameSession.cs:359)
Tide.App.T0CaseThreadSmoke/<Inspect>d__23:MoveNext () (at /private/tmp/t0-case-thread-p1-native-20260910/build-project/Assets/_Project/App/T0GameSession.cs:368)
Tide.App.T0CaseThreadSmoke/<Start>d__11:MoveNext () (at /private/tmp/t0-case-thread-p1-native-20260910/build-project/Assets/_Project/App/T0GameSession.cs:295)
UnityEngine.SetupCoroutine:InvokeMoveNext (System.Collections.IEnumerator,intptr) (at /Users/bokken/build/output/unity/unity/Runtime/Export/Scripting/Coroutines.cs:17)

(Filename: /Users/bokken/build/output/unity/unity/Runtime/Export/Debug/Debug.bindings.cs Line: 123)

T0_CASE_THREAD_CHECK reader-post-b2-0-of-2: no disclosure of 유지 실패
UnityEngine.Debug:ExtractStackTraceNoAlloc (byte*,int,string)
UnityEngine.StackTraceUtility:ExtractStackTrace () (at /Users/bokken/build/output/unity/unity/Runtime/Export/Scripting/StackTrace.cs:35)
UnityEngine.DebugLogHandler:Internal_Log (UnityEngine.LogType,UnityEngine.LogOption,string,UnityEngine.Object)
UnityEngine.DebugLogHandler:LogFormat (UnityEngine.LogType,UnityEngine.Object,string,object[]) (at /Users/bokken/build/output/unity/unity/Runtime/Export/Logging/DebugLogHandler.cs:9)
UnityEngine.Logger:Log (UnityEngine.LogType,object) (at /Users/bokken/build/output/unity/unity/Runtime/Export/Logging/Logger.cs:60)
UnityEngine.Debug:Log (object) (at /Users/bokken/build/output/unity/unity/Runtime/Export/Debug/Debug.bindings.cs:123)
Tide.App.T0CaseThreadSmoke:Require (bool,string) (at /private/tmp/t0-case-thread-p1-native-20260910/build-project/Assets/_Project/App/T0GameSession.cs:304)
Tide.App.T0CaseThreadSmoke:GenericGuidance (UnityEngine.UI.Text,string) (at /private/tmp/t0-case-thread-p1-native-20260910/build-project/Assets/_Project/App/T0GameSession.cs:359)
Tide.App.T0CaseThreadSmoke/<Inspect>d__23:MoveNext () (at /private/tmp/t0-case-thread-p1-native-20260910/build-project/Assets/_Project/App/T0GameSession.cs:368)
Tide.App.T0CaseThreadSmoke/<Start>d__11:MoveNext () (at /private/tmp/t0-case-thread-p1-native-20260910/build-project/Assets/_Project/App/T0GameSession.cs:295)
UnityEngine.SetupCoroutine:InvokeMoveNext (System.Collections.IEnumerator,intptr) (at /Users/bokken/build/output/unity/unity/Runtime/Export/Scripting/Coroutines.cs:17)

(Filename: /Users/bokken/build/output/unity/unity/Runtime/Export/Debug/Debug.bindings.cs Line: 123)

T0_CASE_THREAD_CHECK reader-post-b2-0-of-2: no disclosure of 서명 순서
UnityEngine.Debug:ExtractStackTraceNoAlloc (byte*,int,string)
UnityEngine.StackTraceUtility:ExtractStackTrace () (at /Users/bokken/build/output/unity/unity/Runtime/Export/Scripting/StackTrace.cs:35)
UnityEngine.DebugLogHandler:Internal_Log (UnityEngine.LogType,UnityEngine.LogOption,string,UnityEngine.Object)
UnityEngine.DebugLogHandler:LogFormat (UnityEngine.LogType,UnityEngine.Object,string,object[]) (at /Users/bokken/build/output/unity/unity/Runtime/Export/Logging/DebugLogHandler.cs:9)
UnityEngine.Logger:Log (UnityEngine.LogType,object) (at /Users/bokken/build/output/unity/unity/Runtime/Export/Logging/Logger.cs:60)
UnityEngine.Debug:Log (object) (at /Users/bokken/build/output/unity/unity/Runtime/Export/Debug/Debug.bindings.cs:123)
Tide.App.T0CaseThreadSmoke:Require (bool,string) (at /private/tmp/t0-case-thread-p1-native-20260910/build-project/Assets/_Project/App/T0GameSession.cs:304)
Tide.App.T0CaseThreadSmoke:GenericGuidance (UnityEngine.UI.Text,string) (at /private/tmp/t0-case-thread-p1-native-20260910/build-project/Assets/_Project/App/T0GameSession.cs:359)
Tide.App.T0CaseThreadSmoke/<Inspect>d__23:MoveNext () (at /private/tmp/t0-case-thread-p1-native-20260910/build-project/Assets/_Project/App/T0GameSession.cs:368)
Tide.App.T0CaseThreadSmoke/<Start>d__11:MoveNext () (at /private/tmp/t0-case-thread-p1-native-20260910/build-project/Assets/_Project/App/T0GameSession.cs:295)
UnityEngine.SetupCoroutine:InvokeMoveNext (System.Collections.IEnumerator,intptr) (at /Users/bokken/build/output/unity/unity/Runtime/Export/Scripting/Coroutines.cs:17)

(Filename: /Users/bokken/build/output/unity/unity/Runtime/Export/Debug/Debug.bindings.cs Line: 123)

T0_CASE_THREAD_CHECK reader-post-b2-0-of-2: no disclosure of 책임 사슬
UnityEngine.Debug:ExtractStackTraceNoAlloc (byte*,int,string)
UnityEngine.StackTraceUtility:ExtractStackTrace () (at /Users/bokken/build/output/unity/unity/Runtime/Export/Scripting/StackTrace.cs:35)
UnityEngine.DebugLogHandler:Internal_Log (UnityEngine.LogType,UnityEngine.LogOption,string,UnityEngine.Object)
UnityEngine.DebugLogHandler:LogFormat (UnityEngine.LogType,UnityEngine.Object,string,object[]) (at /Users/bokken/build/output/unity/unity/Runtime/Export/Logging/DebugLogHandler.cs:9)
UnityEngine.Logger:Log (UnityEngine.LogType,object) (at /Users/bokken/build/output/unity/unity/Runtime/Export/Logging/Logger.cs:60)
UnityEngine.Debug:Log (object) (at /Users/bokken/build/output/unity/unity/Runtime/Export/Debug/Debug.bindings.cs:123)
Tide.App.T0CaseThreadSmoke:Require (bool,string) (at /private/tmp/t0-case-thread-p1-native-20260910/build-project/Assets/_Project/App/T0GameSession.cs:304)
Tide.App.T0CaseThreadSmoke:GenericGuidance (UnityEngine.UI.Text,string) (at /private/tmp/t0-case-thread-p1-native-20260910/build-project/Assets/_Project/App/T0GameSession.cs:359)
Tide.App.T0CaseThreadSmoke/<Inspect>d__23:MoveNext () (at /private/tmp/t0-case-thread-p1-native-20260910/build-project/Assets/_Project/App/T0GameSession.cs:368)
Tide.App.T0CaseThreadSmoke/<Start>d__11:MoveNext () (at /private/tmp/t0-case-thread-p1-native-20260910/build-project/Assets/_Project/App/T0GameSession.cs:295)
UnityEngine.SetupCoroutine:InvokeMoveNext (System.Collections.IEnumerator,intptr) (at /Users/bokken/build/output/unity/unity/Runtime/Export/Scripting/Coroutines.cs:17)

(Filename: /Users/bokken/build/output/unity/unity/Runtime/Export/Debug/Debug.bindings.cs Line: 123)

T0_CASE_THREAD_CHECK reader-post-b2-0-of-2: no disclosure of offset-left
UnityEngine.Debug:ExtractStackTraceNoAlloc (byte*,int,string)
UnityEngine.StackTraceUtility:ExtractStackTrace () (at /Users/bokken/build/output/unity/unity/Runtime/Export/Scripting/StackTrace.cs:35)
UnityEngine.DebugLogHandler:Internal_Log (UnityEngine.LogType,UnityEngine.LogOption,string,UnityEngine.Object)
UnityEngine.DebugLogHandler:LogFormat (UnityEngine.LogType,UnityEngine.Object,string,object[]) (at /Users/bokken/build/output/unity/unity/Runtime/Export/Logging/DebugLogHandler.cs:9)
UnityEngine.Logger:Log (UnityEngine.LogType,object) (at /Users/bokken/build/output/unity/unity/Runtime/Export/Logging/Logger.cs:60)
UnityEngine.Debug:Log (object) (at /Users/bokken/build/output/unity/unity/Runtime/Export/Debug/Debug.bindings.cs:123)
Tide.App.T0CaseThreadSmoke:Require (bool,string) (at /private/tmp/t0-case-thread-p1-native-20260910/build-project/Assets/_Project/App/T0GameSession.cs:304)
Tide.App.T0CaseThreadSmoke:GenericGuidance (UnityEngine.UI.Text,string) (at /private/tmp/t0-case-thread-p1-native-20260910/build-project/Assets/_Project/App/T0GameSession.cs:359)
Tide.App.T0CaseThreadSmoke/<Inspect>d__23:MoveNext () (at /private/tmp/t0-case-thread-p1-native-20260910/build-project/Assets/_Project/App/T0GameSession.cs:368)
Tide.App.T0CaseThreadSmoke/<Start>d__11:MoveNext () (at /private/tmp/t0-case-thread-p1-native-20260910/build-project/Assets/_Project/App/T0GameSession.cs:295)
UnityEngine.SetupCoroutine:InvokeMoveNext (System.Collections.IEnumerator,intptr) (at /Users/bokken/build/output/unity/unity/Runtime/Export/Scripting/Coroutines.cs:17)

(Filename: /Users/bokken/build/output/unity/unity/Runtime/Export/Debug/Debug.bindings.cs Line: 123)

T0_CASE_THREAD_CHECK reader-post-b2-0-of-2: no disclosure of offset-up
UnityEngine.Debug:ExtractStackTraceNoAlloc (byte*,int,string)
UnityEngine.StackTraceUtility:ExtractStackTrace () (at /Users/bokken/build/output/unity/unity/Runtime/Export/Scripting/StackTrace.cs:35)
UnityEngine.DebugLogHandler:Internal_Log (UnityEngine.LogType,UnityEngine.LogOption,string,UnityEngine.Object)
UnityEngine.DebugLogHandler:LogFormat (UnityEngine.LogType,UnityEngine.Object,string,object[]) (at /Users/bokken/build/output/unity/unity/Runtime/Export/Logging/DebugLogHandler.cs:9)
UnityEngine.Logger:Log (UnityEngine.LogType,object) (at /Users/bokken/build/output/unity/unity/Runtime/Export/Logging/Logger.cs:60)
UnityEngine.Debug:Log (object) (at /Users/bokken/build/output/unity/unity/Runtime/Export/Debug/Debug.bindings.cs:123)
Tide.App.T0CaseThreadSmoke:Require (bool,string) (at /private/tmp/t0-case-thread-p1-native-20260910/build-project/Assets/_Project/App/T0GameSession.cs:304)
Tide.App.T0CaseThreadSmoke:GenericGuidance (UnityEngine.UI.Text,string) (at /private/tmp/t0-case-thread-p1-native-20260910/build-project/Assets/_Project/App/T0GameSession.cs:359)
Tide.App.T0CaseThreadSmoke/<Inspect>d__23:MoveNext () (at /private/tmp/t0-case-thread-p1-native-20260910/build-project/Assets/_Project/App/T0GameSession.cs:368)
Tide.App.T0CaseThreadSmoke/<Start>d__11:MoveNext () (at /private/tmp/t0-case-thread-p1-native-20260910/build-project/Assets/_Project/App/T0GameSession.cs:295)
UnityEngine.SetupCoroutine:InvokeMoveNext (System.Collections.IEnumerator,intptr) (at /Users/bokken/build/output/unity/unity/Runtime/Export/Scripting/Coroutines.cs:17)

(Filename: /Users/bokken/build/output/unity/unity/Runtime/Export/Debug/Debug.bindings.cs Line: 123)

T0_CASE_THREAD_CHECK reader-post-b2-0-of-2: no authored time window
UnityEngine.Debug:ExtractStackTraceNoAlloc (byte*,int,string)
UnityEngine.StackTraceUtility:ExtractStackTrace () (at /Users/bokken/build/output/unity/unity/Runtime/Export/Scripting/StackTrace.cs:35)
UnityEngine.DebugLogHandler:Internal_Log (UnityEngine.LogType,UnityEngine.LogOption,string,UnityEngine.Object)
UnityEngine.DebugLogHandler:LogFormat (UnityEngine.LogType,UnityEngine.Object,string,object[]) (at /Users/bokken/build/output/unity/unity/Runtime/Export/Logging/DebugLogHandler.cs:9)
UnityEngine.Logger:Log (UnityEngine.LogType,object) (at /Users/bokken/build/output/unity/unity/Runtime/Export/Logging/Logger.cs:60)
UnityEngine.Debug:Log (object) (at /Users/bokken/build/output/unity/unity/Runtime/Export/Debug/Debug.bindings.cs:123)
Tide.App.T0CaseThreadSmoke:Require (bool,string) (at /private/tmp/t0-case-thread-p1-native-20260910/build-project/Assets/_Project/App/T0GameSession.cs:304)
Tide.App.T0CaseThreadSmoke:GenericGuidance (UnityEngine.UI.Text,string) (at /private/tmp/t0-case-thread-p1-native-20260910/build-project/Assets/_Project/App/T0GameSession.cs:360)
Tide.App.T0CaseThreadSmoke/<Inspect>d__23:MoveNext () (at /private/tmp/t0-case-thread-p1-native-20260910/build-project/Assets/_Project/App/T0GameSession.cs:368)
Tide.App.T0CaseThreadSmoke/<Start>d__11:MoveNext () (at /private/tmp/t0-case-thread-p1-native-20260910/build-project/Assets/_Project/App/T0GameSession.cs:295)
UnityEngine.SetupCoroutine:InvokeMoveNext (System.Collections.IEnumerator,intptr) (at /Users/bokken/build/output/unity/unity/Runtime/Export/Scripting/Coroutines.cs:17)

(Filename: /Users/bokken/build/output/unity/unity/Runtime/Export/Debug/Debug.bindings.cs Line: 123)

T0_CASE_THREAD_CHECK reader-post-b2-0-of-2: card text fits allocated height
UnityEngine.Debug:ExtractStackTraceNoAlloc (byte*,int,string)
UnityEngine.StackTraceUtility:ExtractStackTrace () (at /Users/bokken/build/output/unity/unity/Runtime/Export/Scripting/StackTrace.cs:35)
UnityEngine.DebugLogHandler:Internal_Log (UnityEngine.LogType,UnityEngine.LogOption,string,UnityEngine.Object)
UnityEngine.DebugLogHandler:LogFormat (UnityEngine.LogType,UnityEngine.Object,string,object[]) (at /Users/bokken/build/output/unity/unity/Runtime/Export/Logging/DebugLogHandler.cs:9)
UnityEngine.Logger:Log (UnityEngine.LogType,object) (at /Users/bokken/build/output/unity/unity/Runtime/Export/Logging/Logger.cs:60)
UnityEngine.Debug:Log (object) (at /Users/bokken/build/output/unity/unity/Runtime/Export/Debug/Debug.bindings.cs:123)
Tide.App.T0CaseThreadSmoke:Require (bool,string) (at /private/tmp/t0-case-thread-p1-native-20260910/build-project/Assets/_Project/App/T0GameSession.cs:304)
Tide.App.T0CaseThreadSmoke:GenericGuidance (UnityEngine.UI.Text,string) (at /private/tmp/t0-case-thread-p1-native-20260910/build-project/Assets/_Project/App/T0GameSession.cs:361)
Tide.App.T0CaseThreadSmoke/<Inspect>d__23:MoveNext () (at /private/tmp/t0-case-thread-p1-native-20260910/build-project/Assets/_Project/App/T0GameSession.cs:368)
Tide.App.T0CaseThreadSmoke/<Start>d__11:MoveNext () (at /private/tmp/t0-case-thread-p1-native-20260910/build-project/Assets/_Project/App/T0GameSession.cs:295)
UnityEngine.SetupCoroutine:InvokeMoveNext (System.Collections.IEnumerator,intptr) (at /Users/bokken/build/output/unity/unity/Runtime/Export/Scripting/Coroutines.cs:17)

(Filename: /Users/bokken/build/output/unity/unity/Runtime/Export/Debug/Debug.bindings.cs Line: 123)

T0_CASE_THREAD_CHECK reader-post-b2-0-of-2: completion wording matches live state
UnityEngine.Debug:ExtractStackTraceNoAlloc (byte*,int,string)
UnityEngine.StackTraceUtility:ExtractStackTrace () (at /Users/bokken/build/output/unity/unity/Runtime/Export/Scripting/StackTrace.cs:35)
UnityEngine.DebugLogHandler:Internal_Log (UnityEngine.LogType,UnityEngine.LogOption,string,UnityEngine.Object)
UnityEngine.DebugLogHandler:LogFormat (UnityEngine.LogType,UnityEngine.Object,string,object[]) (at /Users/bokken/build/output/unity/unity/Runtime/Export/Logging/DebugLogHandler.cs:9)
UnityEngine.Logger:Log (UnityEngine.LogType,object) (at /Users/bokken/build/output/unity/unity/Runtime/Export/Logging/Logger.cs:60)
UnityEngine.Debug:Log (object) (at /Users/bokken/build/output/unity/unity/Runtime/Export/Debug/Debug.bindings.cs:123)
Tide.App.T0CaseThreadSmoke:Require (bool,string) (at /private/tmp/t0-case-thread-p1-native-20260910/build-project/Assets/_Project/App/T0GameSession.cs:304)
Tide.App.T0CaseThreadSmoke/<Inspect>d__23:MoveNext () (at /private/tmp/t0-case-thread-p1-native-20260910/build-project/Assets/_Project/App/T0GameSession.cs:369)
Tide.App.T0CaseThreadSmoke/<Start>d__11:MoveNext () (at /private/tmp/t0-case-thread-p1-native-20260910/build-project/Assets/_Project/App/T0GameSession.cs:295)
UnityEngine.SetupCoroutine:InvokeMoveNext (System.Collections.IEnumerator,intptr) (at /Users/bokken/build/output/unity/unity/Runtime/Export/Scripting/Coroutines.cs:17)

(Filename: /Users/bokken/build/output/unity/unity/Runtime/Export/Debug/Debug.bindings.cs Line: 123)

T0_CASE_THREAD_CHECK reader-post-b2-0-of-2: live t0-b3 completion agrees
UnityEngine.Debug:ExtractStackTraceNoAlloc (byte*,int,string)
UnityEngine.StackTraceUtility:ExtractStackTrace () (at /Users/bokken/build/output/unity/unity/Runtime/Export/Scripting/StackTrace.cs:35)
UnityEngine.DebugLogHandler:Internal_Log (UnityEngine.LogType,UnityEngine.LogOption,string,UnityEngine.Object)
UnityEngine.DebugLogHandler:LogFormat (UnityEngine.LogType,UnityEngine.Object,string,object[]) (at /Users/bokken/build/output/unity/unity/Runtime/Export/Logging/DebugLogHandler.cs:9)
UnityEngine.Logger:Log (UnityEngine.LogType,object) (at /Users/bokken/build/output/unity/unity/Runtime/Export/Logging/Logger.cs:60)
UnityEngine.Debug:Log (object) (at /Users/bokken/build/output/unity/unity/Runtime/Export/Debug/Debug.bindings.cs:123)
Tide.App.T0CaseThreadSmoke:Require (bool,string) (at /private/tmp/t0-case-thread-p1-native-20260910/build-project/Assets/_Project/App/T0GameSession.cs:304)
Tide.App.T0CaseThreadSmoke/<Inspect>d__23:MoveNext () (at /private/tmp/t0-case-thread-p1-native-20260910/build-project/Assets/_Project/App/T0GameSession.cs:370)
Tide.App.T0CaseThreadSmoke/<Start>d__11:MoveNext () (at /private/tmp/t0-case-thread-p1-native-20260910/build-project/Assets/_Project/App/T0GameSession.cs:295)
UnityEngine.SetupCoroutine:InvokeMoveNext (System.Collections.IEnumerator,intptr) (at /Users/bokken/build/output/unity/unity/Runtime/Export/Scripting/Coroutines.cs:17)

(Filename: /Users/bokken/build/output/unity/unity/Runtime/Export/Debug/Debug.bindings.cs Line: 123)

T0_CASE_THREAD_CHECK reader-post-b2-0-of-2: case thread is read-only and not a pointer target
UnityEngine.Debug:ExtractStackTraceNoAlloc (byte*,int,string)
UnityEngine.StackTraceUtility:ExtractStackTrace () (at /Users/bokken/build/output/unity/unity/Runtime/Export/Scripting/StackTrace.cs:35)
UnityEngine.DebugLogHandler:Internal_Log (UnityEngine.LogType,UnityEngine.LogOption,string,UnityEngine.Object)
UnityEngine.DebugLogHandler:LogFormat (UnityEngine.LogType,UnityEngine.Object,string,object[]) (at /Users/bokken/build/output/unity/unity/Runtime/Export/Logging/DebugLogHandler.cs:9)
UnityEngine.Logger:Log (UnityEngine.LogType,object) (at /Users/bokken/build/output/unity/unity/Runtime/Export/Logging/Logger.cs:60)
UnityEngine.Debug:Log (object) (at /Users/bokken/build/output/unity/unity/Runtime/Export/Debug/Debug.bindings.cs:123)
Tide.App.T0CaseThreadSmoke:Require (bool,string) (at /private/tmp/t0-case-thread-p1-native-20260910/build-project/Assets/_Project/App/T0GameSession.cs:304)
Tide.App.T0CaseThreadSmoke/<Inspect>d__23:MoveNext () (at /private/tmp/t0-case-thread-p1-native-20260910/build-project/Assets/_Project/App/T0GameSession.cs:371)
Tide.App.T0CaseThreadSmoke/<Start>d__11:MoveNext () (at /private/tmp/t0-case-thread-p1-native-20260910/build-project/Assets/_Project/App/T0GameSession.cs:295)
UnityEngine.SetupCoroutine:InvokeMoveNext (System.Collections.IEnumerator,intptr) (at /Users/bokken/build/output/unity/unity/Runtime/Export/Scripting/Coroutines.cs:17)

(Filename: /Users/bokken/build/output/unity/unity/Runtime/Export/Debug/Debug.bindings.cs Line: 123)

T0_CASE_THREAD_CHECK reader-post-b2-0-of-2: card creates no puzzle action
UnityEngine.Debug:ExtractStackTraceNoAlloc (byte*,int,string)
UnityEngine.StackTraceUtility:ExtractStackTrace () (at /Users/bokken/build/output/unity/unity/Runtime/Export/Scripting/StackTrace.cs:35)
UnityEngine.DebugLogHandler:Internal_Log (UnityEngine.LogType,UnityEngine.LogOption,string,UnityEngine.Object)
UnityEngine.DebugLogHandler:LogFormat (UnityEngine.LogType,UnityEngine.Object,string,object[]) (at /Users/bokken/build/output/unity/unity/Runtime/Export/Logging/DebugLogHandler.cs:9)
UnityEngine.Logger:Log (UnityEngine.LogType,object) (at /Users/bokken/build/output/unity/unity/Runtime/Export/Logging/Logger.cs:60)
UnityEngine.Debug:Log (object) (at /Users/bokken/build/output/unity/unity/Runtime/Export/Debug/Debug.bindings.cs:123)
Tide.App.T0CaseThreadSmoke:Require (bool,string) (at /private/tmp/t0-case-thread-p1-native-20260910/build-project/Assets/_Project/App/T0GameSession.cs:304)
Tide.App.T0CaseThreadSmoke/<Inspect>d__23:MoveNext () (at /private/tmp/t0-case-thread-p1-native-20260910/build-project/Assets/_Project/App/T0GameSession.cs:372)
Tide.App.T0CaseThreadSmoke/<Start>d__11:MoveNext () (at /private/tmp/t0-case-thread-p1-native-20260910/build-project/Assets/_Project/App/T0GameSession.cs:295)
UnityEngine.SetupCoroutine:InvokeMoveNext (System.Collections.IEnumerator,intptr) (at /Users/bokken/build/output/unity/unity/Runtime/Export/Scripting/Coroutines.cs:17)

(Filename: /Users/bokken/build/output/unity/unity/Runtime/Export/Debug/Debug.bindings.cs Line: 123)

T0_CASE_THREAD_CHECK reader-post-b2-0-of-2: repeated Render preserves journal, state, receipt count, pending flag and all save file bytes/timestamps
UnityEngine.Debug:ExtractStackTraceNoAlloc (byte*,int,string)
UnityEngine.StackTraceUtility:ExtractStackTrace () (at /Users/bokken/build/output/unity/unity/Runtime/Export/Scripting/StackTrace.cs:35)
UnityEngine.DebugLogHandler:Internal_Log (UnityEngine.LogType,UnityEngine.LogOption,string,UnityEngine.Object)
UnityEngine.DebugLogHandler:LogFormat (UnityEngine.LogType,UnityEngine.Object,string,object[]) (at /Users/bokken/build/output/unity/unity/Runtime/Export/Logging/DebugLogHandler.cs:9)
UnityEngine.Logger:Log (UnityEngine.LogType,object) (at /Users/bokken/build/output/unity/unity/Runtime/Export/Logging/Logger.cs:60)
UnityEngine.Debug:Log (object) (at /Users/bokken/build/output/unity/unity/Runtime/Export/Debug/Debug.bindings.cs:123)
Tide.App.T0CaseThreadSmoke:Require (bool,string) (at /private/tmp/t0-case-thread-p1-native-20260910/build-project/Assets/_Project/App/T0GameSession.cs:304)
Tide.App.T0CaseThreadSmoke/<Inspect>d__23:MoveNext () (at /private/tmp/t0-case-thread-p1-native-20260910/build-project/Assets/_Project/App/T0GameSession.cs:373)
Tide.App.T0CaseThreadSmoke/<Start>d__11:MoveNext () (at /private/tmp/t0-case-thread-p1-native-20260910/build-project/Assets/_Project/App/T0GameSession.cs:295)
UnityEngine.SetupCoroutine:InvokeMoveNext (System.Collections.IEnumerator,intptr) (at /Users/bokken/build/output/unity/unity/Runtime/Export/Scripting/Coroutines.cs:17)

(Filename: /Users/bokken/build/output/unity/unity/Runtime/Export/Debug/Debug.bindings.cs Line: 123)

T0_CASE_THREAD_CHECK reader-post-b2-0-of-2: repeated Render preserves actions and keyboard focus
UnityEngine.Debug:ExtractStackTraceNoAlloc (byte*,int,string)
UnityEngine.StackTraceUtility:ExtractStackTrace () (at /Users/bokken/build/output/unity/unity/Runtime/Export/Scripting/StackTrace.cs:35)
UnityEngine.DebugLogHandler:Internal_Log (UnityEngine.LogType,UnityEngine.LogOption,string,UnityEngine.Object)
UnityEngine.DebugLogHandler:LogFormat (UnityEngine.LogType,UnityEngine.Object,string,object[]) (at /Users/bokken/build/output/unity/unity/Runtime/Export/Logging/DebugLogHandler.cs:9)
UnityEngine.Logger:Log (UnityEngine.LogType,object) (at /Users/bokken/build/output/unity/unity/Runtime/Export/Logging/Logger.cs:60)
UnityEngine.Debug:Log (object) (at /Users/bokken/build/output/unity/unity/Runtime/Export/Debug/Debug.bindings.cs:123)
Tide.App.T0CaseThreadSmoke:Require (bool,string) (at /private/tmp/t0-case-thread-p1-native-20260910/build-project/Assets/_Project/App/T0GameSession.cs:304)
Tide.App.T0CaseThreadSmoke/<Inspect>d__23:MoveNext () (at /private/tmp/t0-case-thread-p1-native-20260910/build-project/Assets/_Project/App/T0GameSession.cs:374)
Tide.App.T0CaseThreadSmoke/<Start>d__11:MoveNext () (at /private/tmp/t0-case-thread-p1-native-20260910/build-project/Assets/_Project/App/T0GameSession.cs:295)
UnityEngine.SetupCoroutine:InvokeMoveNext (System.Collections.IEnumerator,intptr) (at /Users/bokken/build/output/unity/unity/Runtime/Export/Scripting/Coroutines.cs:17)

(Filename: /Users/bokken/build/output/unity/unity/Runtime/Export/Debug/Debug.bindings.cs Line: 123)

T0_CASE_THREAD_CHECK existing UI action available: load-rec-plate-standard-hub
UnityEngine.Debug:ExtractStackTraceNoAlloc (byte*,int,string)
UnityEngine.StackTraceUtility:ExtractStackTrace () (at /Users/bokken/build/output/unity/unity/Runtime/Export/Scripting/StackTrace.cs:35)
UnityEngine.DebugLogHandler:Internal_Log (UnityEngine.LogType,UnityEngine.LogOption,string,UnityEngine.Object)
UnityEngine.DebugLogHandler:LogFormat (UnityEngine.LogType,UnityEngine.Object,string,object[]) (at /Users/bokken/build/output/unity/unity/Runtime/Export/Logging/DebugLogHandler.cs:9)
UnityEngine.Logger:Log (UnityEngine.LogType,object) (at /Users/bokken/build/output/unity/unity/Runtime/Export/Logging/Logger.cs:60)
UnityEngine.Debug:Log (object) (at /Users/bokken/build/output/unity/unity/Runtime/Export/Debug/Debug.bindings.cs:123)
Tide.App.T0CaseThreadSmoke:Require (bool,string) (at /private/tmp/t0-case-thread-p1-native-20260910/build-project/Assets/_Project/App/T0GameSession.cs:304)
Tide.App.T0CaseThreadSmoke:Act (string) (at /private/tmp/t0-case-thread-p1-native-20260910/build-project/Assets/_Project/App/T0GameSession.cs:312)
Tide.App.T0CaseThreadSmoke/<Run>d__28:MoveNext () (at /private/tmp/t0-case-thread-p1-native-20260910/build-project/Assets/_Project/App/T0GameSession.cs:443)
Tide.App.T0CaseThreadSmoke/<Start>d__11:MoveNext () (at /private/tmp/t0-case-thread-p1-native-20260910/build-project/Assets/_Project/App/T0GameSession.cs:295)
UnityEngine.SetupCoroutine:InvokeMoveNext (System.Collections.IEnumerator,intptr) (at /Users/bokken/build/output/unity/unity/Runtime/Export/Scripting/Coroutines.cs:17)

(Filename: /Users/bokken/build/output/unity/unity/Runtime/Export/Debug/Debug.bindings.cs Line: 123)

T0_CASE_THREAD_CHECK existing UI action available: read
UnityEngine.Debug:ExtractStackTraceNoAlloc (byte*,int,string)
UnityEngine.StackTraceUtility:ExtractStackTrace () (at /Users/bokken/build/output/unity/unity/Runtime/Export/Scripting/StackTrace.cs:35)
UnityEngine.DebugLogHandler:Internal_Log (UnityEngine.LogType,UnityEngine.LogOption,string,UnityEngine.Object)
UnityEngine.DebugLogHandler:LogFormat (UnityEngine.LogType,UnityEngine.Object,string,object[]) (at /Users/bokken/build/output/unity/unity/Runtime/Export/Logging/DebugLogHandler.cs:9)
UnityEngine.Logger:Log (UnityEngine.LogType,object) (at /Users/bokken/build/output/unity/unity/Runtime/Export/Logging/Logger.cs:60)
UnityEngine.Debug:Log (object) (at /Users/bokken/build/output/unity/unity/Runtime/Export/Debug/Debug.bindings.cs:123)
Tide.App.T0CaseThreadSmoke:Require (bool,string) (at /private/tmp/t0-case-thread-p1-native-20260910/build-project/Assets/_Project/App/T0GameSession.cs:304)
Tide.App.T0CaseThreadSmoke:Act (string) (at /private/tmp/t0-case-thread-p1-native-20260910/build-project/Assets/_Project/App/T0GameSession.cs:312)
Tide.App.T0CaseThreadSmoke/<Run>d__28:MoveNext () (at /private/tmp/t0-case-thread-p1-native-20260910/build-project/Assets/_Project/App/T0GameSession.cs:443)
Tide.App.T0CaseThreadSmoke/<Start>d__11:MoveNext () (at /private/tmp/t0-case-thread-p1-native-20260910/build-project/Assets/_Project/App/T0GameSession.cs:295)
UnityEngine.SetupCoroutine:InvokeMoveNext (System.Collections.IEnumerator,intptr) (at /Users/bokken/build/output/unity/unity/Runtime/Export/Scripting/Coroutines.cs:17)

(Filename: /Users/bokken/build/output/unity/unity/Runtime/Export/Debug/Debug.bindings.cs Line: 123)

T0_CASE_THREAD_CHECK existing UI action available: pick-start
UnityEngine.Debug:ExtractStackTraceNoAlloc (byte*,int,string)
UnityEngine.StackTraceUtility:ExtractStackTrace () (at /Users/bokken/build/output/unity/unity/Runtime/Export/Scripting/StackTrace.cs:35)
UnityEngine.DebugLogHandler:Internal_Log (UnityEngine.LogType,UnityEngine.LogOption,string,UnityEngine.Object)
UnityEngine.DebugLogHandler:LogFormat (UnityEngine.LogType,UnityEngine.Object,string,object[]) (at /Users/bokken/build/output/unity/unity/Runtime/Export/Logging/DebugLogHandler.cs:9)
UnityEngine.Logger:Log (UnityEngine.LogType,object) (at /Users/bokken/build/output/unity/unity/Runtime/Export/Logging/Logger.cs:60)
UnityEngine.Debug:Log (object) (at /Users/bokken/build/output/unity/unity/Runtime/Export/Debug/Debug.bindings.cs:123)
Tide.App.T0CaseThreadSmoke:Require (bool,string) (at /private/tmp/t0-case-thread-p1-native-20260910/build-project/Assets/_Project/App/T0GameSession.cs:304)
Tide.App.T0CaseThreadSmoke:Act (string) (at /private/tmp/t0-case-thread-p1-native-20260910/build-project/Assets/_Project/App/T0GameSession.cs:312)
Tide.App.T0CaseThreadSmoke/<PickWindow>d__27:MoveNext () (at /private/tmp/t0-case-thread-p1-native-20260910/build-project/Assets/_Project/App/T0GameSession.cs:410)
Tide.App.T0CaseThreadSmoke/<Start>d__11:MoveNext () (at /private/tmp/t0-case-thread-p1-native-20260910/build-project/Assets/_Project/App/T0GameSession.cs:295)
UnityEngine.SetupCoroutine:InvokeMoveNext (System.Collections.IEnumerator,intptr) (at /Users/bokken/build/output/unity/unity/Runtime/Export/Scripting/Coroutines.cs:17)

(Filename: /Users/bokken/build/output/unity/unity/Runtime/Export/Debug/Debug.bindings.cs Line: 123)

T0_CASE_THREAD_CHECK start phase picker bounded
UnityEngine.Debug:ExtractStackTraceNoAlloc (byte*,int,string)
UnityEngine.StackTraceUtility:ExtractStackTrace () (at /Users/bokken/build/output/unity/unity/Runtime/Export/Scripting/StackTrace.cs:35)
UnityEngine.DebugLogHandler:Internal_Log (UnityEngine.LogType,UnityEngine.LogOption,string,UnityEngine.Object)
UnityEngine.DebugLogHandler:LogFormat (UnityEngine.LogType,UnityEngine.Object,string,object[]) (at /Users/bokken/build/output/unity/unity/Runtime/Export/Logging/DebugLogHandler.cs:9)
UnityEngine.Logger:Log (UnityEngine.LogType,object) (at /Users/bokken/build/output/unity/unity/Runtime/Export/Logging/Logger.cs:60)
UnityEngine.Debug:Log (object) (at /Users/bokken/build/output/unity/unity/Runtime/Export/Debug/Debug.bindings.cs:123)
Tide.App.T0CaseThreadSmoke:Require (bool,string) (at /private/tmp/t0-case-thread-p1-native-20260910/build-project/Assets/_Project/App/T0GameSession.cs:304)
Tide.App.T0CaseThreadSmoke/<PickWindow>d__27:MoveNext () (at /private/tmp/t0-case-thread-p1-native-20260910/build-project/Assets/_Project/App/T0GameSession.cs:411)
Tide.App.T0CaseThreadSmoke/<Start>d__11:MoveNext () (at /private/tmp/t0-case-thread-p1-native-20260910/build-project/Assets/_Project/App/T0GameSession.cs:295)
UnityEngine.SetupCoroutine:InvokeMoveNext (System.Collections.IEnumerator,intptr) (at /Users/bokken/build/output/unity/unity/Runtime/Export/Scripting/Coroutines.cs:17)

(Filename: /Users/bokken/build/output/unity/unity/Runtime/Export/Debug/Debug.bindings.cs Line: 123)

T0_CASE_THREAD_CHECK existing UI action available: phase-next
UnityEngine.Debug:ExtractStackTraceNoAlloc (byte*,int,string)
UnityEngine.StackTraceUtility:ExtractStackTrace () (at /Users/bokken/build/output/unity/unity/Runtime/Export/Scripting/StackTrace.cs:35)
UnityEngine.DebugLogHandler:Internal_Log (UnityEngine.LogType,UnityEngine.LogOption,string,UnityEngine.Object)
UnityEngine.DebugLogHandler:LogFormat (UnityEngine.LogType,UnityEngine.Object,string,object[]) (at /Users/bokken/build/output/unity/unity/Runtime/Export/Logging/DebugLogHandler.cs:9)
UnityEngine.Logger:Log (UnityEngine.LogType,object) (at /Users/bokken/build/output/unity/unity/Runtime/Export/Logging/Logger.cs:60)
UnityEngine.Debug:Log (object) (at /Users/bokken/build/output/unity/unity/Runtime/Export/Debug/Debug.bindings.cs:123)
Tide.App.T0CaseThreadSmoke:Require (bool,string) (at /private/tmp/t0-case-thread-p1-native-20260910/build-project/Assets/_Project/App/T0GameSession.cs:304)
Tide.App.T0CaseThreadSmoke:Act (string) (at /private/tmp/t0-case-thread-p1-native-20260910/build-project/Assets/_Project/App/T0GameSession.cs:312)
Tide.App.T0CaseThreadSmoke/<PickWindow>d__27:MoveNext () (at /private/tmp/t0-case-thread-p1-native-20260910/build-project/Assets/_Project/App/T0GameSession.cs:411)
Tide.App.T0CaseThreadSmoke/<Start>d__11:MoveNext () (at /private/tmp/t0-case-thread-p1-native-20260910/build-project/Assets/_Project/App/T0GameSession.cs:295)
UnityEngine.SetupCoroutine:InvokeMoveNext (System.Collections.IEnumerator,intptr) (at /Users/bokken/build/output/unity/unity/Runtime/Export/Scripting/Coroutines.cs:17)

(Filename: /Users/bokken/build/output/unity/unity/Runtime/Export/Debug/Debug.bindings.cs Line: 123)

T0_CASE_THREAD_CHECK start phase picker bounded
UnityEngine.Debug:ExtractStackTraceNoAlloc (byte*,int,string)
UnityEngine.StackTraceUtility:ExtractStackTrace () (at /Users/bokken/build/output/unity/unity/Runtime/Export/Scripting/StackTrace.cs:35)
UnityEngine.DebugLogHandler:Internal_Log (UnityEngine.LogType,UnityEngine.LogOption,string,UnityEngine.Object)
UnityEngine.DebugLogHandler:LogFormat (UnityEngine.LogType,UnityEngine.Object,string,object[]) (at /Users/bokken/build/output/unity/unity/Runtime/Export/Logging/DebugLogHandler.cs:9)
UnityEngine.Logger:Log (UnityEngine.LogType,object) (at /Users/bokken/build/output/unity/unity/Runtime/Export/Logging/Logger.cs:60)
UnityEngine.Debug:Log (object) (at /Users/bokken/build/output/unity/unity/Runtime/Export/Debug/Debug.bindings.cs:123)
Tide.App.T0CaseThreadSmoke:Require (bool,string) (at /private/tmp/t0-case-thread-p1-native-20260910/build-project/Assets/_Project/App/T0GameSession.cs:304)
Tide.App.T0CaseThreadSmoke/<PickWindow>d__27:MoveNext () (at /private/tmp/t0-case-thread-p1-native-20260910/build-project/Assets/_Project/App/T0GameSession.cs:411)
Tide.App.T0CaseThreadSmoke/<Start>d__11:MoveNext () (at /private/tmp/t0-case-thread-p1-native-20260910/build-project/Assets/_Project/App/T0GameSession.cs:295)
UnityEngine.SetupCoroutine:InvokeMoveNext (System.Collections.IEnumerator,intptr) (at /Users/bokken/build/output/unity/unity/Runtime/Export/Scripting/Coroutines.cs:17)

(Filename: /Users/bokken/build/output/unity/unity/Runtime/Export/Debug/Debug.bindings.cs Line: 123)

T0_CASE_THREAD_CHECK existing UI action available: phase-next
UnityEngine.Debug:ExtractStackTraceNoAlloc (byte*,int,string)
UnityEngine.StackTraceUtility:ExtractStackTrace () (at /Users/bokken/build/output/unity/unity/Runtime/Export/Scripting/StackTrace.cs:35)
UnityEngine.DebugLogHandler:Internal_Log (UnityEngine.LogType,UnityEngine.LogOption,string,UnityEngine.Object)
UnityEngine.DebugLogHandler:LogFormat (UnityEngine.LogType,UnityEngine.Object,string,object[]) (at /Users/bokken/build/output/unity/unity/Runtime/Export/Logging/DebugLogHandler.cs:9)
UnityEngine.Logger:Log (UnityEngine.LogType,object) (at /Users/bokken/build/output/unity/unity/Runtime/Export/Logging/Logger.cs:60)
UnityEngine.Debug:Log (object) (at /Users/bokken/build/output/unity/unity/Runtime/Export/Debug/Debug.bindings.cs:123)
Tide.App.T0CaseThreadSmoke:Require (bool,string) (at /private/tmp/t0-case-thread-p1-native-20260910/build-project/Assets/_Project/App/T0GameSession.cs:304)
Tide.App.T0CaseThreadSmoke:Act (string) (at /private/tmp/t0-case-thread-p1-native-20260910/build-project/Assets/_Project/App/T0GameSession.cs:312)
Tide.App.T0CaseThreadSmoke/<PickWindow>d__27:MoveNext () (at /private/tmp/t0-case-thread-p1-native-20260910/build-project/Assets/_Project/App/T0GameSession.cs:411)
Tide.App.T0CaseThreadSmoke/<Start>d__11:MoveNext () (at /private/tmp/t0-case-thread-p1-native-20260910/build-project/Assets/_Project/App/T0GameSession.cs:295)
UnityEngine.SetupCoroutine:InvokeMoveNext (System.Collections.IEnumerator,intptr) (at /Users/bokken/build/output/unity/unity/Runtime/Export/Scripting/Coroutines.cs:17)

(Filename: /Users/bokken/build/output/unity/unity/Runtime/Export/Debug/Debug.bindings.cs Line: 123)

T0_CASE_THREAD_CHECK existing UI action available: phase-H-1:00
UnityEngine.Debug:ExtractStackTraceNoAlloc (byte*,int,string)
UnityEngine.StackTraceUtility:ExtractStackTrace () (at /Users/bokken/build/output/unity/unity/Runtime/Export/Scripting/StackTrace.cs:35)
UnityEngine.DebugLogHandler:Internal_Log (UnityEngine.LogType,UnityEngine.LogOption,string,UnityEngine.Object)
UnityEngine.DebugLogHandler:LogFormat (UnityEngine.LogType,UnityEngine.Object,string,object[]) (at /Users/bokken/build/output/unity/unity/Runtime/Export/Logging/DebugLogHandler.cs:9)
UnityEngine.Logger:Log (UnityEngine.LogType,object) (at /Users/bokken/build/output/unity/unity/Runtime/Export/Logging/Logger.cs:60)
UnityEngine.Debug:Log (object) (at /Users/bokken/build/output/unity/unity/Runtime/Export/Debug/Debug.bindings.cs:123)
Tide.App.T0CaseThreadSmoke:Require (bool,string) (at /private/tmp/t0-case-thread-p1-native-20260910/build-project/Assets/_Project/App/T0GameSession.cs:304)
Tide.App.T0CaseThreadSmoke:Act (string) (at /private/tmp/t0-case-thread-p1-native-20260910/build-project/Assets/_Project/App/T0GameSession.cs:312)
Tide.App.T0CaseThreadSmoke/<PickWindow>d__27:MoveNext () (at /private/tmp/t0-case-thread-p1-native-20260910/build-project/Assets/_Project/App/T0GameSession.cs:412)
Tide.App.T0CaseThreadSmoke/<Start>d__11:MoveNext () (at /private/tmp/t0-case-thread-p1-native-20260910/build-project/Assets/_Project/App/T0GameSession.cs:295)
UnityEngine.SetupCoroutine:InvokeMoveNext (System.Collections.IEnumerator,intptr) (at /Users/bokken/build/output/unity/unity/Runtime/Export/Scripting/Coroutines.cs:17)

(Filename: /Users/bokken/build/output/unity/unity/Runtime/Export/Debug/Debug.bindings.cs Line: 123)

T0_CASE_THREAD_CHECK existing UI action available: pick-end
UnityEngine.Debug:ExtractStackTraceNoAlloc (byte*,int,string)
UnityEngine.StackTraceUtility:ExtractStackTrace () (at /Users/bokken/build/output/unity/unity/Runtime/Export/Scripting/StackTrace.cs:35)
UnityEngine.DebugLogHandler:Internal_Log (UnityEngine.LogType,UnityEngine.LogOption,string,UnityEngine.Object)
UnityEngine.DebugLogHandler:LogFormat (UnityEngine.LogType,UnityEngine.Object,string,object[]) (at /Users/bokken/build/output/unity/unity/Runtime/Export/Logging/DebugLogHandler.cs:9)
UnityEngine.Logger:Log (UnityEngine.LogType,object) (at /Users/bokken/build/output/unity/unity/Runtime/Export/Logging/Logger.cs:60)
UnityEngine.Debug:Log (object) (at /Users/bokken/build/output/unity/unity/Runtime/Export/Debug/Debug.bindings.cs:123)
Tide.App.T0CaseThreadSmoke:Require (bool,string) (at /private/tmp/t0-case-thread-p1-native-20260910/build-project/Assets/_Project/App/T0GameSession.cs:304)
Tide.App.T0CaseThreadSmoke:Act (string) (at /private/tmp/t0-case-thread-p1-native-20260910/build-project/Assets/_Project/App/T0GameSession.cs:312)
Tide.App.T0CaseThreadSmoke/<PickWindow>d__27:MoveNext () (at /private/tmp/t0-case-thread-p1-native-20260910/build-project/Assets/_Project/App/T0GameSession.cs:412)
Tide.App.T0CaseThreadSmoke/<Start>d__11:MoveNext () (at /private/tmp/t0-case-thread-p1-native-20260910/build-project/Assets/_Project/App/T0GameSession.cs:295)
UnityEngine.SetupCoroutine:InvokeMoveNext (System.Collections.IEnumerator,intptr) (at /Users/bokken/build/output/unity/unity/Runtime/Export/Scripting/Coroutines.cs:17)

(Filename: /Users/bokken/build/output/unity/unity/Runtime/Export/Debug/Debug.bindings.cs Line: 123)

T0_CASE_THREAD_CHECK end phase picker bounded
UnityEngine.Debug:ExtractStackTraceNoAlloc (byte*,int,string)
UnityEngine.StackTraceUtility:ExtractStackTrace () (at /Users/bokken/build/output/unity/unity/Runtime/Export/Scripting/StackTrace.cs:35)
UnityEngine.DebugLogHandler:Internal_Log (UnityEngine.LogType,UnityEngine.LogOption,string,UnityEngine.Object)
UnityEngine.DebugLogHandler:LogFormat (UnityEngine.LogType,UnityEngine.Object,string,object[]) (at /Users/bokken/build/output/unity/unity/Runtime/Export/Logging/DebugLogHandler.cs:9)
UnityEngine.Logger:Log (UnityEngine.LogType,object) (at /Users/bokken/build/output/unity/unity/Runtime/Export/Logging/Logger.cs:60)
UnityEngine.Debug:Log (object) (at /Users/bokken/build/output/unity/unity/Runtime/Export/Debug/Debug.bindings.cs:123)
Tide.App.T0CaseThreadSmoke:Require (bool,string) (at /private/tmp/t0-case-thread-p1-native-20260910/build-project/Assets/_Project/App/T0GameSession.cs:304)
Tide.App.T0CaseThreadSmoke/<PickWindow>d__27:MoveNext () (at /private/tmp/t0-case-thread-p1-native-20260910/build-project/Assets/_Project/App/T0GameSession.cs:413)
Tide.App.T0CaseThreadSmoke/<Start>d__11:MoveNext () (at /private/tmp/t0-case-thread-p1-native-20260910/build-project/Assets/_Project/App/T0GameSession.cs:295)
UnityEngine.SetupCoroutine:InvokeMoveNext (System.Collections.IEnumerator,intptr) (at /Users/bokken/build/output/unity/unity/Runtime/Export/Scripting/Coroutines.cs:17)

(Filename: /Users/bokken/build/output/unity/unity/Runtime/Export/Debug/Debug.bindings.cs Line: 123)

T0_CASE_THREAD_CHECK existing UI action available: phase-prev
UnityEngine.Debug:ExtractStackTraceNoAlloc (byte*,int,string)
UnityEngine.StackTraceUtility:ExtractStackTrace () (at /Users/bokken/build/output/unity/unity/Runtime/Export/Scripting/StackTrace.cs:35)
UnityEngine.DebugLogHandler:Internal_Log (UnityEngine.LogType,UnityEngine.LogOption,string,UnityEngine.Object)
UnityEngine.DebugLogHandler:LogFormat (UnityEngine.LogType,UnityEngine.Object,string,object[]) (at /Users/bokken/build/output/unity/unity/Runtime/Export/Logging/DebugLogHandler.cs:9)
UnityEngine.Logger:Log (UnityEngine.LogType,object) (at /Users/bokken/build/output/unity/unity/Runtime/Export/Logging/Logger.cs:60)
UnityEngine.Debug:Log (object) (at /Users/bokken/build/output/unity/unity/Runtime/Export/Debug/Debug.bindings.cs:123)
Tide.App.T0CaseThreadSmoke:Require (bool,string) (at /private/tmp/t0-case-thread-p1-native-20260910/build-project/Assets/_Project/App/T0GameSession.cs:304)
Tide.App.T0CaseThreadSmoke:Act (string) (at /private/tmp/t0-case-thread-p1-native-20260910/build-project/Assets/_Project/App/T0GameSession.cs:312)
Tide.App.T0CaseThreadSmoke/<PickWindow>d__27:MoveNext () (at /private/tmp/t0-case-thread-p1-native-20260910/build-project/Assets/_Project/App/T0GameSession.cs:413)
Tide.App.T0CaseThreadSmoke/<Start>d__11:MoveNext () (at /private/tmp/t0-case-thread-p1-native-20260910/build-project/Assets/_Project/App/T0GameSession.cs:295)
UnityEngine.SetupCoroutine:InvokeMoveNext (System.Collections.IEnumerator,intptr) (at /Users/bokken/build/output/unity/unity/Runtime/Export/Scripting/Coroutines.cs:17)

(Filename: /Users/bokken/build/output/unity/unity/Runtime/Export/Debug/Debug.bindings.cs Line: 123)

T0_CASE_THREAD_CHECK existing UI action available: phase-H+3:00
UnityEngine.Debug:ExtractStackTraceNoAlloc (byte*,int,string)
UnityEngine.StackTraceUtility:ExtractStackTrace () (at /Users/bokken/build/output/unity/unity/Runtime/Export/Scripting/StackTrace.cs:35)
UnityEngine.DebugLogHandler:Internal_Log (UnityEngine.LogType,UnityEngine.LogOption,string,UnityEngine.Object)
UnityEngine.DebugLogHandler:LogFormat (UnityEngine.LogType,UnityEngine.Object,string,object[]) (at /Users/bokken/build/output/unity/unity/Runtime/Export/Logging/DebugLogHandler.cs:9)
UnityEngine.Logger:Log (UnityEngine.LogType,object) (at /Users/bokken/build/output/unity/unity/Runtime/Export/Logging/Logger.cs:60)
UnityEngine.Debug:Log (object) (at /Users/bokken/build/output/unity/unity/Runtime/Export/Debug/Debug.bindings.cs:123)
Tide.App.T0CaseThreadSmoke:Require (bool,string) (at /private/tmp/t0-case-thread-p1-native-20260910/build-project/Assets/_Project/App/T0GameSession.cs:304)
Tide.App.T0CaseThreadSmoke:Act (string) (at /private/tmp/t0-case-thread-p1-native-20260910/build-project/Assets/_Project/App/T0GameSession.cs:312)
Tide.App.T0CaseThreadSmoke/<PickWindow>d__27:MoveNext () (at /private/tmp/t0-case-thread-p1-native-20260910/build-project/Assets/_Project/App/T0GameSession.cs:414)
Tide.App.T0CaseThreadSmoke/<Start>d__11:MoveNext () (at /private/tmp/t0-case-thread-p1-native-20260910/build-project/Assets/_Project/App/T0GameSession.cs:295)
UnityEngine.SetupCoroutine:InvokeMoveNext (System.Collections.IEnumerator,intptr) (at /Users/bokken/build/output/unity/unity/Runtime/Export/Scripting/Coroutines.cs:17)

(Filename: /Users/bokken/build/output/unity/unity/Runtime/Export/Debug/Debug.bindings.cs Line: 123)

T0_CASE_THREAD_CHECK save queue settled
UnityEngine.Debug:ExtractStackTraceNoAlloc (byte*,int,string)
UnityEngine.StackTraceUtility:ExtractStackTrace () (at /Users/bokken/build/output/unity/unity/Runtime/Export/Scripting/StackTrace.cs:35)
UnityEngine.DebugLogHandler:Internal_Log (UnityEngine.LogType,UnityEngine.LogOption,string,UnityEngine.Object)
UnityEngine.DebugLogHandler:LogFormat (UnityEngine.LogType,UnityEngine.Object,string,object[]) (at /Users/bokken/build/output/unity/unity/Runtime/Export/Logging/DebugLogHandler.cs:9)
UnityEngine.Logger:Log (UnityEngine.LogType,object) (at /Users/bokken/build/output/unity/unity/Runtime/Export/Logging/Logger.cs:60)
UnityEngine.Debug:Log (object) (at /Users/bokken/build/output/unity/unity/Runtime/Export/Debug/Debug.bindings.cs:123)
Tide.App.T0CaseThreadSmoke:Require (bool,string) (at /private/tmp/t0-case-thread-p1-native-20260910/build-project/Assets/_Project/App/T0GameSession.cs:304)
Tide.App.T0CaseThreadSmoke/<Drain>d__18:MoveNext () (at /private/tmp/t0-case-thread-p1-native-20260910/build-project/Assets/_Project/App/T0GameSession.cs:337)
Tide.App.T0CaseThreadSmoke/<Start>d__11:MoveNext () (at /private/tmp/t0-case-thread-p1-native-20260910/build-project/Assets/_Project/App/T0GameSession.cs:295)
UnityEngine.SetupCoroutine:InvokeMoveNext (System.Collections.IEnumerator,intptr) (at /Users/bokken/build/output/unity/unity/Runtime/Export/Scripting/Coroutines.cs:17)

(Filename: /Users/bokken/build/output/unity/unity/Runtime/Export/Debug/Debug.bindings.cs Line: 123)

T0_CASE_THREAD_CHECK exactly one active CaseThread text
UnityEngine.Debug:ExtractStackTraceNoAlloc (byte*,int,string)
UnityEngine.StackTraceUtility:ExtractStackTrace () (at /Users/bokken/build/output/unity/unity/Runtime/Export/Scripting/StackTrace.cs:35)
UnityEngine.DebugLogHandler:Internal_Log (UnityEngine.LogType,UnityEngine.LogOption,string,UnityEngine.Object)
UnityEngine.DebugLogHandler:LogFormat (UnityEngine.LogType,UnityEngine.Object,string,object[]) (at /Users/bokken/build/output/unity/unity/Runtime/Export/Logging/DebugLogHandler.cs:9)
UnityEngine.Logger:Log (UnityEngine.LogType,object) (at /Users/bokken/build/output/unity/unity/Runtime/Export/Logging/Logger.cs:60)
UnityEngine.Debug:Log (object) (at /Users/bokken/build/output/unity/unity/Runtime/Export/Debug/Debug.bindings.cs:123)
Tide.App.T0CaseThreadSmoke:Require (bool,string) (at /private/tmp/t0-case-thread-p1-native-20260910/build-project/Assets/_Project/App/T0GameSession.cs:304)
Tide.App.T0CaseThreadSmoke:Card () (at /private/tmp/t0-case-thread-p1-native-20260910/build-project/Assets/_Project/App/T0GameSession.cs:341)
Tide.App.T0CaseThreadSmoke/<Inspect>d__23:MoveNext () (at /private/tmp/t0-case-thread-p1-native-20260910/build-project/Assets/_Project/App/T0GameSession.cs:366)
Tide.App.T0CaseThreadSmoke/<Start>d__11:MoveNext () (at /private/tmp/t0-case-thread-p1-native-20260910/build-project/Assets/_Project/App/T0GameSession.cs:295)
UnityEngine.SetupCoroutine:InvokeMoveNext (System.Collections.IEnumerator,intptr) (at /Users/bokken/build/output/unity/unity/Runtime/Export/Scripting/Coroutines.cs:17)

(Filename: /Users/bokken/build/output/unity/unity/Runtime/Export/Debug/Debug.bindings.cs Line: 123)

T0_CASE_THREAD_CHECK prepared-0-of-2: objective visible
UnityEngine.Debug:ExtractStackTraceNoAlloc (byte*,int,string)
UnityEngine.StackTraceUtility:ExtractStackTrace () (at /Users/bokken/build/output/unity/unity/Runtime/Export/Scripting/StackTrace.cs:35)
UnityEngine.DebugLogHandler:Internal_Log (UnityEngine.LogType,UnityEngine.LogOption,string,UnityEngine.Object)
UnityEngine.DebugLogHandler:LogFormat (UnityEngine.LogType,UnityEngine.Object,string,object[]) (at /Users/bokken/build/output/unity/unity/Runtime/Export/Logging/DebugLogHandler.cs:9)
UnityEngine.Logger:Log (UnityEngine.LogType,object) (at /Users/bokken/build/output/unity/unity/Runtime/Export/Logging/Logger.cs:60)
UnityEngine.Debug:Log (object) (at /Users/bokken/build/output/unity/unity/Runtime/Export/Debug/Debug.bindings.cs:123)
Tide.App.T0CaseThreadSmoke:Require (bool,string) (at /private/tmp/t0-case-thread-p1-native-20260910/build-project/Assets/_Project/App/T0GameSession.cs:304)
Tide.App.T0CaseThreadSmoke/<Inspect>d__23:MoveNext () (at /private/tmp/t0-case-thread-p1-native-20260910/build-project/Assets/_Project/App/T0GameSession.cs:366)
Tide.App.T0CaseThreadSmoke/<Start>d__11:MoveNext () (at /private/tmp/t0-case-thread-p1-native-20260910/build-project/Assets/_Project/App/T0GameSession.cs:295)
UnityEngine.SetupCoroutine:InvokeMoveNext (System.Collections.IEnumerator,intptr) (at /Users/bokken/build/output/unity/unity/Runtime/Export/Scripting/Coroutines.cs:17)

(Filename: /Users/bokken/build/output/unity/unity/Runtime/Export/Debug/Debug.bindings.cs Line: 123)

T0_CASE_THREAD_CHECK prepared-0-of-2: 0/2 visible
UnityEngine.Debug:ExtractStackTraceNoAlloc (byte*,int,string)
UnityEngine.StackTraceUtility:ExtractStackTrace () (at /Users/bokken/build/output/unity/unity/Runtime/Export/Scripting/StackTrace.cs:35)
UnityEngine.DebugLogHandler:Internal_Log (UnityEngine.LogType,UnityEngine.LogOption,string,UnityEngine.Object)
UnityEngine.DebugLogHandler:LogFormat (UnityEngine.LogType,UnityEngine.Object,string,object[]) (at /Users/bokken/build/output/unity/unity/Runtime/Export/Logging/DebugLogHandler.cs:9)
UnityEngine.Logger:Log (UnityEngine.LogType,object) (at /Users/bokken/build/output/unity/unity/Runtime/Export/Logging/Logger.cs:60)
UnityEngine.Debug:Log (object) (at /Users/bokken/build/output/unity/unity/Runtime/Export/Debug/Debug.bindings.cs:123)
Tide.App.T0CaseThreadSmoke:Require (bool,string) (at /private/tmp/t0-case-thread-p1-native-20260910/build-project/Assets/_Project/App/T0GameSession.cs:304)
Tide.App.T0CaseThreadSmoke/<Inspect>d__23:MoveNext () (at /private/tmp/t0-case-thread-p1-native-20260910/build-project/Assets/_Project/App/T0GameSession.cs:367)
Tide.App.T0CaseThreadSmoke/<Start>d__11:MoveNext () (at /private/tmp/t0-case-thread-p1-native-20260910/build-project/Assets/_Project/App/T0GameSession.cs:295)
UnityEngine.SetupCoroutine:InvokeMoveNext (System.Collections.IEnumerator,intptr) (at /Users/bokken/build/output/unity/unity/Runtime/Export/Scripting/Coroutines.cs:17)

(Filename: /Users/bokken/build/output/unity/unity/Runtime/Export/Debug/Debug.bindings.cs Line: 123)

T0_CASE_THREAD_CHECK prepared-0-of-2: next line present
UnityEngine.Debug:ExtractStackTraceNoAlloc (byte*,int,string)
UnityEngine.StackTraceUtility:ExtractStackTrace () (at /Users/bokken/build/output/unity/unity/Runtime/Export/Scripting/StackTrace.cs:35)
UnityEngine.DebugLogHandler:Internal_Log (UnityEngine.LogType,UnityEngine.LogOption,string,UnityEngine.Object)
UnityEngine.DebugLogHandler:LogFormat (UnityEngine.LogType,UnityEngine.Object,string,object[]) (at /Users/bokken/build/output/unity/unity/Runtime/Export/Logging/DebugLogHandler.cs:9)
UnityEngine.Logger:Log (UnityEngine.LogType,object) (at /Users/bokken/build/output/unity/unity/Runtime/Export/Logging/Logger.cs:60)
UnityEngine.Debug:Log (object) (at /Users/bokken/build/output/unity/unity/Runtime/Export/Debug/Debug.bindings.cs:123)
Tide.App.T0CaseThreadSmoke:Require (bool,string) (at /private/tmp/t0-case-thread-p1-native-20260910/build-project/Assets/_Project/App/T0GameSession.cs:304)
Tide.App.T0CaseThreadSmoke:GenericGuidance (UnityEngine.UI.Text,string) (at /private/tmp/t0-case-thread-p1-native-20260910/build-project/Assets/_Project/App/T0GameSession.cs:356)
Tide.App.T0CaseThreadSmoke/<Inspect>d__23:MoveNext () (at /private/tmp/t0-case-thread-p1-native-20260910/build-project/Assets/_Project/App/T0GameSession.cs:368)
Tide.App.T0CaseThreadSmoke/<Start>d__11:MoveNext () (at /private/tmp/t0-case-thread-p1-native-20260910/build-project/Assets/_Project/App/T0GameSession.cs:295)
UnityEngine.SetupCoroutine:InvokeMoveNext (System.Collections.IEnumerator,intptr) (at /Users/bokken/build/output/unity/unity/Runtime/Export/Scripting/Coroutines.cs:17)

(Filename: /Users/bokken/build/output/unity/unity/Runtime/Export/Debug/Debug.bindings.cs Line: 123)

T0_CASE_THREAD_CHECK prepared-0-of-2: next line is generic objective guidance: 근거를 살펴보고 인용을 고정하세요.
UnityEngine.Debug:ExtractStackTraceNoAlloc (byte*,int,string)
UnityEngine.StackTraceUtility:ExtractStackTrace () (at /Users/bokken/build/output/unity/unity/Runtime/Export/Scripting/StackTrace.cs:35)
UnityEngine.DebugLogHandler:Internal_Log (UnityEngine.LogType,UnityEngine.LogOption,string,UnityEngine.Object)
UnityEngine.DebugLogHandler:LogFormat (UnityEngine.LogType,UnityEngine.Object,string,object[]) (at /Users/bokken/build/output/unity/unity/Runtime/Export/Logging/DebugLogHandler.cs:9)
UnityEngine.Logger:Log (UnityEngine.LogType,object) (at /Users/bokken/build/output/unity/unity/Runtime/Export/Logging/Logger.cs:60)
UnityEngine.Debug:Log (object) (at /Users/bokken/build/output/unity/unity/Runtime/Export/Debug/Debug.bindings.cs:123)
Tide.App.T0CaseThreadSmoke:Require (bool,string) (at /private/tmp/t0-case-thread-p1-native-20260910/build-project/Assets/_Project/App/T0GameSession.cs:304)
Tide.App.T0CaseThreadSmoke:GenericGuidance (UnityEngine.UI.Text,string) (at /private/tmp/t0-case-thread-p1-native-20260910/build-project/Assets/_Project/App/T0GameSession.cs:358)
Tide.App.T0CaseThreadSmoke/<Inspect>d__23:MoveNext () (at /private/tmp/t0-case-thread-p1-native-20260910/build-project/Assets/_Project/App/T0GameSession.cs:368)
Tide.App.T0CaseThreadSmoke/<Start>d__11:MoveNext () (at /private/tmp/t0-case-thread-p1-native-20260910/build-project/Assets/_Project/App/T0GameSession.cs:295)
UnityEngine.SetupCoroutine:InvokeMoveNext (System.Collections.IEnumerator,intptr) (at /Users/bokken/build/output/unity/unity/Runtime/Export/Scripting/Coroutines.cs:17)

(Filename: /Users/bokken/build/output/unity/unity/Runtime/Export/Debug/Debug.bindings.cs Line: 123)

T0_CASE_THREAD_CHECK prepared-0-of-2: no disclosure of rec-handover-brief
UnityEngine.Debug:ExtractStackTraceNoAlloc (byte*,int,string)
UnityEngine.StackTraceUtility:ExtractStackTrace () (at /Users/bokken/build/output/unity/unity/Runtime/Export/Scripting/StackTrace.cs:35)
UnityEngine.DebugLogHandler:Internal_Log (UnityEngine.LogType,UnityEngine.LogOption,string,UnityEngine.Object)
UnityEngine.DebugLogHandler:LogFormat (UnityEngine.LogType,UnityEngine.Object,string,object[]) (at /Users/bokken/build/output/unity/unity/Runtime/Export/Logging/DebugLogHandler.cs:9)
UnityEngine.Logger:Log (UnityEngine.LogType,object) (at /Users/bokken/build/output/unity/unity/Runtime/Export/Logging/Logger.cs:60)
UnityEngine.Debug:Log (object) (at /Users/bokken/build/output/unity/unity/Runtime/Export/Debug/Debug.bindings.cs:123)
Tide.App.T0CaseThreadSmoke:Require (bool,string) (at /private/tmp/t0-case-thread-p1-native-20260910/build-project/Assets/_Project/App/T0GameSession.cs:304)
Tide.App.T0CaseThreadSmoke:GenericGuidance (UnityEngine.UI.Text,string) (at /private/tmp/t0-case-thread-p1-native-20260910/build-project/Assets/_Project/App/T0GameSession.cs:359)
Tide.App.T0CaseThreadSmoke/<Inspect>d__23:MoveNext () (at /private/tmp/t0-case-thread-p1-native-20260910/build-project/Assets/_Project/App/T0GameSession.cs:368)
Tide.App.T0CaseThreadSmoke/<Start>d__11:MoveNext () (at /private/tmp/t0-case-thread-p1-native-20260910/build-project/Assets/_Project/App/T0GameSession.cs:295)
UnityEngine.SetupCoroutine:InvokeMoveNext (System.Collections.IEnumerator,intptr) (at /Users/bokken/build/output/unity/unity/Runtime/Export/Scripting/Coroutines.cs:17)

(Filename: /Users/bokken/build/output/unity/unity/Runtime/Export/Debug/Debug.bindings.cs Line: 123)

T0_CASE_THREAD_CHECK prepared-0-of-2: no disclosure of rec-plate-standard-hub
UnityEngine.Debug:ExtractStackTraceNoAlloc (byte*,int,string)
UnityEngine.StackTraceUtility:ExtractStackTrace () (at /Users/bokken/build/output/unity/unity/Runtime/Export/Scripting/StackTrace.cs:35)
UnityEngine.DebugLogHandler:Internal_Log (UnityEngine.LogType,UnityEngine.LogOption,string,UnityEngine.Object)
UnityEngine.DebugLogHandler:LogFormat (UnityEngine.LogType,UnityEngine.Object,string,object[]) (at /Users/bokken/build/output/unity/unity/Runtime/Export/Logging/DebugLogHandler.cs:9)
UnityEngine.Logger:Log (UnityEngine.LogType,object) (at /Users/bokken/build/output/unity/unity/Runtime/Export/Logging/Logger.cs:60)
UnityEngine.Debug:Log (object) (at /Users/bokken/build/output/unity/unity/Runtime/Export/Debug/Debug.bindings.cs:123)
Tide.App.T0CaseThreadSmoke:Require (bool,string) (at /private/tmp/t0-case-thread-p1-native-20260910/build-project/Assets/_Project/App/T0GameSession.cs:304)
Tide.App.T0CaseThreadSmoke:GenericGuidance (UnityEngine.UI.Text,string) (at /private/tmp/t0-case-thread-p1-native-20260910/build-project/Assets/_Project/App/T0GameSession.cs:359)
Tide.App.T0CaseThreadSmoke/<Inspect>d__23:MoveNext () (at /private/tmp/t0-case-thread-p1-native-20260910/build-project/Assets/_Project/App/T0GameSession.cs:368)
Tide.App.T0CaseThreadSmoke/<Start>d__11:MoveNext () (at /private/tmp/t0-case-thread-p1-native-20260910/build-project/Assets/_Project/App/T0GameSession.cs:295)
UnityEngine.SetupCoroutine:InvokeMoveNext (System.Collections.IEnumerator,intptr) (at /Users/bokken/build/output/unity/unity/Runtime/Export/Scripting/Coroutines.cs:17)

(Filename: /Users/bokken/build/output/unity/unity/Runtime/Export/Debug/Debug.bindings.cs Line: 123)

T0_CASE_THREAD_CHECK prepared-0-of-2: no disclosure of rec-tide-ledger-bureau
UnityEngine.Debug:ExtractStackTraceNoAlloc (byte*,int,string)
UnityEngine.StackTraceUtility:ExtractStackTrace () (at /Users/bokken/build/output/unity/unity/Runtime/Export/Scripting/StackTrace.cs:35)
UnityEngine.DebugLogHandler:Internal_Log (UnityEngine.LogType,UnityEngine.LogOption,string,UnityEngine.Object)
UnityEngine.DebugLogHandler:LogFormat (UnityEngine.LogType,UnityEngine.Object,string,object[]) (at /Users/bokken/build/output/unity/unity/Runtime/Export/Logging/DebugLogHandler.cs:9)
UnityEngine.Logger:Log (UnityEngine.LogType,object) (at /Users/bokken/build/output/unity/unity/Runtime/Export/Logging/Logger.cs:60)
UnityEngine.Debug:Log (object) (at /Users/bokken/build/output/unity/unity/Runtime/Export/Debug/Debug.bindings.cs:123)
Tide.App.T0CaseThreadSmoke:Require (bool,string) (at /private/tmp/t0-case-thread-p1-native-20260910/build-project/Assets/_Project/App/T0GameSession.cs:304)
Tide.App.T0CaseThreadSmoke:GenericGuidance (UnityEngine.UI.Text,string) (at /private/tmp/t0-case-thread-p1-native-20260910/build-project/Assets/_Project/App/T0GameSession.cs:359)
Tide.App.T0CaseThreadSmoke/<Inspect>d__23:MoveNext () (at /private/tmp/t0-case-thread-p1-native-20260910/build-project/Assets/_Project/App/T0GameSession.cs:368)
Tide.App.T0CaseThreadSmoke/<Start>d__11:MoveNext () (at /private/tmp/t0-case-thread-p1-native-20260910/build-project/Assets/_Project/App/T0GameSession.cs:295)
UnityEngine.SetupCoroutine:InvokeMoveNext (System.Collections.IEnumerator,intptr) (at /Users/bokken/build/output/unity/unity/Runtime/Export/Scripting/Coroutines.cs:17)

(Filename: /Users/bokken/build/output/unity/unity/Runtime/Export/Debug/Debug.bindings.cs Line: 123)

T0_CASE_THREAD_CHECK prepared-0-of-2: no disclosure of rec-transfer-list
UnityEngine.Debug:ExtractStackTraceNoAlloc (byte*,int,string)
UnityEngine.StackTraceUtility:ExtractStackTrace () (at /Users/bokken/build/output/unity/unity/Runtime/Export/Scripting/StackTrace.cs:35)
UnityEngine.DebugLogHandler:Internal_Log (UnityEngine.LogType,UnityEngine.LogOption,string,UnityEngine.Object)
UnityEngine.DebugLogHandler:LogFormat (UnityEngine.LogType,UnityEngine.Object,string,object[]) (at /Users/bokken/build/output/unity/unity/Runtime/Export/Logging/DebugLogHandler.cs:9)
UnityEngine.Logger:Log (UnityEngine.LogType,object) (at /Users/bokken/build/output/unity/unity/Runtime/Export/Logging/Logger.cs:60)
UnityEngine.Debug:Log (object) (at /Users/bokken/build/output/unity/unity/Runtime/Export/Debug/Debug.bindings.cs:123)
Tide.App.T0CaseThreadSmoke:Require (bool,string) (at /private/tmp/t0-case-thread-p1-native-20260910/build-project/Assets/_Project/App/T0GameSession.cs:304)
Tide.App.T0CaseThreadSmoke:GenericGuidance (UnityEngine.UI.Text,string) (at /private/tmp/t0-case-thread-p1-native-20260910/build-project/Assets/_Project/App/T0GameSession.cs:359)
Tide.App.T0CaseThreadSmoke/<Inspect>d__23:MoveNext () (at /private/tmp/t0-case-thread-p1-native-20260910/build-project/Assets/_Project/App/T0GameSession.cs:368)
Tide.App.T0CaseThreadSmoke/<Start>d__11:MoveNext () (at /private/tmp/t0-case-thread-p1-native-20260910/build-project/Assets/_Project/App/T0GameSession.cs:295)
UnityEngine.SetupCoroutine:InvokeMoveNext (System.Collections.IEnumerator,intptr) (at /Users/bokken/build/output/unity/unity/Runtime/Export/Scripting/Coroutines.cs:17)

(Filename: /Users/bokken/build/output/unity/unity/Runtime/Export/Debug/Debug.bindings.cs Line: 123)

T0_CASE_THREAD_CHECK prepared-0-of-2: no disclosure of rec-watchlog-bureau
UnityEngine.Debug:ExtractStackTraceNoAlloc (byte*,int,string)
UnityEngine.StackTraceUtility:ExtractStackTrace () (at /Users/bokken/build/output/unity/unity/Runtime/Export/Scripting/StackTrace.cs:35)
UnityEngine.DebugLogHandler:Internal_Log (UnityEngine.LogType,UnityEngine.LogOption,string,UnityEngine.Object)
UnityEngine.DebugLogHandler:LogFormat (UnityEngine.LogType,UnityEngine.Object,string,object[]) (at /Users/bokken/build/output/unity/unity/Runtime/Export/Logging/DebugLogHandler.cs:9)
UnityEngine.Logger:Log (UnityEngine.LogType,object) (at /Users/bokken/build/output/unity/unity/Runtime/Export/Logging/Logger.cs:60)
UnityEngine.Debug:Log (object) (at /Users/bokken/build/output/unity/unity/Runtime/Export/Debug/Debug.bindings.cs:123)
Tide.App.T0CaseThreadSmoke:Require (bool,string) (at /private/tmp/t0-case-thread-p1-native-20260910/build-project/Assets/_Project/App/T0GameSession.cs:304)
Tide.App.T0CaseThreadSmoke:GenericGuidance (UnityEngine.UI.Text,string) (at /private/tmp/t0-case-thread-p1-native-20260910/build-project/Assets/_Project/App/T0GameSession.cs:359)
Tide.App.T0CaseThreadSmoke/<Inspect>d__23:MoveNext () (at /private/tmp/t0-case-thread-p1-native-20260910/build-project/Assets/_Project/App/T0GameSession.cs:368)
Tide.App.T0CaseThreadSmoke/<Start>d__11:MoveNext () (at /private/tmp/t0-case-thread-p1-native-20260910/build-project/Assets/_Project/App/T0GameSession.cs:295)
UnityEngine.SetupCoroutine:InvokeMoveNext (System.Collections.IEnumerator,intptr) (at /Users/bokken/build/output/unity/unity/Runtime/Export/Scripting/Coroutines.cs:17)

(Filename: /Users/bokken/build/output/unity/unity/Runtime/Export/Debug/Debug.bindings.cs Line: 123)

T0_CASE_THREAD_CHECK prepared-0-of-2: no disclosure of 근무 규정 필사본
UnityEngine.Debug:ExtractStackTraceNoAlloc (byte*,int,string)
UnityEngine.StackTraceUtility:ExtractStackTrace () (at /Users/bokken/build/output/unity/unity/Runtime/Export/Scripting/StackTrace.cs:35)
UnityEngine.DebugLogHandler:Internal_Log (UnityEngine.LogType,UnityEngine.LogOption,string,UnityEngine.Object)
UnityEngine.DebugLogHandler:LogFormat (UnityEngine.LogType,UnityEngine.Object,string,object[]) (at /Users/bokken/build/output/unity/unity/Runtime/Export/Logging/DebugLogHandler.cs:9)
UnityEngine.Logger:Log (UnityEngine.LogType,object) (at /Users/bokken/build/output/unity/unity/Runtime/Export/Logging/Logger.cs:60)
UnityEngine.Debug:Log (object) (at /Users/bokken/build/output/unity/unity/Runtime/Export/Debug/Debug.bindings.cs:123)
Tide.App.T0CaseThreadSmoke:Require (bool,string) (at /private/tmp/t0-case-thread-p1-native-20260910/build-project/Assets/_Project/App/T0GameSession.cs:304)
Tide.App.T0CaseThreadSmoke:GenericGuidance (UnityEngine.UI.Text,string) (at /private/tmp/t0-case-thread-p1-native-20260910/build-project/Assets/_Project/App/T0GameSession.cs:359)
Tide.App.T0CaseThreadSmoke/<Inspect>d__23:MoveNext () (at /private/tmp/t0-case-thread-p1-native-20260910/build-project/Assets/_Project/App/T0GameSession.cs:368)
Tide.App.T0CaseThreadSmoke/<Start>d__11:MoveNext () (at /private/tmp/t0-case-thread-p1-native-20260910/build-project/Assets/_Project/App/T0GameSession.cs:295)
UnityEngine.SetupCoroutine:InvokeMoveNext (System.Collections.IEnumerator,intptr) (at /Users/bokken/build/output/unity/unity/Runtime/Export/Scripting/Coroutines.cs:17)

(Filename: /Users/bokken/build/output/unity/unity/Runtime/Export/Debug/Debug.bindings.cs Line: 123)

T0_CASE_THREAD_CHECK prepared-0-of-2: no disclosure of 기록국 조위대장
UnityEngine.Debug:ExtractStackTraceNoAlloc (byte*,int,string)
UnityEngine.StackTraceUtility:ExtractStackTrace () (at /Users/bokken/build/output/unity/unity/Runtime/Export/Scripting/StackTrace.cs:35)
UnityEngine.DebugLogHandler:Internal_Log (UnityEngine.LogType,UnityEngine.LogOption,string,UnityEngine.Object)
UnityEngine.DebugLogHandler:LogFormat (UnityEngine.LogType,UnityEngine.Object,string,object[]) (at /Users/bokken/build/output/unity/unity/Runtime/Export/Logging/DebugLogHandler.cs:9)
UnityEngine.Logger:Log (UnityEngine.LogType,object) (at /Users/bokken/build/output/unity/unity/Runtime/Export/Logging/Logger.cs:60)
UnityEngine.Debug:Log (object) (at /Users/bokken/build/output/unity/unity/Runtime/Export/Debug/Debug.bindings.cs:123)
Tide.App.T0CaseThreadSmoke:Require (bool,string) (at /private/tmp/t0-case-thread-p1-native-20260910/build-project/Assets/_Project/App/T0GameSession.cs:304)
Tide.App.T0CaseThreadSmoke:GenericGuidance (UnityEngine.UI.Text,string) (at /private/tmp/t0-case-thread-p1-native-20260910/build-project/Assets/_Project/App/T0GameSession.cs:359)
Tide.App.T0CaseThreadSmoke/<Inspect>d__23:MoveNext () (at /private/tmp/t0-case-thread-p1-native-20260910/build-project/Assets/_Project/App/T0GameSession.cs:368)
Tide.App.T0CaseThreadSmoke/<Start>d__11:MoveNext () (at /private/tmp/t0-case-thread-p1-native-20260910/build-project/Assets/_Project/App/T0GameSession.cs:295)
UnityEngine.SetupCoroutine:InvokeMoveNext (System.Collections.IEnumerator,intptr) (at /Users/bokken/build/output/unity/unity/Runtime/Export/Scripting/Coroutines.cs:17)

(Filename: /Users/bokken/build/output/unity/unity/Runtime/Export/Debug/Debug.bindings.cs Line: 123)

T0_CASE_THREAD_CHECK prepared-0-of-2: no disclosure of 당직실 표준판
UnityEngine.Debug:ExtractStackTraceNoAlloc (byte*,int,string)
UnityEngine.StackTraceUtility:ExtractStackTrace () (at /Users/bokken/build/output/unity/unity/Runtime/Export/Scripting/StackTrace.cs:35)
UnityEngine.DebugLogHandler:Internal_Log (UnityEngine.LogType,UnityEngine.LogOption,string,UnityEngine.Object)
UnityEngine.DebugLogHandler:LogFormat (UnityEngine.LogType,UnityEngine.Object,string,object[]) (at /Users/bokken/build/output/unity/unity/Runtime/Export/Logging/DebugLogHandler.cs:9)
UnityEngine.Logger:Log (UnityEngine.LogType,object) (at /Users/bokken/build/output/unity/unity/Runtime/Export/Logging/Logger.cs:60)
UnityEngine.Debug:Log (object) (at /Users/bokken/build/output/unity/unity/Runtime/Export/Debug/Debug.bindings.cs:123)
Tide.App.T0CaseThreadSmoke:Require (bool,string) (at /private/tmp/t0-case-thread-p1-native-20260910/build-project/Assets/_Project/App/T0GameSession.cs:304)
Tide.App.T0CaseThreadSmoke:GenericGuidance (UnityEngine.UI.Text,string) (at /private/tmp/t0-case-thread-p1-native-20260910/build-project/Assets/_Project/App/T0GameSession.cs:359)
Tide.App.T0CaseThreadSmoke/<Inspect>d__23:MoveNext () (at /private/tmp/t0-case-thread-p1-native-20260910/build-project/Assets/_Project/App/T0GameSession.cs:368)
Tide.App.T0CaseThreadSmoke/<Start>d__11:MoveNext () (at /private/tmp/t0-case-thread-p1-native-20260910/build-project/Assets/_Project/App/T0GameSession.cs:295)
UnityEngine.SetupCoroutine:InvokeMoveNext (System.Collections.IEnumerator,intptr) (at /Users/bokken/build/output/unity/unity/Runtime/Export/Scripting/Coroutines.cs:17)

(Filename: /Users/bokken/build/output/unity/unity/Runtime/Export/Debug/Debug.bindings.cs Line: 123)

T0_CASE_THREAD_CHECK prepared-0-of-2: no disclosure of 이관 목록
UnityEngine.Debug:ExtractStackTraceNoAlloc (byte*,int,string)
UnityEngine.StackTraceUtility:ExtractStackTrace () (at /Users/bokken/build/output/unity/unity/Runtime/Export/Scripting/StackTrace.cs:35)
UnityEngine.DebugLogHandler:Internal_Log (UnityEngine.LogType,UnityEngine.LogOption,string,UnityEngine.Object)
UnityEngine.DebugLogHandler:LogFormat (UnityEngine.LogType,UnityEngine.Object,string,object[]) (at /Users/bokken/build/output/unity/unity/Runtime/Export/Logging/DebugLogHandler.cs:9)
UnityEngine.Logger:Log (UnityEngine.LogType,object) (at /Users/bokken/build/output/unity/unity/Runtime/Export/Logging/Logger.cs:60)
UnityEngine.Debug:Log (object) (at /Users/bokken/build/output/unity/unity/Runtime/Export/Debug/Debug.bindings.cs:123)
Tide.App.T0CaseThreadSmoke:Require (bool,string) (at /private/tmp/t0-case-thread-p1-native-20260910/build-project/Assets/_Project/App/T0GameSession.cs:304)
Tide.App.T0CaseThreadSmoke:GenericGuidance (UnityEngine.UI.Text,string) (at /private/tmp/t0-case-thread-p1-native-20260910/build-project/Assets/_Project/App/T0GameSession.cs:359)
Tide.App.T0CaseThreadSmoke/<Inspect>d__23:MoveNext () (at /private/tmp/t0-case-thread-p1-native-20260910/build-project/Assets/_Project/App/T0GameSession.cs:368)
Tide.App.T0CaseThreadSmoke/<Start>d__11:MoveNext () (at /private/tmp/t0-case-thread-p1-native-20260910/build-project/Assets/_Project/App/T0GameSession.cs:295)
UnityEngine.SetupCoroutine:InvokeMoveNext (System.Collections.IEnumerator,intptr) (at /Users/bokken/build/output/unity/unity/Runtime/Export/Scripting/Coroutines.cs:17)

(Filename: /Users/bokken/build/output/unity/unity/Runtime/Export/Debug/Debug.bindings.cs Line: 123)

T0_CASE_THREAD_CHECK prepared-0-of-2: no disclosure of 인수 각서
UnityEngine.Debug:ExtractStackTraceNoAlloc (byte*,int,string)
UnityEngine.StackTraceUtility:ExtractStackTrace () (at /Users/bokken/build/output/unity/unity/Runtime/Export/Scripting/StackTrace.cs:35)
UnityEngine.DebugLogHandler:Internal_Log (UnityEngine.LogType,UnityEngine.LogOption,string,UnityEngine.Object)
UnityEngine.DebugLogHandler:LogFormat (UnityEngine.LogType,UnityEngine.Object,string,object[]) (at /Users/bokken/build/output/unity/unity/Runtime/Export/Logging/DebugLogHandler.cs:9)
UnityEngine.Logger:Log (UnityEngine.LogType,object) (at /Users/bokken/build/output/unity/unity/Runtime/Export/Logging/Logger.cs:60)
UnityEngine.Debug:Log (object) (at /Users/bokken/build/output/unity/unity/Runtime/Export/Debug/Debug.bindings.cs:123)
Tide.App.T0CaseThreadSmoke:Require (bool,string) (at /private/tmp/t0-case-thread-p1-native-20260910/build-project/Assets/_Project/App/T0GameSession.cs:304)
Tide.App.T0CaseThreadSmoke:GenericGuidance (UnityEngine.UI.Text,string) (at /private/tmp/t0-case-thread-p1-native-20260910/build-project/Assets/_Project/App/T0GameSession.cs:359)
Tide.App.T0CaseThreadSmoke/<Inspect>d__23:MoveNext () (at /private/tmp/t0-case-thread-p1-native-20260910/build-project/Assets/_Project/App/T0GameSession.cs:368)
Tide.App.T0CaseThreadSmoke/<Start>d__11:MoveNext () (at /private/tmp/t0-case-thread-p1-native-20260910/build-project/Assets/_Project/App/T0GameSession.cs:295)
UnityEngine.SetupCoroutine:InvokeMoveNext (System.Collections.IEnumerator,intptr) (at /Users/bokken/build/output/unity/unity/Runtime/Export/Scripting/Coroutines.cs:17)

(Filename: /Users/bokken/build/output/unity/unity/Runtime/Export/Debug/Debug.bindings.cs Line: 123)

T0_CASE_THREAD_CHECK prepared-0-of-2: no disclosure of 원판
UnityEngine.Debug:ExtractStackTraceNoAlloc (byte*,int,string)
UnityEngine.StackTraceUtility:ExtractStackTrace () (at /Users/bokken/build/output/unity/unity/Runtime/Export/Scripting/StackTrace.cs:35)
UnityEngine.DebugLogHandler:Internal_Log (UnityEngine.LogType,UnityEngine.LogOption,string,UnityEngine.Object)
UnityEngine.DebugLogHandler:LogFormat (UnityEngine.LogType,UnityEngine.Object,string,object[]) (at /Users/bokken/build/output/unity/unity/Runtime/Export/Logging/DebugLogHandler.cs:9)
UnityEngine.Logger:Log (UnityEngine.LogType,object) (at /Users/bokken/build/output/unity/unity/Runtime/Export/Logging/Logger.cs:60)
UnityEngine.Debug:Log (object) (at /Users/bokken/build/output/unity/unity/Runtime/Export/Debug/Debug.bindings.cs:123)
Tide.App.T0CaseThreadSmoke:Require (bool,string) (at /private/tmp/t0-case-thread-p1-native-20260910/build-project/Assets/_Project/App/T0GameSession.cs:304)
Tide.App.T0CaseThreadSmoke:GenericGuidance (UnityEngine.UI.Text,string) (at /private/tmp/t0-case-thread-p1-native-20260910/build-project/Assets/_Project/App/T0GameSession.cs:359)
Tide.App.T0CaseThreadSmoke/<Inspect>d__23:MoveNext () (at /private/tmp/t0-case-thread-p1-native-20260910/build-project/Assets/_Project/App/T0GameSession.cs:368)
Tide.App.T0CaseThreadSmoke/<Start>d__11:MoveNext () (at /private/tmp/t0-case-thread-p1-native-20260910/build-project/Assets/_Project/App/T0GameSession.cs:295)
UnityEngine.SetupCoroutine:InvokeMoveNext (System.Collections.IEnumerator,intptr) (at /Users/bokken/build/output/unity/unity/Runtime/Export/Scripting/Coroutines.cs:17)

(Filename: /Users/bokken/build/output/unity/unity/Runtime/Export/Debug/Debug.bindings.cs Line: 123)

T0_CASE_THREAD_CHECK prepared-0-of-2: no disclosure of 장부
UnityEngine.Debug:ExtractStackTraceNoAlloc (byte*,int,string)
UnityEngine.StackTraceUtility:ExtractStackTrace () (at /Users/bokken/build/output/unity/unity/Runtime/Export/Scripting/StackTrace.cs:35)
UnityEngine.DebugLogHandler:Internal_Log (UnityEngine.LogType,UnityEngine.LogOption,string,UnityEngine.Object)
UnityEngine.DebugLogHandler:LogFormat (UnityEngine.LogType,UnityEngine.Object,string,object[]) (at /Users/bokken/build/output/unity/unity/Runtime/Export/Logging/DebugLogHandler.cs:9)
UnityEngine.Logger:Log (UnityEngine.LogType,object) (at /Users/bokken/build/output/unity/unity/Runtime/Export/Logging/Logger.cs:60)
UnityEngine.Debug:Log (object) (at /Users/bokken/build/output/unity/unity/Runtime/Export/Debug/Debug.bindings.cs:123)
Tide.App.T0CaseThreadSmoke:Require (bool,string) (at /private/tmp/t0-case-thread-p1-native-20260910/build-project/Assets/_Project/App/T0GameSession.cs:304)
Tide.App.T0CaseThreadSmoke:GenericGuidance (UnityEngine.UI.Text,string) (at /private/tmp/t0-case-thread-p1-native-20260910/build-project/Assets/_Project/App/T0GameSession.cs:359)
Tide.App.T0CaseThreadSmoke/<Inspect>d__23:MoveNext () (at /private/tmp/t0-case-thread-p1-native-20260910/build-project/Assets/_Project/App/T0GameSession.cs:368)
Tide.App.T0CaseThreadSmoke/<Start>d__11:MoveNext () (at /private/tmp/t0-case-thread-p1-native-20260910/build-project/Assets/_Project/App/T0GameSession.cs:295)
UnityEngine.SetupCoroutine:InvokeMoveNext (System.Collections.IEnumerator,intptr) (at /Users/bokken/build/output/unity/unity/Runtime/Export/Scripting/Coroutines.cs:17)

(Filename: /Users/bokken/build/output/unity/unity/Runtime/Export/Debug/Debug.bindings.cs Line: 123)

T0_CASE_THREAD_CHECK prepared-0-of-2: no disclosure of 당직일지
UnityEngine.Debug:ExtractStackTraceNoAlloc (byte*,int,string)
UnityEngine.StackTraceUtility:ExtractStackTrace () (at /Users/bokken/build/output/unity/unity/Runtime/Export/Scripting/StackTrace.cs:35)
UnityEngine.DebugLogHandler:Internal_Log (UnityEngine.LogType,UnityEngine.LogOption,string,UnityEngine.Object)
UnityEngine.DebugLogHandler:LogFormat (UnityEngine.LogType,UnityEngine.Object,string,object[]) (at /Users/bokken/build/output/unity/unity/Runtime/Export/Logging/DebugLogHandler.cs:9)
UnityEngine.Logger:Log (UnityEngine.LogType,object) (at /Users/bokken/build/output/unity/unity/Runtime/Export/Logging/Logger.cs:60)
UnityEngine.Debug:Log (object) (at /Users/bokken/build/output/unity/unity/Runtime/Export/Debug/Debug.bindings.cs:123)
Tide.App.T0CaseThreadSmoke:Require (bool,string) (at /private/tmp/t0-case-thread-p1-native-20260910/build-project/Assets/_Project/App/T0GameSession.cs:304)
Tide.App.T0CaseThreadSmoke:GenericGuidance (UnityEngine.UI.Text,string) (at /private/tmp/t0-case-thread-p1-native-20260910/build-project/Assets/_Project/App/T0GameSession.cs:359)
Tide.App.T0CaseThreadSmoke/<Inspect>d__23:MoveNext () (at /private/tmp/t0-case-thread-p1-native-20260910/build-project/Assets/_Project/App/T0GameSession.cs:368)
Tide.App.T0CaseThreadSmoke/<Start>d__11:MoveNext () (at /private/tmp/t0-case-thread-p1-native-20260910/build-project/Assets/_Project/App/T0GameSession.cs:295)
UnityEngine.SetupCoroutine:InvokeMoveNext (System.Collections.IEnumerator,intptr) (at /Users/bokken/build/output/unity/unity/Runtime/Export/Scripting/Coroutines.cs:17)

(Filename: /Users/bokken/build/output/unity/unity/Runtime/Export/Debug/Debug.bindings.cs Line: 123)

T0_CASE_THREAD_CHECK prepared-0-of-2: no disclosure of H-1
UnityEngine.Debug:ExtractStackTraceNoAlloc (byte*,int,string)
UnityEngine.StackTraceUtility:ExtractStackTrace () (at /Users/bokken/build/output/unity/unity/Runtime/Export/Scripting/StackTrace.cs:35)
UnityEngine.DebugLogHandler:Internal_Log (UnityEngine.LogType,UnityEngine.LogOption,string,UnityEngine.Object)
UnityEngine.DebugLogHandler:LogFormat (UnityEngine.LogType,UnityEngine.Object,string,object[]) (at /Users/bokken/build/output/unity/unity/Runtime/Export/Logging/DebugLogHandler.cs:9)
UnityEngine.Logger:Log (UnityEngine.LogType,object) (at /Users/bokken/build/output/unity/unity/Runtime/Export/Logging/Logger.cs:60)
UnityEngine.Debug:Log (object) (at /Users/bokken/build/output/unity/unity/Runtime/Export/Debug/Debug.bindings.cs:123)
Tide.App.T0CaseThreadSmoke:Require (bool,string) (at /private/tmp/t0-case-thread-p1-native-20260910/build-project/Assets/_Project/App/T0GameSession.cs:304)
Tide.App.T0CaseThreadSmoke:GenericGuidance (UnityEngine.UI.Text,string) (at /private/tmp/t0-case-thread-p1-native-20260910/build-project/Assets/_Project/App/T0GameSession.cs:359)
Tide.App.T0CaseThreadSmoke/<Inspect>d__23:MoveNext () (at /private/tmp/t0-case-thread-p1-native-20260910/build-project/Assets/_Project/App/T0GameSession.cs:368)
Tide.App.T0CaseThreadSmoke/<Start>d__11:MoveNext () (at /private/tmp/t0-case-thread-p1-native-20260910/build-project/Assets/_Project/App/T0GameSession.cs:295)
UnityEngine.SetupCoroutine:InvokeMoveNext (System.Collections.IEnumerator,intptr) (at /Users/bokken/build/output/unity/unity/Runtime/Export/Scripting/Coroutines.cs:17)

(Filename: /Users/bokken/build/output/unity/unity/Runtime/Export/Debug/Debug.bindings.cs Line: 123)

T0_CASE_THREAD_CHECK prepared-0-of-2: no disclosure of H+3
UnityEngine.Debug:ExtractStackTraceNoAlloc (byte*,int,string)
UnityEngine.StackTraceUtility:ExtractStackTrace () (at /Users/bokken/build/output/unity/unity/Runtime/Export/Scripting/StackTrace.cs:35)
UnityEngine.DebugLogHandler:Internal_Log (UnityEngine.LogType,UnityEngine.LogOption,string,UnityEngine.Object)
UnityEngine.DebugLogHandler:LogFormat (UnityEngine.LogType,UnityEngine.Object,string,object[]) (at /Users/bokken/build/output/unity/unity/Runtime/Export/Logging/DebugLogHandler.cs:9)
UnityEngine.Logger:Log (UnityEngine.LogType,object) (at /Users/bokken/build/output/unity/unity/Runtime/Export/Logging/Logger.cs:60)
UnityEngine.Debug:Log (object) (at /Users/bokken/build/output/unity/unity/Runtime/Export/Debug/Debug.bindings.cs:123)
Tide.App.T0CaseThreadSmoke:Require (bool,string) (at /private/tmp/t0-case-thread-p1-native-20260910/build-project/Assets/_Project/App/T0GameSession.cs:304)
Tide.App.T0CaseThreadSmoke:GenericGuidance (UnityEngine.UI.Text,string) (at /private/tmp/t0-case-thread-p1-native-20260910/build-project/Assets/_Project/App/T0GameSession.cs:359)
Tide.App.T0CaseThreadSmoke/<Inspect>d__23:MoveNext () (at /private/tmp/t0-case-thread-p1-native-20260910/build-project/Assets/_Project/App/T0GameSession.cs:368)
Tide.App.T0CaseThreadSmoke/<Start>d__11:MoveNext () (at /private/tmp/t0-case-thread-p1-native-20260910/build-project/Assets/_Project/App/T0GameSession.cs:295)
UnityEngine.SetupCoroutine:InvokeMoveNext (System.Collections.IEnumerator,intptr) (at /Users/bokken/build/output/unity/unity/Runtime/Export/Scripting/Coroutines.cs:17)

(Filename: /Users/bokken/build/output/unity/unity/Runtime/Export/Debug/Debug.bindings.cs Line: 123)

T0_CASE_THREAD_CHECK prepared-0-of-2: no disclosure of 단일 사고
UnityEngine.Debug:ExtractStackTraceNoAlloc (byte*,int,string)
UnityEngine.StackTraceUtility:ExtractStackTrace () (at /Users/bokken/build/output/unity/unity/Runtime/Export/Scripting/StackTrace.cs:35)
UnityEngine.DebugLogHandler:Internal_Log (UnityEngine.LogType,UnityEngine.LogOption,string,UnityEngine.Object)
UnityEngine.DebugLogHandler:LogFormat (UnityEngine.LogType,UnityEngine.Object,string,object[]) (at /Users/bokken/build/output/unity/unity/Runtime/Export/Logging/DebugLogHandler.cs:9)
UnityEngine.Logger:Log (UnityEngine.LogType,object) (at /Users/bokken/build/output/unity/unity/Runtime/Export/Logging/Logger.cs:60)
UnityEngine.Debug:Log (object) (at /Users/bokken/build/output/unity/unity/Runtime/Export/Debug/Debug.bindings.cs:123)
Tide.App.T0CaseThreadSmoke:Require (bool,string) (at /private/tmp/t0-case-thread-p1-native-20260910/build-project/Assets/_Project/App/T0GameSession.cs:304)
Tide.App.T0CaseThreadSmoke:GenericGuidance (UnityEngine.UI.Text,string) (at /private/tmp/t0-case-thread-p1-native-20260910/build-project/Assets/_Project/App/T0GameSession.cs:359)
Tide.App.T0CaseThreadSmoke/<Inspect>d__23:MoveNext () (at /private/tmp/t0-case-thread-p1-native-20260910/build-project/Assets/_Project/App/T0GameSession.cs:368)
Tide.App.T0CaseThreadSmoke/<Start>d__11:MoveNext () (at /private/tmp/t0-case-thread-p1-native-20260910/build-project/Assets/_Project/App/T0GameSession.cs:295)
UnityEngine.SetupCoroutine:InvokeMoveNext (System.Collections.IEnumerator,intptr) (at /Users/bokken/build/output/unity/unity/Runtime/Export/Scripting/Coroutines.cs:17)

(Filename: /Users/bokken/build/output/unity/unity/Runtime/Export/Debug/Debug.bindings.cs Line: 123)

T0_CASE_THREAD_CHECK prepared-0-of-2: no disclosure of 유지 실패
UnityEngine.Debug:ExtractStackTraceNoAlloc (byte*,int,string)
UnityEngine.StackTraceUtility:ExtractStackTrace () (at /Users/bokken/build/output/unity/unity/Runtime/Export/Scripting/StackTrace.cs:35)
UnityEngine.DebugLogHandler:Internal_Log (UnityEngine.LogType,UnityEngine.LogOption,string,UnityEngine.Object)
UnityEngine.DebugLogHandler:LogFormat (UnityEngine.LogType,UnityEngine.Object,string,object[]) (at /Users/bokken/build/output/unity/unity/Runtime/Export/Logging/DebugLogHandler.cs:9)
UnityEngine.Logger:Log (UnityEngine.LogType,object) (at /Users/bokken/build/output/unity/unity/Runtime/Export/Logging/Logger.cs:60)
UnityEngine.Debug:Log (object) (at /Users/bokken/build/output/unity/unity/Runtime/Export/Debug/Debug.bindings.cs:123)
Tide.App.T0CaseThreadSmoke:Require (bool,string) (at /private/tmp/t0-case-thread-p1-native-20260910/build-project/Assets/_Project/App/T0GameSession.cs:304)
Tide.App.T0CaseThreadSmoke:GenericGuidance (UnityEngine.UI.Text,string) (at /private/tmp/t0-case-thread-p1-native-20260910/build-project/Assets/_Project/App/T0GameSession.cs:359)
Tide.App.T0CaseThreadSmoke/<Inspect>d__23:MoveNext () (at /private/tmp/t0-case-thread-p1-native-20260910/build-project/Assets/_Project/App/T0GameSession.cs:368)
Tide.App.T0CaseThreadSmoke/<Start>d__11:MoveNext () (at /private/tmp/t0-case-thread-p1-native-20260910/build-project/Assets/_Project/App/T0GameSession.cs:295)
UnityEngine.SetupCoroutine:InvokeMoveNext (System.Collections.IEnumerator,intptr) (at /Users/bokken/build/output/unity/unity/Runtime/Export/Scripting/Coroutines.cs:17)

(Filename: /Users/bokken/build/output/unity/unity/Runtime/Export/Debug/Debug.bindings.cs Line: 123)

T0_CASE_THREAD_CHECK prepared-0-of-2: no disclosure of 서명 순서
UnityEngine.Debug:ExtractStackTraceNoAlloc (byte*,int,string)
UnityEngine.StackTraceUtility:ExtractStackTrace () (at /Users/bokken/build/output/unity/unity/Runtime/Export/Scripting/StackTrace.cs:35)
UnityEngine.DebugLogHandler:Internal_Log (UnityEngine.LogType,UnityEngine.LogOption,string,UnityEngine.Object)
UnityEngine.DebugLogHandler:LogFormat (UnityEngine.LogType,UnityEngine.Object,string,object[]) (at /Users/bokken/build/output/unity/unity/Runtime/Export/Logging/DebugLogHandler.cs:9)
UnityEngine.Logger:Log (UnityEngine.LogType,object) (at /Users/bokken/build/output/unity/unity/Runtime/Export/Logging/Logger.cs:60)
UnityEngine.Debug:Log (object) (at /Users/bokken/build/output/unity/unity/Runtime/Export/Debug/Debug.bindings.cs:123)
Tide.App.T0CaseThreadSmoke:Require (bool,string) (at /private/tmp/t0-case-thread-p1-native-20260910/build-project/Assets/_Project/App/T0GameSession.cs:304)
Tide.App.T0CaseThreadSmoke:GenericGuidance (UnityEngine.UI.Text,string) (at /private/tmp/t0-case-thread-p1-native-20260910/build-project/Assets/_Project/App/T0GameSession.cs:359)
Tide.App.T0CaseThreadSmoke/<Inspect>d__23:MoveNext () (at /private/tmp/t0-case-thread-p1-native-20260910/build-project/Assets/_Project/App/T0GameSession.cs:368)
Tide.App.T0CaseThreadSmoke/<Start>d__11:MoveNext () (at /private/tmp/t0-case-thread-p1-native-20260910/build-project/Assets/_Project/App/T0GameSession.cs:295)
UnityEngine.SetupCoroutine:InvokeMoveNext (System.Collections.IEnumerator,intptr) (at /Users/bokken/build/output/unity/unity/Runtime/Export/Scripting/Coroutines.cs:17)

(Filename: /Users/bokken/build/output/unity/unity/Runtime/Export/Debug/Debug.bindings.cs Line: 123)

T0_CASE_THREAD_CHECK prepared-0-of-2: no disclosure of 책임 사슬
UnityEngine.Debug:ExtractStackTraceNoAlloc (byte*,int,string)
UnityEngine.StackTraceUtility:ExtractStackTrace () (at /Users/bokken/build/output/unity/unity/Runtime/Export/Scripting/StackTrace.cs:35)
UnityEngine.DebugLogHandler:Internal_Log (UnityEngine.LogType,UnityEngine.LogOption,string,UnityEngine.Object)
UnityEngine.DebugLogHandler:LogFormat (UnityEngine.LogType,UnityEngine.Object,string,object[]) (at /Users/bokken/build/output/unity/unity/Runtime/Export/Logging/DebugLogHandler.cs:9)
UnityEngine.Logger:Log (UnityEngine.LogType,object) (at /Users/bokken/build/output/unity/unity/Runtime/Export/Logging/Logger.cs:60)
UnityEngine.Debug:Log (object) (at /Users/bokken/build/output/unity/unity/Runtime/Export/Debug/Debug.bindings.cs:123)
Tide.App.T0CaseThreadSmoke:Require (bool,string) (at /private/tmp/t0-case-thread-p1-native-20260910/build-project/Assets/_Project/App/T0GameSession.cs:304)
Tide.App.T0CaseThreadSmoke:GenericGuidance (UnityEngine.UI.Text,string) (at /private/tmp/t0-case-thread-p1-native-20260910/build-project/Assets/_Project/App/T0GameSession.cs:359)
Tide.App.T0CaseThreadSmoke/<Inspect>d__23:MoveNext () (at /private/tmp/t0-case-thread-p1-native-20260910/build-project/Assets/_Project/App/T0GameSession.cs:368)
Tide.App.T0CaseThreadSmoke/<Start>d__11:MoveNext () (at /private/tmp/t0-case-thread-p1-native-20260910/build-project/Assets/_Project/App/T0GameSession.cs:295)
UnityEngine.SetupCoroutine:InvokeMoveNext (System.Collections.IEnumerator,intptr) (at /Users/bokken/build/output/unity/unity/Runtime/Export/Scripting/Coroutines.cs:17)

(Filename: /Users/bokken/build/output/unity/unity/Runtime/Export/Debug/Debug.bindings.cs Line: 123)

T0_CASE_THREAD_CHECK prepared-0-of-2: no disclosure of offset-left
UnityEngine.Debug:ExtractStackTraceNoAlloc (byte*,int,string)
UnityEngine.StackTraceUtility:ExtractStackTrace () (at /Users/bokken/build/output/unity/unity/Runtime/Export/Scripting/StackTrace.cs:35)
UnityEngine.DebugLogHandler:Internal_Log (UnityEngine.LogType,UnityEngine.LogOption,string,UnityEngine.Object)
UnityEngine.DebugLogHandler:LogFormat (UnityEngine.LogType,UnityEngine.Object,string,object[]) (at /Users/bokken/build/output/unity/unity/Runtime/Export/Logging/DebugLogHandler.cs:9)
UnityEngine.Logger:Log (UnityEngine.LogType,object) (at /Users/bokken/build/output/unity/unity/Runtime/Export/Logging/Logger.cs:60)
UnityEngine.Debug:Log (object) (at /Users/bokken/build/output/unity/unity/Runtime/Export/Debug/Debug.bindings.cs:123)
Tide.App.T0CaseThreadSmoke:Require (bool,string) (at /private/tmp/t0-case-thread-p1-native-20260910/build-project/Assets/_Project/App/T0GameSession.cs:304)
Tide.App.T0CaseThreadSmoke:GenericGuidance (UnityEngine.UI.Text,string) (at /private/tmp/t0-case-thread-p1-native-20260910/build-project/Assets/_Project/App/T0GameSession.cs:359)
Tide.App.T0CaseThreadSmoke/<Inspect>d__23:MoveNext () (at /private/tmp/t0-case-thread-p1-native-20260910/build-project/Assets/_Project/App/T0GameSession.cs:368)
Tide.App.T0CaseThreadSmoke/<Start>d__11:MoveNext () (at /private/tmp/t0-case-thread-p1-native-20260910/build-project/Assets/_Project/App/T0GameSession.cs:295)
UnityEngine.SetupCoroutine:InvokeMoveNext (System.Collections.IEnumerator,intptr) (at /Users/bokken/build/output/unity/unity/Runtime/Export/Scripting/Coroutines.cs:17)

(Filename: /Users/bokken/build/output/unity/unity/Runtime/Export/Debug/Debug.bindings.cs Line: 123)

T0_CASE_THREAD_CHECK prepared-0-of-2: no disclosure of offset-up
UnityEngine.Debug:ExtractStackTraceNoAlloc (byte*,int,string)
UnityEngine.StackTraceUtility:ExtractStackTrace () (at /Users/bokken/build/output/unity/unity/Runtime/Export/Scripting/StackTrace.cs:35)
UnityEngine.DebugLogHandler:Internal_Log (UnityEngine.LogType,UnityEngine.LogOption,string,UnityEngine.Object)
UnityEngine.DebugLogHandler:LogFormat (UnityEngine.LogType,UnityEngine.Object,string,object[]) (at /Users/bokken/build/output/unity/unity/Runtime/Export/Logging/DebugLogHandler.cs:9)
UnityEngine.Logger:Log (UnityEngine.LogType,object) (at /Users/bokken/build/output/unity/unity/Runtime/Export/Logging/Logger.cs:60)
UnityEngine.Debug:Log (object) (at /Users/bokken/build/output/unity/unity/Runtime/Export/Debug/Debug.bindings.cs:123)
Tide.App.T0CaseThreadSmoke:Require (bool,string) (at /private/tmp/t0-case-thread-p1-native-20260910/build-project/Assets/_Project/App/T0GameSession.cs:304)
Tide.App.T0CaseThreadSmoke:GenericGuidance (UnityEngine.UI.Text,string) (at /private/tmp/t0-case-thread-p1-native-20260910/build-project/Assets/_Project/App/T0GameSession.cs:359)
Tide.App.T0CaseThreadSmoke/<Inspect>d__23:MoveNext () (at /private/tmp/t0-case-thread-p1-native-20260910/build-project/Assets/_Project/App/T0GameSession.cs:368)
Tide.App.T0CaseThreadSmoke/<Start>d__11:MoveNext () (at /private/tmp/t0-case-thread-p1-native-20260910/build-project/Assets/_Project/App/T0GameSession.cs:295)
UnityEngine.SetupCoroutine:InvokeMoveNext (System.Collections.IEnumerator,intptr) (at /Users/bokken/build/output/unity/unity/Runtime/Export/Scripting/Coroutines.cs:17)

(Filename: /Users/bokken/build/output/unity/unity/Runtime/Export/Debug/Debug.bindings.cs Line: 123)

T0_CASE_THREAD_CHECK prepared-0-of-2: no authored time window
UnityEngine.Debug:ExtractStackTraceNoAlloc (byte*,int,string)
UnityEngine.StackTraceUtility:ExtractStackTrace () (at /Users/bokken/build/output/unity/unity/Runtime/Export/Scripting/StackTrace.cs:35)
UnityEngine.DebugLogHandler:Internal_Log (UnityEngine.LogType,UnityEngine.LogOption,string,UnityEngine.Object)
UnityEngine.DebugLogHandler:LogFormat (UnityEngine.LogType,UnityEngine.Object,string,object[]) (at /Users/bokken/build/output/unity/unity/Runtime/Export/Logging/DebugLogHandler.cs:9)
UnityEngine.Logger:Log (UnityEngine.LogType,object) (at /Users/bokken/build/output/unity/unity/Runtime/Export/Logging/Logger.cs:60)
UnityEngine.Debug:Log (object) (at /Users/bokken/build/output/unity/unity/Runtime/Export/Debug/Debug.bindings.cs:123)
Tide.App.T0CaseThreadSmoke:Require (bool,string) (at /private/tmp/t0-case-thread-p1-native-20260910/build-project/Assets/_Project/App/T0GameSession.cs:304)
Tide.App.T0CaseThreadSmoke:GenericGuidance (UnityEngine.UI.Text,string) (at /private/tmp/t0-case-thread-p1-native-20260910/build-project/Assets/_Project/App/T0GameSession.cs:360)
Tide.App.T0CaseThreadSmoke/<Inspect>d__23:MoveNext () (at /private/tmp/t0-case-thread-p1-native-20260910/build-project/Assets/_Project/App/T0GameSession.cs:368)
Tide.App.T0CaseThreadSmoke/<Start>d__11:MoveNext () (at /private/tmp/t0-case-thread-p1-native-20260910/build-project/Assets/_Project/App/T0GameSession.cs:295)
UnityEngine.SetupCoroutine:InvokeMoveNext (System.Collections.IEnumerator,intptr) (at /Users/bokken/build/output/unity/unity/Runtime/Export/Scripting/Coroutines.cs:17)

(Filename: /Users/bokken/build/output/unity/unity/Runtime/Export/Debug/Debug.bindings.cs Line: 123)

T0_CASE_THREAD_CHECK prepared-0-of-2: card text fits allocated height
UnityEngine.Debug:ExtractStackTraceNoAlloc (byte*,int,string)
UnityEngine.StackTraceUtility:ExtractStackTrace () (at /Users/bokken/build/output/unity/unity/Runtime/Export/Scripting/StackTrace.cs:35)
UnityEngine.DebugLogHandler:Internal_Log (UnityEngine.LogType,UnityEngine.LogOption,string,UnityEngine.Object)
UnityEngine.DebugLogHandler:LogFormat (UnityEngine.LogType,UnityEngine.Object,string,object[]) (at /Users/bokken/build/output/unity/unity/Runtime/Export/Logging/DebugLogHandler.cs:9)
UnityEngine.Logger:Log (UnityEngine.LogType,object) (at /Users/bokken/build/output/unity/unity/Runtime/Export/Logging/Logger.cs:60)
UnityEngine.Debug:Log (object) (at /Users/bokken/build/output/unity/unity/Runtime/Export/Debug/Debug.bindings.cs:123)
Tide.App.T0CaseThreadSmoke:Require (bool,string) (at /private/tmp/t0-case-thread-p1-native-20260910/build-project/Assets/_Project/App/T0GameSession.cs:304)
Tide.App.T0CaseThreadSmoke:GenericGuidance (UnityEngine.UI.Text,string) (at /private/tmp/t0-case-thread-p1-native-20260910/build-project/Assets/_Project/App/T0GameSession.cs:361)
Tide.App.T0CaseThreadSmoke/<Inspect>d__23:MoveNext () (at /private/tmp/t0-case-thread-p1-native-20260910/build-project/Assets/_Project/App/T0GameSession.cs:368)
Tide.App.T0CaseThreadSmoke/<Start>d__11:MoveNext () (at /private/tmp/t0-case-thread-p1-native-20260910/build-project/Assets/_Project/App/T0GameSession.cs:295)
UnityEngine.SetupCoroutine:InvokeMoveNext (System.Collections.IEnumerator,intptr) (at /Users/bokken/build/output/unity/unity/Runtime/Export/Scripting/Coroutines.cs:17)

(Filename: /Users/bokken/build/output/unity/unity/Runtime/Export/Debug/Debug.bindings.cs Line: 123)

T0_CASE_THREAD_CHECK prepared-0-of-2: completion wording matches live state
UnityEngine.Debug:ExtractStackTraceNoAlloc (byte*,int,string)
UnityEngine.StackTraceUtility:ExtractStackTrace () (at /Users/bokken/build/output/unity/unity/Runtime/Export/Scripting/StackTrace.cs:35)
UnityEngine.DebugLogHandler:Internal_Log (UnityEngine.LogType,UnityEngine.LogOption,string,UnityEngine.Object)
UnityEngine.DebugLogHandler:LogFormat (UnityEngine.LogType,UnityEngine.Object,string,object[]) (at /Users/bokken/build/output/unity/unity/Runtime/Export/Logging/DebugLogHandler.cs:9)
UnityEngine.Logger:Log (UnityEngine.LogType,object) (at /Users/bokken/build/output/unity/unity/Runtime/Export/Logging/Logger.cs:60)
UnityEngine.Debug:Log (object) (at /Users/bokken/build/output/unity/unity/Runtime/Export/Debug/Debug.bindings.cs:123)
Tide.App.T0CaseThreadSmoke:Require (bool,string) (at /private/tmp/t0-case-thread-p1-native-20260910/build-project/Assets/_Project/App/T0GameSession.cs:304)
Tide.App.T0CaseThreadSmoke/<Inspect>d__23:MoveNext () (at /private/tmp/t0-case-thread-p1-native-20260910/build-project/Assets/_Project/App/T0GameSession.cs:369)
Tide.App.T0CaseThreadSmoke/<Start>d__11:MoveNext () (at /private/tmp/t0-case-thread-p1-native-20260910/build-project/Assets/_Project/App/T0GameSession.cs:295)
UnityEngine.SetupCoroutine:InvokeMoveNext (System.Collections.IEnumerator,intptr) (at /Users/bokken/build/output/unity/unity/Runtime/Export/Scripting/Coroutines.cs:17)

(Filename: /Users/bokken/build/output/unity/unity/Runtime/Export/Debug/Debug.bindings.cs Line: 123)

T0_CASE_THREAD_CHECK prepared-0-of-2: live t0-b3 completion agrees
UnityEngine.Debug:ExtractStackTraceNoAlloc (byte*,int,string)
UnityEngine.StackTraceUtility:ExtractStackTrace () (at /Users/bokken/build/output/unity/unity/Runtime/Export/Scripting/StackTrace.cs:35)
UnityEngine.DebugLogHandler:Internal_Log (UnityEngine.LogType,UnityEngine.LogOption,string,UnityEngine.Object)
UnityEngine.DebugLogHandler:LogFormat (UnityEngine.LogType,UnityEngine.Object,string,object[]) (at /Users/bokken/build/output/unity/unity/Runtime/Export/Logging/DebugLogHandler.cs:9)
UnityEngine.Logger:Log (UnityEngine.LogType,object) (at /Users/bokken/build/output/unity/unity/Runtime/Export/Logging/Logger.cs:60)
UnityEngine.Debug:Log (object) (at /Users/bokken/build/output/unity/unity/Runtime/Export/Debug/Debug.bindings.cs:123)
Tide.App.T0CaseThreadSmoke:Require (bool,string) (at /private/tmp/t0-case-thread-p1-native-20260910/build-project/Assets/_Project/App/T0GameSession.cs:304)
Tide.App.T0CaseThreadSmoke/<Inspect>d__23:MoveNext () (at /private/tmp/t0-case-thread-p1-native-20260910/build-project/Assets/_Project/App/T0GameSession.cs:370)
Tide.App.T0CaseThreadSmoke/<Start>d__11:MoveNext () (at /private/tmp/t0-case-thread-p1-native-20260910/build-project/Assets/_Project/App/T0GameSession.cs:295)
UnityEngine.SetupCoroutine:InvokeMoveNext (System.Collections.IEnumerator,intptr) (at /Users/bokken/build/output/unity/unity/Runtime/Export/Scripting/Coroutines.cs:17)

(Filename: /Users/bokken/build/output/unity/unity/Runtime/Export/Debug/Debug.bindings.cs Line: 123)

T0_CASE_THREAD_CHECK prepared-0-of-2: case thread is read-only and not a pointer target
UnityEngine.Debug:ExtractStackTraceNoAlloc (byte*,int,string)
UnityEngine.StackTraceUtility:ExtractStackTrace () (at /Users/bokken/build/output/unity/unity/Runtime/Export/Scripting/StackTrace.cs:35)
UnityEngine.DebugLogHandler:Internal_Log (UnityEngine.LogType,UnityEngine.LogOption,string,UnityEngine.Object)
UnityEngine.DebugLogHandler:LogFormat (UnityEngine.LogType,UnityEngine.Object,string,object[]) (at /Users/bokken/build/output/unity/unity/Runtime/Export/Logging/DebugLogHandler.cs:9)
UnityEngine.Logger:Log (UnityEngine.LogType,object) (at /Users/bokken/build/output/unity/unity/Runtime/Export/Logging/Logger.cs:60)
UnityEngine.Debug:Log (object) (at /Users/bokken/build/output/unity/unity/Runtime/Export/Debug/Debug.bindings.cs:123)
Tide.App.T0CaseThreadSmoke:Require (bool,string) (at /private/tmp/t0-case-thread-p1-native-20260910/build-project/Assets/_Project/App/T0GameSession.cs:304)
Tide.App.T0CaseThreadSmoke/<Inspect>d__23:MoveNext () (at /private/tmp/t0-case-thread-p1-native-20260910/build-project/Assets/_Project/App/T0GameSession.cs:371)
Tide.App.T0CaseThreadSmoke/<Start>d__11:MoveNext () (at /private/tmp/t0-case-thread-p1-native-20260910/build-project/Assets/_Project/App/T0GameSession.cs:295)
UnityEngine.SetupCoroutine:InvokeMoveNext (System.Collections.IEnumerator,intptr) (at /Users/bokken/build/output/unity/unity/Runtime/Export/Scripting/Coroutines.cs:17)

(Filename: /Users/bokken/build/output/unity/unity/Runtime/Export/Debug/Debug.bindings.cs Line: 123)

T0_CASE_THREAD_CHECK prepared-0-of-2: card creates no puzzle action
UnityEngine.Debug:ExtractStackTraceNoAlloc (byte*,int,string)
UnityEngine.StackTraceUtility:ExtractStackTrace () (at /Users/bokken/build/output/unity/unity/Runtime/Export/Scripting/StackTrace.cs:35)
UnityEngine.DebugLogHandler:Internal_Log (UnityEngine.LogType,UnityEngine.LogOption,string,UnityEngine.Object)
UnityEngine.DebugLogHandler:LogFormat (UnityEngine.LogType,UnityEngine.Object,string,object[]) (at /Users/bokken/build/output/unity/unity/Runtime/Export/Logging/DebugLogHandler.cs:9)
UnityEngine.Logger:Log (UnityEngine.LogType,object) (at /Users/bokken/build/output/unity/unity/Runtime/Export/Logging/Logger.cs:60)
UnityEngine.Debug:Log (object) (at /Users/bokken/build/output/unity/unity/Runtime/Export/Debug/Debug.bindings.cs:123)
Tide.App.T0CaseThreadSmoke:Require (bool,string) (at /private/tmp/t0-case-thread-p1-native-20260910/build-project/Assets/_Project/App/T0GameSession.cs:304)
Tide.App.T0CaseThreadSmoke/<Inspect>d__23:MoveNext () (at /private/tmp/t0-case-thread-p1-native-20260910/build-project/Assets/_Project/App/T0GameSession.cs:372)
Tide.App.T0CaseThreadSmoke/<Start>d__11:MoveNext () (at /private/tmp/t0-case-thread-p1-native-20260910/build-project/Assets/_Project/App/T0GameSession.cs:295)
UnityEngine.SetupCoroutine:InvokeMoveNext (System.Collections.IEnumerator,intptr) (at /Users/bokken/build/output/unity/unity/Runtime/Export/Scripting/Coroutines.cs:17)

(Filename: /Users/bokken/build/output/unity/unity/Runtime/Export/Debug/Debug.bindings.cs Line: 123)

T0_CASE_THREAD_CHECK prepared-0-of-2: repeated Render preserves journal, state, receipt count, pending flag and all save file bytes/timestamps
UnityEngine.Debug:ExtractStackTraceNoAlloc (byte*,int,string)
UnityEngine.StackTraceUtility:ExtractStackTrace () (at /Users/bokken/build/output/unity/unity/Runtime/Export/Scripting/StackTrace.cs:35)
UnityEngine.DebugLogHandler:Internal_Log (UnityEngine.LogType,UnityEngine.LogOption,string,UnityEngine.Object)
UnityEngine.DebugLogHandler:LogFormat (UnityEngine.LogType,UnityEngine.Object,string,object[]) (at /Users/bokken/build/output/unity/unity/Runtime/Export/Logging/DebugLogHandler.cs:9)
UnityEngine.Logger:Log (UnityEngine.LogType,object) (at /Users/bokken/build/output/unity/unity/Runtime/Export/Logging/Logger.cs:60)
UnityEngine.Debug:Log (object) (at /Users/bokken/build/output/unity/unity/Runtime/Export/Debug/Debug.bindings.cs:123)
Tide.App.T0CaseThreadSmoke:Require (bool,string) (at /private/tmp/t0-case-thread-p1-native-20260910/build-project/Assets/_Project/App/T0GameSession.cs:304)
Tide.App.T0CaseThreadSmoke/<Inspect>d__23:MoveNext () (at /private/tmp/t0-case-thread-p1-native-20260910/build-project/Assets/_Project/App/T0GameSession.cs:373)
Tide.App.T0CaseThreadSmoke/<Start>d__11:MoveNext () (at /private/tmp/t0-case-thread-p1-native-20260910/build-project/Assets/_Project/App/T0GameSession.cs:295)
UnityEngine.SetupCoroutine:InvokeMoveNext (System.Collections.IEnumerator,intptr) (at /Users/bokken/build/output/unity/unity/Runtime/Export/Scripting/Coroutines.cs:17)

(Filename: /Users/bokken/build/output/unity/unity/Runtime/Export/Debug/Debug.bindings.cs Line: 123)

T0_CASE_THREAD_CHECK prepared-0-of-2: repeated Render preserves actions and keyboard focus
UnityEngine.Debug:ExtractStackTraceNoAlloc (byte*,int,string)
UnityEngine.StackTraceUtility:ExtractStackTrace () (at /Users/bokken/build/output/unity/unity/Runtime/Export/Scripting/StackTrace.cs:35)
UnityEngine.DebugLogHandler:Internal_Log (UnityEngine.LogType,UnityEngine.LogOption,string,UnityEngine.Object)
UnityEngine.DebugLogHandler:LogFormat (UnityEngine.LogType,UnityEngine.Object,string,object[]) (at /Users/bokken/build/output/unity/unity/Runtime/Export/Logging/DebugLogHandler.cs:9)
UnityEngine.Logger:Log (UnityEngine.LogType,object) (at /Users/bokken/build/output/unity/unity/Runtime/Export/Logging/Logger.cs:60)
UnityEngine.Debug:Log (object) (at /Users/bokken/build/output/unity/unity/Runtime/Export/Debug/Debug.bindings.cs:123)
Tide.App.T0CaseThreadSmoke:Require (bool,string) (at /private/tmp/t0-case-thread-p1-native-20260910/build-project/Assets/_Project/App/T0GameSession.cs:304)
Tide.App.T0CaseThreadSmoke/<Inspect>d__23:MoveNext () (at /private/tmp/t0-case-thread-p1-native-20260910/build-project/Assets/_Project/App/T0GameSession.cs:374)
Tide.App.T0CaseThreadSmoke/<Start>d__11:MoveNext () (at /private/tmp/t0-case-thread-p1-native-20260910/build-project/Assets/_Project/App/T0GameSession.cs:295)
UnityEngine.SetupCoroutine:InvokeMoveNext (System.Collections.IEnumerator,intptr) (at /Users/bokken/build/output/unity/unity/Runtime/Export/Scripting/Coroutines.cs:17)

(Filename: /Users/bokken/build/output/unity/unity/Runtime/Export/Debug/Debug.bindings.cs Line: 123)

T0_CASE_THREAD_CHECK existing UI action available: cite
UnityEngine.Debug:ExtractStackTraceNoAlloc (byte*,int,string)
UnityEngine.StackTraceUtility:ExtractStackTrace () (at /Users/bokken/build/output/unity/unity/Runtime/Export/Scripting/StackTrace.cs:35)
UnityEngine.DebugLogHandler:Internal_Log (UnityEngine.LogType,UnityEngine.LogOption,string,UnityEngine.Object)
UnityEngine.DebugLogHandler:LogFormat (UnityEngine.LogType,UnityEngine.Object,string,object[]) (at /Users/bokken/build/output/unity/unity/Runtime/Export/Logging/DebugLogHandler.cs:9)
UnityEngine.Logger:Log (UnityEngine.LogType,object) (at /Users/bokken/build/output/unity/unity/Runtime/Export/Logging/Logger.cs:60)
UnityEngine.Debug:Log (object) (at /Users/bokken/build/output/unity/unity/Runtime/Export/Debug/Debug.bindings.cs:123)
Tide.App.T0CaseThreadSmoke:Require (bool,string) (at /private/tmp/t0-case-thread-p1-native-20260910/build-project/Assets/_Project/App/T0GameSession.cs:304)
Tide.App.T0CaseThreadSmoke:Act (string) (at /private/tmp/t0-case-thread-p1-native-20260910/build-project/Assets/_Project/App/T0GameSession.cs:312)
Tide.App.T0CaseThreadSmoke/<Run>d__28:MoveNext () (at /private/tmp/t0-case-thread-p1-native-20260910/build-project/Assets/_Project/App/T0GameSession.cs:445)
Tide.App.T0CaseThreadSmoke/<Start>d__11:MoveNext () (at /private/tmp/t0-case-thread-p1-native-20260910/build-project/Assets/_Project/App/T0GameSession.cs:295)
UnityEngine.SetupCoroutine:InvokeMoveNext (System.Collections.IEnumerator,intptr) (at /Users/bokken/build/output/unity/unity/Runtime/Export/Scripting/Coroutines.cs:17)

(Filename: /Users/bokken/build/output/unity/unity/Runtime/Export/Debug/Debug.bindings.cs Line: 123)

T0_CASE_THREAD_CHECK first citation requests existing confirmation
UnityEngine.Debug:ExtractStackTraceNoAlloc (byte*,int,string)
UnityEngine.StackTraceUtility:ExtractStackTrace () (at /Users/bokken/build/output/unity/unity/Runtime/Export/Scripting/StackTrace.cs:35)
UnityEngine.DebugLogHandler:Internal_Log (UnityEngine.LogType,UnityEngine.LogOption,string,UnityEngine.Object)
UnityEngine.DebugLogHandler:LogFormat (UnityEngine.LogType,UnityEngine.Object,string,object[]) (at /Users/bokken/build/output/unity/unity/Runtime/Export/Logging/DebugLogHandler.cs:9)
UnityEngine.Logger:Log (UnityEngine.LogType,object) (at /Users/bokken/build/output/unity/unity/Runtime/Export/Logging/Logger.cs:60)
UnityEngine.Debug:Log (object) (at /Users/bokken/build/output/unity/unity/Runtime/Export/Debug/Debug.bindings.cs:123)
Tide.App.T0CaseThreadSmoke:Require (bool,string) (at /private/tmp/t0-case-thread-p1-native-20260910/build-project/Assets/_Project/App/T0GameSession.cs:304)
Tide.App.T0CaseThreadSmoke/<Run>d__28:MoveNext () (at /private/tmp/t0-case-thread-p1-native-20260910/build-project/Assets/_Project/App/T0GameSession.cs:445)
Tide.App.T0CaseThreadSmoke/<Start>d__11:MoveNext () (at /private/tmp/t0-case-thread-p1-native-20260910/build-project/Assets/_Project/App/T0GameSession.cs:295)
UnityEngine.SetupCoroutine:InvokeMoveNext (System.Collections.IEnumerator,intptr) (at /Users/bokken/build/output/unity/unity/Runtime/Export/Scripting/Coroutines.cs:17)

(Filename: /Users/bokken/build/output/unity/unity/Runtime/Export/Debug/Debug.bindings.cs Line: 123)

T0_CASE_THREAD_CHECK save queue settled
UnityEngine.Debug:ExtractStackTraceNoAlloc (byte*,int,string)
UnityEngine.StackTraceUtility:ExtractStackTrace () (at /Users/bokken/build/output/unity/unity/Runtime/Export/Scripting/StackTrace.cs:35)
UnityEngine.DebugLogHandler:Internal_Log (UnityEngine.LogType,UnityEngine.LogOption,string,UnityEngine.Object)
UnityEngine.DebugLogHandler:LogFormat (UnityEngine.LogType,UnityEngine.Object,string,object[]) (at /Users/bokken/build/output/unity/unity/Runtime/Export/Logging/DebugLogHandler.cs:9)
UnityEngine.Logger:Log (UnityEngine.LogType,object) (at /Users/bokken/build/output/unity/unity/Runtime/Export/Logging/Logger.cs:60)
UnityEngine.Debug:Log (object) (at /Users/bokken/build/output/unity/unity/Runtime/Export/Debug/Debug.bindings.cs:123)
Tide.App.T0CaseThreadSmoke:Require (bool,string) (at /private/tmp/t0-case-thread-p1-native-20260910/build-project/Assets/_Project/App/T0GameSession.cs:304)
Tide.App.T0CaseThreadSmoke/<Drain>d__18:MoveNext () (at /private/tmp/t0-case-thread-p1-native-20260910/build-project/Assets/_Project/App/T0GameSession.cs:337)
Tide.App.T0CaseThreadSmoke/<Start>d__11:MoveNext () (at /private/tmp/t0-case-thread-p1-native-20260910/build-project/Assets/_Project/App/T0GameSession.cs:295)
UnityEngine.SetupCoroutine:InvokeMoveNext (System.Collections.IEnumerator,intptr) (at /Users/bokken/build/output/unity/unity/Runtime/Export/Scripting/Coroutines.cs:17)

(Filename: /Users/bokken/build/output/unity/unity/Runtime/Export/Debug/Debug.bindings.cs Line: 123)

T0_CASE_THREAD_CHECK exactly one active CaseThread text
UnityEngine.Debug:ExtractStackTraceNoAlloc (byte*,int,string)
UnityEngine.StackTraceUtility:ExtractStackTrace () (at /Users/bokken/build/output/unity/unity/Runtime/Export/Scripting/StackTrace.cs:35)
UnityEngine.DebugLogHandler:Internal_Log (UnityEngine.LogType,UnityEngine.LogOption,string,UnityEngine.Object)
UnityEngine.DebugLogHandler:LogFormat (UnityEngine.LogType,UnityEngine.Object,string,object[]) (at /Users/bokken/build/output/unity/unity/Runtime/Export/Logging/DebugLogHandler.cs:9)
UnityEngine.Logger:Log (UnityEngine.LogType,object) (at /Users/bokken/build/output/unity/unity/Runtime/Export/Logging/Logger.cs:60)
UnityEngine.Debug:Log (object) (at /Users/bokken/build/output/unity/unity/Runtime/Export/Debug/Debug.bindings.cs:123)
Tide.App.T0CaseThreadSmoke:Require (bool,string) (at /private/tmp/t0-case-thread-p1-native-20260910/build-project/Assets/_Project/App/T0GameSession.cs:304)
Tide.App.T0CaseThreadSmoke:Card () (at /private/tmp/t0-case-thread-p1-native-20260910/build-project/Assets/_Project/App/T0GameSession.cs:341)
Tide.App.T0CaseThreadSmoke/<Inspect>d__23:MoveNext () (at /private/tmp/t0-case-thread-p1-native-20260910/build-project/Assets/_Project/App/T0GameSession.cs:366)
Tide.App.T0CaseThreadSmoke/<Start>d__11:MoveNext () (at /private/tmp/t0-case-thread-p1-native-20260910/build-project/Assets/_Project/App/T0GameSession.cs:295)
UnityEngine.SetupCoroutine:InvokeMoveNext (System.Collections.IEnumerator,intptr) (at /Users/bokken/build/output/unity/unity/Runtime/Export/Scripting/Coroutines.cs:17)

(Filename: /Users/bokken/build/output/unity/unity/Runtime/Export/Debug/Debug.bindings.cs Line: 123)

T0_CASE_THREAD_CHECK first-confirm-still-0-of-2: objective visible
UnityEngine.Debug:ExtractStackTraceNoAlloc (byte*,int,string)
UnityEngine.StackTraceUtility:ExtractStackTrace () (at /Users/bokken/build/output/unity/unity/Runtime/Export/Scripting/StackTrace.cs:35)
UnityEngine.DebugLogHandler:Internal_Log (UnityEngine.LogType,UnityEngine.LogOption,string,UnityEngine.Object)
UnityEngine.DebugLogHandler:LogFormat (UnityEngine.LogType,UnityEngine.Object,string,object[]) (at /Users/bokken/build/output/unity/unity/Runtime/Export/Logging/DebugLogHandler.cs:9)
UnityEngine.Logger:Log (UnityEngine.LogType,object) (at /Users/bokken/build/output/unity/unity/Runtime/Export/Logging/Logger.cs:60)
UnityEngine.Debug:Log (object) (at /Users/bokken/build/output/unity/unity/Runtime/Export/Debug/Debug.bindings.cs:123)
Tide.App.T0CaseThreadSmoke:Require (bool,string) (at /private/tmp/t0-case-thread-p1-native-20260910/build-project/Assets/_Project/App/T0GameSession.cs:304)
Tide.App.T0CaseThreadSmoke/<Inspect>d__23:MoveNext () (at /private/tmp/t0-case-thread-p1-native-20260910/build-project/Assets/_Project/App/T0GameSession.cs:366)
Tide.App.T0CaseThreadSmoke/<Start>d__11:MoveNext () (at /private/tmp/t0-case-thread-p1-native-20260910/build-project/Assets/_Project/App/T0GameSession.cs:295)
UnityEngine.SetupCoroutine:InvokeMoveNext (System.Collections.IEnumerator,intptr) (at /Users/bokken/build/output/unity/unity/Runtime/Export/Scripting/Coroutines.cs:17)

(Filename: /Users/bokken/build/output/unity/unity/Runtime/Export/Debug/Debug.bindings.cs Line: 123)

T0_CASE_THREAD_CHECK first-confirm-still-0-of-2: 0/2 visible
UnityEngine.Debug:ExtractStackTraceNoAlloc (byte*,int,string)
UnityEngine.StackTraceUtility:ExtractStackTrace () (at /Users/bokken/build/output/unity/unity/Runtime/Export/Scripting/StackTrace.cs:35)
UnityEngine.DebugLogHandler:Internal_Log (UnityEngine.LogType,UnityEngine.LogOption,string,UnityEngine.Object)
UnityEngine.DebugLogHandler:LogFormat (UnityEngine.LogType,UnityEngine.Object,string,object[]) (at /Users/bokken/build/output/unity/unity/Runtime/Export/Logging/DebugLogHandler.cs:9)
UnityEngine.Logger:Log (UnityEngine.LogType,object) (at /Users/bokken/build/output/unity/unity/Runtime/Export/Logging/Logger.cs:60)
UnityEngine.Debug:Log (object) (at /Users/bokken/build/output/unity/unity/Runtime/Export/Debug/Debug.bindings.cs:123)
Tide.App.T0CaseThreadSmoke:Require (bool,string) (at /private/tmp/t0-case-thread-p1-native-20260910/build-project/Assets/_Project/App/T0GameSession.cs:304)
Tide.App.T0CaseThreadSmoke/<Inspect>d__23:MoveNext () (at /private/tmp/t0-case-thread-p1-native-20260910/build-project/Assets/_Project/App/T0GameSession.cs:367)
Tide.App.T0CaseThreadSmoke/<Start>d__11:MoveNext () (at /private/tmp/t0-case-thread-p1-native-20260910/build-project/Assets/_Project/App/T0GameSession.cs:295)
UnityEngine.SetupCoroutine:InvokeMoveNext (System.Collections.IEnumerator,intptr) (at /Users/bokken/build/output/unity/unity/Runtime/Export/Scripting/Coroutines.cs:17)

(Filename: /Users/bokken/build/output/unity/unity/Runtime/Export/Debug/Debug.bindings.cs Line: 123)

T0_CASE_THREAD_CHECK first-confirm-still-0-of-2: next line present
UnityEngine.Debug:ExtractStackTraceNoAlloc (byte*,int,string)
UnityEngine.StackTraceUtility:ExtractStackTrace () (at /Users/bokken/build/output/unity/unity/Runtime/Export/Scripting/StackTrace.cs:35)
UnityEngine.DebugLogHandler:Internal_Log (UnityEngine.LogType,UnityEngine.LogOption,string,UnityEngine.Object)
UnityEngine.DebugLogHandler:LogFormat (UnityEngine.LogType,UnityEngine.Object,string,object[]) (at /Users/bokken/build/output/unity/unity/Runtime/Export/Logging/DebugLogHandler.cs:9)
UnityEngine.Logger:Log (UnityEngine.LogType,object) (at /Users/bokken/build/output/unity/unity/Runtime/Export/Logging/Logger.cs:60)
UnityEngine.Debug:Log (object) (at /Users/bokken/build/output/unity/unity/Runtime/Export/Debug/Debug.bindings.cs:123)
Tide.App.T0CaseThreadSmoke:Require (bool,string) (at /private/tmp/t0-case-thread-p1-native-20260910/build-project/Assets/_Project/App/T0GameSession.cs:304)
Tide.App.T0CaseThreadSmoke:GenericGuidance (UnityEngine.UI.Text,string) (at /private/tmp/t0-case-thread-p1-native-20260910/build-project/Assets/_Project/App/T0GameSession.cs:356)
Tide.App.T0CaseThreadSmoke/<Inspect>d__23:MoveNext () (at /private/tmp/t0-case-thread-p1-native-20260910/build-project/Assets/_Project/App/T0GameSession.cs:368)
Tide.App.T0CaseThreadSmoke/<Start>d__11:MoveNext () (at /private/tmp/t0-case-thread-p1-native-20260910/build-project/Assets/_Project/App/T0GameSession.cs:295)
UnityEngine.SetupCoroutine:InvokeMoveNext (System.Collections.IEnumerator,intptr) (at /Users/bokken/build/output/unity/unity/Runtime/Export/Scripting/Coroutines.cs:17)

(Filename: /Users/bokken/build/output/unity/unity/Runtime/Export/Debug/Debug.bindings.cs Line: 123)

T0_CASE_THREAD_CHECK first-confirm-still-0-of-2: next line is generic objective guidance: 근거를 살펴보고 인용을 고정하세요.
UnityEngine.Debug:ExtractStackTraceNoAlloc (byte*,int,string)
UnityEngine.StackTraceUtility:ExtractStackTrace () (at /Users/bokken/build/output/unity/unity/Runtime/Export/Scripting/StackTrace.cs:35)
UnityEngine.DebugLogHandler:Internal_Log (UnityEngine.LogType,UnityEngine.LogOption,string,UnityEngine.Object)
UnityEngine.DebugLogHandler:LogFormat (UnityEngine.LogType,UnityEngine.Object,string,object[]) (at /Users/bokken/build/output/unity/unity/Runtime/Export/Logging/DebugLogHandler.cs:9)
UnityEngine.Logger:Log (UnityEngine.LogType,object) (at /Users/bokken/build/output/unity/unity/Runtime/Export/Logging/Logger.cs:60)
UnityEngine.Debug:Log (object) (at /Users/bokken/build/output/unity/unity/Runtime/Export/Debug/Debug.bindings.cs:123)
Tide.App.T0CaseThreadSmoke:Require (bool,string) (at /private/tmp/t0-case-thread-p1-native-20260910/build-project/Assets/_Project/App/T0GameSession.cs:304)
Tide.App.T0CaseThreadSmoke:GenericGuidance (UnityEngine.UI.Text,string) (at /private/tmp/t0-case-thread-p1-native-20260910/build-project/Assets/_Project/App/T0GameSession.cs:358)
Tide.App.T0CaseThreadSmoke/<Inspect>d__23:MoveNext () (at /private/tmp/t0-case-thread-p1-native-20260910/build-project/Assets/_Project/App/T0GameSession.cs:368)
Tide.App.T0CaseThreadSmoke/<Start>d__11:MoveNext () (at /private/tmp/t0-case-thread-p1-native-20260910/build-project/Assets/_Project/App/T0GameSession.cs:295)
UnityEngine.SetupCoroutine:InvokeMoveNext (System.Collections.IEnumerator,intptr) (at /Users/bokken/build/output/unity/unity/Runtime/Export/Scripting/Coroutines.cs:17)

(Filename: /Users/bokken/build/output/unity/unity/Runtime/Export/Debug/Debug.bindings.cs Line: 123)

T0_CASE_THREAD_CHECK first-confirm-still-0-of-2: no disclosure of rec-handover-brief
UnityEngine.Debug:ExtractStackTraceNoAlloc (byte*,int,string)
UnityEngine.StackTraceUtility:ExtractStackTrace () (at /Users/bokken/build/output/unity/unity/Runtime/Export/Scripting/StackTrace.cs:35)
UnityEngine.DebugLogHandler:Internal_Log (UnityEngine.LogType,UnityEngine.LogOption,string,UnityEngine.Object)
UnityEngine.DebugLogHandler:LogFormat (UnityEngine.LogType,UnityEngine.Object,string,object[]) (at /Users/bokken/build/output/unity/unity/Runtime/Export/Logging/DebugLogHandler.cs:9)
UnityEngine.Logger:Log (UnityEngine.LogType,object) (at /Users/bokken/build/output/unity/unity/Runtime/Export/Logging/Logger.cs:60)
UnityEngine.Debug:Log (object) (at /Users/bokken/build/output/unity/unity/Runtime/Export/Debug/Debug.bindings.cs:123)
Tide.App.T0CaseThreadSmoke:Require (bool,string) (at /private/tmp/t0-case-thread-p1-native-20260910/build-project/Assets/_Project/App/T0GameSession.cs:304)
Tide.App.T0CaseThreadSmoke:GenericGuidance (UnityEngine.UI.Text,string) (at /private/tmp/t0-case-thread-p1-native-20260910/build-project/Assets/_Project/App/T0GameSession.cs:359)
Tide.App.T0CaseThreadSmoke/<Inspect>d__23:MoveNext () (at /private/tmp/t0-case-thread-p1-native-20260910/build-project/Assets/_Project/App/T0GameSession.cs:368)
Tide.App.T0CaseThreadSmoke/<Start>d__11:MoveNext () (at /private/tmp/t0-case-thread-p1-native-20260910/build-project/Assets/_Project/App/T0GameSession.cs:295)
UnityEngine.SetupCoroutine:InvokeMoveNext (System.Collections.IEnumerator,intptr) (at /Users/bokken/build/output/unity/unity/Runtime/Export/Scripting/Coroutines.cs:17)

(Filename: /Users/bokken/build/output/unity/unity/Runtime/Export/Debug/Debug.bindings.cs Line: 123)

T0_CASE_THREAD_CHECK first-confirm-still-0-of-2: no disclosure of rec-plate-standard-hub
UnityEngine.Debug:ExtractStackTraceNoAlloc (byte*,int,string)
UnityEngine.StackTraceUtility:ExtractStackTrace () (at /Users/bokken/build/output/unity/unity/Runtime/Export/Scripting/StackTrace.cs:35)
UnityEngine.DebugLogHandler:Internal_Log (UnityEngine.LogType,UnityEngine.LogOption,string,UnityEngine.Object)
UnityEngine.DebugLogHandler:LogFormat (UnityEngine.LogType,UnityEngine.Object,string,object[]) (at /Users/bokken/build/output/unity/unity/Runtime/Export/Logging/DebugLogHandler.cs:9)
UnityEngine.Logger:Log (UnityEngine.LogType,object) (at /Users/bokken/build/output/unity/unity/Runtime/Export/Logging/Logger.cs:60)
UnityEngine.Debug:Log (object) (at /Users/bokken/build/output/unity/unity/Runtime/Export/Debug/Debug.bindings.cs:123)
Tide.App.T0CaseThreadSmoke:Require (bool,string) (at /private/tmp/t0-case-thread-p1-native-20260910/build-project/Assets/_Project/App/T0GameSession.cs:304)
Tide.App.T0CaseThreadSmoke:GenericGuidance (UnityEngine.UI.Text,string) (at /private/tmp/t0-case-thread-p1-native-20260910/build-project/Assets/_Project/App/T0GameSession.cs:359)
Tide.App.T0CaseThreadSmoke/<Inspect>d__23:MoveNext () (at /private/tmp/t0-case-thread-p1-native-20260910/build-project/Assets/_Project/App/T0GameSession.cs:368)
Tide.App.T0CaseThreadSmoke/<Start>d__11:MoveNext () (at /private/tmp/t0-case-thread-p1-native-20260910/build-project/Assets/_Project/App/T0GameSession.cs:295)
UnityEngine.SetupCoroutine:InvokeMoveNext (System.Collections.IEnumerator,intptr) (at /Users/bokken/build/output/unity/unity/Runtime/Export/Scripting/Coroutines.cs:17)

(Filename: /Users/bokken/build/output/unity/unity/Runtime/Export/Debug/Debug.bindings.cs Line: 123)

T0_CASE_THREAD_CHECK first-confirm-still-0-of-2: no disclosure of rec-tide-ledger-bureau
UnityEngine.Debug:ExtractStackTraceNoAlloc (byte*,int,string)
UnityEngine.StackTraceUtility:ExtractStackTrace () (at /Users/bokken/build/output/unity/unity/Runtime/Export/Scripting/StackTrace.cs:35)
UnityEngine.DebugLogHandler:Internal_Log (UnityEngine.LogType,UnityEngine.LogOption,string,UnityEngine.Object)
UnityEngine.DebugLogHandler:LogFormat (UnityEngine.LogType,UnityEngine.Object,string,object[]) (at /Users/bokken/build/output/unity/unity/Runtime/Export/Logging/DebugLogHandler.cs:9)
UnityEngine.Logger:Log (UnityEngine.LogType,object) (at /Users/bokken/build/output/unity/unity/Runtime/Export/Logging/Logger.cs:60)
UnityEngine.Debug:Log (object) (at /Users/bokken/build/output/unity/unity/Runtime/Export/Debug/Debug.bindings.cs:123)
Tide.App.T0CaseThreadSmoke:Require (bool,string) (at /private/tmp/t0-case-thread-p1-native-20260910/build-project/Assets/_Project/App/T0GameSession.cs:304)
Tide.App.T0CaseThreadSmoke:GenericGuidance (UnityEngine.UI.Text,string) (at /private/tmp/t0-case-thread-p1-native-20260910/build-project/Assets/_Project/App/T0GameSession.cs:359)
Tide.App.T0CaseThreadSmoke/<Inspect>d__23:MoveNext () (at /private/tmp/t0-case-thread-p1-native-20260910/build-project/Assets/_Project/App/T0GameSession.cs:368)
Tide.App.T0CaseThreadSmoke/<Start>d__11:MoveNext () (at /private/tmp/t0-case-thread-p1-native-20260910/build-project/Assets/_Project/App/T0GameSession.cs:295)
UnityEngine.SetupCoroutine:InvokeMoveNext (System.Collections.IEnumerator,intptr) (at /Users/bokken/build/output/unity/unity/Runtime/Export/Scripting/Coroutines.cs:17)

(Filename: /Users/bokken/build/output/unity/unity/Runtime/Export/Debug/Debug.bindings.cs Line: 123)

T0_CASE_THREAD_CHECK first-confirm-still-0-of-2: no disclosure of rec-transfer-list
UnityEngine.Debug:ExtractStackTraceNoAlloc (byte*,int,string)
UnityEngine.StackTraceUtility:ExtractStackTrace () (at /Users/bokken/build/output/unity/unity/Runtime/Export/Scripting/StackTrace.cs:35)
UnityEngine.DebugLogHandler:Internal_Log (UnityEngine.LogType,UnityEngine.LogOption,string,UnityEngine.Object)
UnityEngine.DebugLogHandler:LogFormat (UnityEngine.LogType,UnityEngine.Object,string,object[]) (at /Users/bokken/build/output/unity/unity/Runtime/Export/Logging/DebugLogHandler.cs:9)
UnityEngine.Logger:Log (UnityEngine.LogType,object) (at /Users/bokken/build/output/unity/unity/Runtime/Export/Logging/Logger.cs:60)
UnityEngine.Debug:Log (object) (at /Users/bokken/build/output/unity/unity/Runtime/Export/Debug/Debug.bindings.cs:123)
Tide.App.T0CaseThreadSmoke:Require (bool,string) (at /private/tmp/t0-case-thread-p1-native-20260910/build-project/Assets/_Project/App/T0GameSession.cs:304)
Tide.App.T0CaseThreadSmoke:GenericGuidance (UnityEngine.UI.Text,string) (at /private/tmp/t0-case-thread-p1-native-20260910/build-project/Assets/_Project/App/T0GameSession.cs:359)
Tide.App.T0CaseThreadSmoke/<Inspect>d__23:MoveNext () (at /private/tmp/t0-case-thread-p1-native-20260910/build-project/Assets/_Project/App/T0GameSession.cs:368)
Tide.App.T0CaseThreadSmoke/<Start>d__11:MoveNext () (at /private/tmp/t0-case-thread-p1-native-20260910/build-project/Assets/_Project/App/T0GameSession.cs:295)
UnityEngine.SetupCoroutine:InvokeMoveNext (System.Collections.IEnumerator,intptr) (at /Users/bokken/build/output/unity/unity/Runtime/Export/Scripting/Coroutines.cs:17)

(Filename: /Users/bokken/build/output/unity/unity/Runtime/Export/Debug/Debug.bindings.cs Line: 123)

T0_CASE_THREAD_CHECK first-confirm-still-0-of-2: no disclosure of rec-watchlog-bureau
UnityEngine.Debug:ExtractStackTraceNoAlloc (byte*,int,string)
UnityEngine.StackTraceUtility:ExtractStackTrace () (at /Users/bokken/build/output/unity/unity/Runtime/Export/Scripting/StackTrace.cs:35)
UnityEngine.DebugLogHandler:Internal_Log (UnityEngine.LogType,UnityEngine.LogOption,string,UnityEngine.Object)
UnityEngine.DebugLogHandler:LogFormat (UnityEngine.LogType,UnityEngine.Object,string,object[]) (at /Users/bokken/build/output/unity/unity/Runtime/Export/Logging/DebugLogHandler.cs:9)
UnityEngine.Logger:Log (UnityEngine.LogType,object) (at /Users/bokken/build/output/unity/unity/Runtime/Export/Logging/Logger.cs:60)
UnityEngine.Debug:Log (object) (at /Users/bokken/build/output/unity/unity/Runtime/Export/Debug/Debug.bindings.cs:123)
Tide.App.T0CaseThreadSmoke:Require (bool,string) (at /private/tmp/t0-case-thread-p1-native-20260910/build-project/Assets/_Project/App/T0GameSession.cs:304)
Tide.App.T0CaseThreadSmoke:GenericGuidance (UnityEngine.UI.Text,string) (at /private/tmp/t0-case-thread-p1-native-20260910/build-project/Assets/_Project/App/T0GameSession.cs:359)
Tide.App.T0CaseThreadSmoke/<Inspect>d__23:MoveNext () (at /private/tmp/t0-case-thread-p1-native-20260910/build-project/Assets/_Project/App/T0GameSession.cs:368)
Tide.App.T0CaseThreadSmoke/<Start>d__11:MoveNext () (at /private/tmp/t0-case-thread-p1-native-20260910/build-project/Assets/_Project/App/T0GameSession.cs:295)
UnityEngine.SetupCoroutine:InvokeMoveNext (System.Collections.IEnumerator,intptr) (at /Users/bokken/build/output/unity/unity/Runtime/Export/Scripting/Coroutines.cs:17)

(Filename: /Users/bokken/build/output/unity/unity/Runtime/Export/Debug/Debug.bindings.cs Line: 123)

T0_CASE_THREAD_CHECK first-confirm-still-0-of-2: no disclosure of 근무 규정 필사본
UnityEngine.Debug:ExtractStackTraceNoAlloc (byte*,int,string)
UnityEngine.StackTraceUtility:ExtractStackTrace () (at /Users/bokken/build/output/unity/unity/Runtime/Export/Scripting/StackTrace.cs:35)
UnityEngine.DebugLogHandler:Internal_Log (UnityEngine.LogType,UnityEngine.LogOption,string,UnityEngine.Object)
UnityEngine.DebugLogHandler:LogFormat (UnityEngine.LogType,UnityEngine.Object,string,object[]) (at /Users/bokken/build/output/unity/unity/Runtime/Export/Logging/DebugLogHandler.cs:9)
UnityEngine.Logger:Log (UnityEngine.LogType,object) (at /Users/bokken/build/output/unity/unity/Runtime/Export/Logging/Logger.cs:60)
UnityEngine.Debug:Log (object) (at /Users/bokken/build/output/unity/unity/Runtime/Export/Debug/Debug.bindings.cs:123)
Tide.App.T0CaseThreadSmoke:Require (bool,string) (at /private/tmp/t0-case-thread-p1-native-20260910/build-project/Assets/_Project/App/T0GameSession.cs:304)
Tide.App.T0CaseThreadSmoke:GenericGuidance (UnityEngine.UI.Text,string) (at /private/tmp/t0-case-thread-p1-native-20260910/build-project/Assets/_Project/App/T0GameSession.cs:359)
Tide.App.T0CaseThreadSmoke/<Inspect>d__23:MoveNext () (at /private/tmp/t0-case-thread-p1-native-20260910/build-project/Assets/_Project/App/T0GameSession.cs:368)
Tide.App.T0CaseThreadSmoke/<Start>d__11:MoveNext () (at /private/tmp/t0-case-thread-p1-native-20260910/build-project/Assets/_Project/App/T0GameSession.cs:295)
UnityEngine.SetupCoroutine:InvokeMoveNext (System.Collections.IEnumerator,intptr) (at /Users/bokken/build/output/unity/unity/Runtime/Export/Scripting/Coroutines.cs:17)

(Filename: /Users/bokken/build/output/unity/unity/Runtime/Export/Debug/Debug.bindings.cs Line: 123)

T0_CASE_THREAD_CHECK first-confirm-still-0-of-2: no disclosure of 기록국 조위대장
UnityEngine.Debug:ExtractStackTraceNoAlloc (byte*,int,string)
UnityEngine.StackTraceUtility:ExtractStackTrace () (at /Users/bokken/build/output/unity/unity/Runtime/Export/Scripting/StackTrace.cs:35)
UnityEngine.DebugLogHandler:Internal_Log (UnityEngine.LogType,UnityEngine.LogOption,string,UnityEngine.Object)
UnityEngine.DebugLogHandler:LogFormat (UnityEngine.LogType,UnityEngine.Object,string,object[]) (at /Users/bokken/build/output/unity/unity/Runtime/Export/Logging/DebugLogHandler.cs:9)
UnityEngine.Logger:Log (UnityEngine.LogType,object) (at /Users/bokken/build/output/unity/unity/Runtime/Export/Logging/Logger.cs:60)
UnityEngine.Debug:Log (object) (at /Users/bokken/build/output/unity/unity/Runtime/Export/Debug/Debug.bindings.cs:123)
Tide.App.T0CaseThreadSmoke:Require (bool,string) (at /private/tmp/t0-case-thread-p1-native-20260910/build-project/Assets/_Project/App/T0GameSession.cs:304)
Tide.App.T0CaseThreadSmoke:GenericGuidance (UnityEngine.UI.Text,string) (at /private/tmp/t0-case-thread-p1-native-20260910/build-project/Assets/_Project/App/T0GameSession.cs:359)
Tide.App.T0CaseThreadSmoke/<Inspect>d__23:MoveNext () (at /private/tmp/t0-case-thread-p1-native-20260910/build-project/Assets/_Project/App/T0GameSession.cs:368)
Tide.App.T0CaseThreadSmoke/<Start>d__11:MoveNext () (at /private/tmp/t0-case-thread-p1-native-20260910/build-project/Assets/_Project/App/T0GameSession.cs:295)
UnityEngine.SetupCoroutine:InvokeMoveNext (System.Collections.IEnumerator,intptr) (at /Users/bokken/build/output/unity/unity/Runtime/Export/Scripting/Coroutines.cs:17)

(Filename: /Users/bokken/build/output/unity/unity/Runtime/Export/Debug/Debug.bindings.cs Line: 123)

T0_CASE_THREAD_CHECK first-confirm-still-0-of-2: no disclosure of 당직실 표준판
UnityEngine.Debug:ExtractStackTraceNoAlloc (byte*,int,string)
UnityEngine.StackTraceUtility:ExtractStackTrace () (at /Users/bokken/build/output/unity/unity/Runtime/Export/Scripting/StackTrace.cs:35)
UnityEngine.DebugLogHandler:Internal_Log (UnityEngine.LogType,UnityEngine.LogOption,string,UnityEngine.Object)
UnityEngine.DebugLogHandler:LogFormat (UnityEngine.LogType,UnityEngine.Object,string,object[]) (at /Users/bokken/build/output/unity/unity/Runtime/Export/Logging/DebugLogHandler.cs:9)
UnityEngine.Logger:Log (UnityEngine.LogType,object) (at /Users/bokken/build/output/unity/unity/Runtime/Export/Logging/Logger.cs:60)
UnityEngine.Debug:Log (object) (at /Users/bokken/build/output/unity/unity/Runtime/Export/Debug/Debug.bindings.cs:123)
Tide.App.T0CaseThreadSmoke:Require (bool,string) (at /private/tmp/t0-case-thread-p1-native-20260910/build-project/Assets/_Project/App/T0GameSession.cs:304)
Tide.App.T0CaseThreadSmoke:GenericGuidance (UnityEngine.UI.Text,string) (at /private/tmp/t0-case-thread-p1-native-20260910/build-project/Assets/_Project/App/T0GameSession.cs:359)
Tide.App.T0CaseThreadSmoke/<Inspect>d__23:MoveNext () (at /private/tmp/t0-case-thread-p1-native-20260910/build-project/Assets/_Project/App/T0GameSession.cs:368)
Tide.App.T0CaseThreadSmoke/<Start>d__11:MoveNext () (at /private/tmp/t0-case-thread-p1-native-20260910/build-project/Assets/_Project/App/T0GameSession.cs:295)
UnityEngine.SetupCoroutine:InvokeMoveNext (System.Collections.IEnumerator,intptr) (at /Users/bokken/build/output/unity/unity/Runtime/Export/Scripting/Coroutines.cs:17)

(Filename: /Users/bokken/build/output/unity/unity/Runtime/Export/Debug/Debug.bindings.cs Line: 123)

T0_CASE_THREAD_CHECK first-confirm-still-0-of-2: no disclosure of 이관 목록
UnityEngine.Debug:ExtractStackTraceNoAlloc (byte*,int,string)
UnityEngine.StackTraceUtility:ExtractStackTrace () (at /Users/bokken/build/output/unity/unity/Runtime/Export/Scripting/StackTrace.cs:35)
UnityEngine.DebugLogHandler:Internal_Log (UnityEngine.LogType,UnityEngine.LogOption,string,UnityEngine.Object)
UnityEngine.DebugLogHandler:LogFormat (UnityEngine.LogType,UnityEngine.Object,string,object[]) (at /Users/bokken/build/output/unity/unity/Runtime/Export/Logging/DebugLogHandler.cs:9)
UnityEngine.Logger:Log (UnityEngine.LogType,object) (at /Users/bokken/build/output/unity/unity/Runtime/Export/Logging/Logger.cs:60)
UnityEngine.Debug:Log (object) (at /Users/bokken/build/output/unity/unity/Runtime/Export/Debug/Debug.bindings.cs:123)
Tide.App.T0CaseThreadSmoke:Require (bool,string) (at /private/tmp/t0-case-thread-p1-native-20260910/build-project/Assets/_Project/App/T0GameSession.cs:304)
Tide.App.T0CaseThreadSmoke:GenericGuidance (UnityEngine.UI.Text,string) (at /private/tmp/t0-case-thread-p1-native-20260910/build-project/Assets/_Project/App/T0GameSession.cs:359)
Tide.App.T0CaseThreadSmoke/<Inspect>d__23:MoveNext () (at /private/tmp/t0-case-thread-p1-native-20260910/build-project/Assets/_Project/App/T0GameSession.cs:368)
Tide.App.T0CaseThreadSmoke/<Start>d__11:MoveNext () (at /private/tmp/t0-case-thread-p1-native-20260910/build-project/Assets/_Project/App/T0GameSession.cs:295)
UnityEngine.SetupCoroutine:InvokeMoveNext (System.Collections.IEnumerator,intptr) (at /Users/bokken/build/output/unity/unity/Runtime/Export/Scripting/Coroutines.cs:17)

(Filename: /Users/bokken/build/output/unity/unity/Runtime/Export/Debug/Debug.bindings.cs Line: 123)

T0_CASE_THREAD_CHECK first-confirm-still-0-of-2: no disclosure of 인수 각서
UnityEngine.Debug:ExtractStackTraceNoAlloc (byte*,int,string)
UnityEngine.StackTraceUtility:ExtractStackTrace () (at /Users/bokken/build/output/unity/unity/Runtime/Export/Scripting/StackTrace.cs:35)
UnityEngine.DebugLogHandler:Internal_Log (UnityEngine.LogType,UnityEngine.LogOption,string,UnityEngine.Object)
UnityEngine.DebugLogHandler:LogFormat (UnityEngine.LogType,UnityEngine.Object,string,object[]) (at /Users/bokken/build/output/unity/unity/Runtime/Export/Logging/DebugLogHandler.cs:9)
UnityEngine.Logger:Log (UnityEngine.LogType,object) (at /Users/bokken/build/output/unity/unity/Runtime/Export/Logging/Logger.cs:60)
UnityEngine.Debug:Log (object) (at /Users/bokken/build/output/unity/unity/Runtime/Export/Debug/Debug.bindings.cs:123)
Tide.App.T0CaseThreadSmoke:Require (bool,string) (at /private/tmp/t0-case-thread-p1-native-20260910/build-project/Assets/_Project/App/T0GameSession.cs:304)
Tide.App.T0CaseThreadSmoke:GenericGuidance (UnityEngine.UI.Text,string) (at /private/tmp/t0-case-thread-p1-native-20260910/build-project/Assets/_Project/App/T0GameSession.cs:359)
Tide.App.T0CaseThreadSmoke/<Inspect>d__23:MoveNext () (at /private/tmp/t0-case-thread-p1-native-20260910/build-project/Assets/_Project/App/T0GameSession.cs:368)
Tide.App.T0CaseThreadSmoke/<Start>d__11:MoveNext () (at /private/tmp/t0-case-thread-p1-native-20260910/build-project/Assets/_Project/App/T0GameSession.cs:295)
UnityEngine.SetupCoroutine:InvokeMoveNext (System.Collections.IEnumerator,intptr) (at /Users/bokken/build/output/unity/unity/Runtime/Export/Scripting/Coroutines.cs:17)

(Filename: /Users/bokken/build/output/unity/unity/Runtime/Export/Debug/Debug.bindings.cs Line: 123)

T0_CASE_THREAD_CHECK first-confirm-still-0-of-2: no disclosure of 원판
UnityEngine.Debug:ExtractStackTraceNoAlloc (byte*,int,string)
UnityEngine.StackTraceUtility:ExtractStackTrace () (at /Users/bokken/build/output/unity/unity/Runtime/Export/Scripting/StackTrace.cs:35)
UnityEngine.DebugLogHandler:Internal_Log (UnityEngine.LogType,UnityEngine.LogOption,string,UnityEngine.Object)
UnityEngine.DebugLogHandler:LogFormat (UnityEngine.LogType,UnityEngine.Object,string,object[]) (at /Users/bokken/build/output/unity/unity/Runtime/Export/Logging/DebugLogHandler.cs:9)
UnityEngine.Logger:Log (UnityEngine.LogType,object) (at /Users/bokken/build/output/unity/unity/Runtime/Export/Logging/Logger.cs:60)
UnityEngine.Debug:Log (object) (at /Users/bokken/build/output/unity/unity/Runtime/Export/Debug/Debug.bindings.cs:123)
Tide.App.T0CaseThreadSmoke:Require (bool,string) (at /private/tmp/t0-case-thread-p1-native-20260910/build-project/Assets/_Project/App/T0GameSession.cs:304)
Tide.App.T0CaseThreadSmoke:GenericGuidance (UnityEngine.UI.Text,string) (at /private/tmp/t0-case-thread-p1-native-20260910/build-project/Assets/_Project/App/T0GameSession.cs:359)
Tide.App.T0CaseThreadSmoke/<Inspect>d__23:MoveNext () (at /private/tmp/t0-case-thread-p1-native-20260910/build-project/Assets/_Project/App/T0GameSession.cs:368)
Tide.App.T0CaseThreadSmoke/<Start>d__11:MoveNext () (at /private/tmp/t0-case-thread-p1-native-20260910/build-project/Assets/_Project/App/T0GameSession.cs:295)
UnityEngine.SetupCoroutine:InvokeMoveNext (System.Collections.IEnumerator,intptr) (at /Users/bokken/build/output/unity/unity/Runtime/Export/Scripting/Coroutines.cs:17)

(Filename: /Users/bokken/build/output/unity/unity/Runtime/Export/Debug/Debug.bindings.cs Line: 123)

T0_CASE_THREAD_CHECK first-confirm-still-0-of-2: no disclosure of 장부
UnityEngine.Debug:ExtractStackTraceNoAlloc (byte*,int,string)
UnityEngine.StackTraceUtility:ExtractStackTrace () (at /Users/bokken/build/output/unity/unity/Runtime/Export/Scripting/StackTrace.cs:35)
UnityEngine.DebugLogHandler:Internal_Log (UnityEngine.LogType,UnityEngine.LogOption,string,UnityEngine.Object)
UnityEngine.DebugLogHandler:LogFormat (UnityEngine.LogType,UnityEngine.Object,string,object[]) (at /Users/bokken/build/output/unity/unity/Runtime/Export/Logging/DebugLogHandler.cs:9)
UnityEngine.Logger:Log (UnityEngine.LogType,object) (at /Users/bokken/build/output/unity/unity/Runtime/Export/Logging/Logger.cs:60)
UnityEngine.Debug:Log (object) (at /Users/bokken/build/output/unity/unity/Runtime/Export/Debug/Debug.bindings.cs:123)
Tide.App.T0CaseThreadSmoke:Require (bool,string) (at /private/tmp/t0-case-thread-p1-native-20260910/build-project/Assets/_Project/App/T0GameSession.cs:304)
Tide.App.T0CaseThreadSmoke:GenericGuidance (UnityEngine.UI.Text,string) (at /private/tmp/t0-case-thread-p1-native-20260910/build-project/Assets/_Project/App/T0GameSession.cs:359)
Tide.App.T0CaseThreadSmoke/<Inspect>d__23:MoveNext () (at /private/tmp/t0-case-thread-p1-native-20260910/build-project/Assets/_Project/App/T0GameSession.cs:368)
Tide.App.T0CaseThreadSmoke/<Start>d__11:MoveNext () (at /private/tmp/t0-case-thread-p1-native-20260910/build-project/Assets/_Project/App/T0GameSession.cs:295)
UnityEngine.SetupCoroutine:InvokeMoveNext (System.Collections.IEnumerator,intptr) (at /Users/bokken/build/output/unity/unity/Runtime/Export/Scripting/Coroutines.cs:17)

(Filename: /Users/bokken/build/output/unity/unity/Runtime/Export/Debug/Debug.bindings.cs Line: 123)

T0_CASE_THREAD_CHECK first-confirm-still-0-of-2: no disclosure of 당직일지
UnityEngine.Debug:ExtractStackTraceNoAlloc (byte*,int,string)
UnityEngine.StackTraceUtility:ExtractStackTrace () (at /Users/bokken/build/output/unity/unity/Runtime/Export/Scripting/StackTrace.cs:35)
UnityEngine.DebugLogHandler:Internal_Log (UnityEngine.LogType,UnityEngine.LogOption,string,UnityEngine.Object)
UnityEngine.DebugLogHandler:LogFormat (UnityEngine.LogType,UnityEngine.Object,string,object[]) (at /Users/bokken/build/output/unity/unity/Runtime/Export/Logging/DebugLogHandler.cs:9)
UnityEngine.Logger:Log (UnityEngine.LogType,object) (at /Users/bokken/build/output/unity/unity/Runtime/Export/Logging/Logger.cs:60)
UnityEngine.Debug:Log (object) (at /Users/bokken/build/output/unity/unity/Runtime/Export/Debug/Debug.bindings.cs:123)
Tide.App.T0CaseThreadSmoke:Require (bool,string) (at /private/tmp/t0-case-thread-p1-native-20260910/build-project/Assets/_Project/App/T0GameSession.cs:304)
Tide.App.T0CaseThreadSmoke:GenericGuidance (UnityEngine.UI.Text,string) (at /private/tmp/t0-case-thread-p1-native-20260910/build-project/Assets/_Project/App/T0GameSession.cs:359)
Tide.App.T0CaseThreadSmoke/<Inspect>d__23:MoveNext () (at /private/tmp/t0-case-thread-p1-native-20260910/build-project/Assets/_Project/App/T0GameSession.cs:368)
Tide.App.T0CaseThreadSmoke/<Start>d__11:MoveNext () (at /private/tmp/t0-case-thread-p1-native-20260910/build-project/Assets/_Project/App/T0GameSession.cs:295)
UnityEngine.SetupCoroutine:InvokeMoveNext (System.Collections.IEnumerator,intptr) (at /Users/bokken/build/output/unity/unity/Runtime/Export/Scripting/Coroutines.cs:17)

(Filename: /Users/bokken/build/output/unity/unity/Runtime/Export/Debug/Debug.bindings.cs Line: 123)

T0_CASE_THREAD_CHECK first-confirm-still-0-of-2: no disclosure of H-1
UnityEngine.Debug:ExtractStackTraceNoAlloc (byte*,int,string)
UnityEngine.StackTraceUtility:ExtractStackTrace () (at /Users/bokken/build/output/unity/unity/Runtime/Export/Scripting/StackTrace.cs:35)
UnityEngine.DebugLogHandler:Internal_Log (UnityEngine.LogType,UnityEngine.LogOption,string,UnityEngine.Object)
UnityEngine.DebugLogHandler:LogFormat (UnityEngine.LogType,UnityEngine.Object,string,object[]) (at /Users/bokken/build/output/unity/unity/Runtime/Export/Logging/DebugLogHandler.cs:9)
UnityEngine.Logger:Log (UnityEngine.LogType,object) (at /Users/bokken/build/output/unity/unity/Runtime/Export/Logging/Logger.cs:60)
UnityEngine.Debug:Log (object) (at /Users/bokken/build/output/unity/unity/Runtime/Export/Debug/Debug.bindings.cs:123)
Tide.App.T0CaseThreadSmoke:Require (bool,string) (at /private/tmp/t0-case-thread-p1-native-20260910/build-project/Assets/_Project/App/T0GameSession.cs:304)
Tide.App.T0CaseThreadSmoke:GenericGuidance (UnityEngine.UI.Text,string) (at /private/tmp/t0-case-thread-p1-native-20260910/build-project/Assets/_Project/App/T0GameSession.cs:359)
Tide.App.T0CaseThreadSmoke/<Inspect>d__23:MoveNext () (at /private/tmp/t0-case-thread-p1-native-20260910/build-project/Assets/_Project/App/T0GameSession.cs:368)
Tide.App.T0CaseThreadSmoke/<Start>d__11:MoveNext () (at /private/tmp/t0-case-thread-p1-native-20260910/build-project/Assets/_Project/App/T0GameSession.cs:295)
UnityEngine.SetupCoroutine:InvokeMoveNext (System.Collections.IEnumerator,intptr) (at /Users/bokken/build/output/unity/unity/Runtime/Export/Scripting/Coroutines.cs:17)

(Filename: /Users/bokken/build/output/unity/unity/Runtime/Export/Debug/Debug.bindings.cs Line: 123)

T0_CASE_THREAD_CHECK first-confirm-still-0-of-2: no disclosure of H+3
UnityEngine.Debug:ExtractStackTraceNoAlloc (byte*,int,string)
UnityEngine.StackTraceUtility:ExtractStackTrace () (at /Users/bokken/build/output/unity/unity/Runtime/Export/Scripting/StackTrace.cs:35)
UnityEngine.DebugLogHandler:Internal_Log (UnityEngine.LogType,UnityEngine.LogOption,string,UnityEngine.Object)
UnityEngine.DebugLogHandler:LogFormat (UnityEngine.LogType,UnityEngine.Object,string,object[]) (at /Users/bokken/build/output/unity/unity/Runtime/Export/Logging/DebugLogHandler.cs:9)
UnityEngine.Logger:Log (UnityEngine.LogType,object) (at /Users/bokken/build/output/unity/unity/Runtime/Export/Logging/Logger.cs:60)
UnityEngine.Debug:Log (object) (at /Users/bokken/build/output/unity/unity/Runtime/Export/Debug/Debug.bindings.cs:123)
Tide.App.T0CaseThreadSmoke:Require (bool,string) (at /private/tmp/t0-case-thread-p1-native-20260910/build-project/Assets/_Project/App/T0GameSession.cs:304)
Tide.App.T0CaseThreadSmoke:GenericGuidance (UnityEngine.UI.Text,string) (at /private/tmp/t0-case-thread-p1-native-20260910/build-project/Assets/_Project/App/T0GameSession.cs:359)
Tide.App.T0CaseThreadSmoke/<Inspect>d__23:MoveNext () (at /private/tmp/t0-case-thread-p1-native-20260910/build-project/Assets/_Project/App/T0GameSession.cs:368)
Tide.App.T0CaseThreadSmoke/<Start>d__11:MoveNext () (at /private/tmp/t0-case-thread-p1-native-20260910/build-project/Assets/_Project/App/T0GameSession.cs:295)
UnityEngine.SetupCoroutine:InvokeMoveNext (System.Collections.IEnumerator,intptr) (at /Users/bokken/build/output/unity/unity/Runtime/Export/Scripting/Coroutines.cs:17)

(Filename: /Users/bokken/build/output/unity/unity/Runtime/Export/Debug/Debug.bindings.cs Line: 123)

T0_CASE_THREAD_CHECK first-confirm-still-0-of-2: no disclosure of 단일 사고
UnityEngine.Debug:ExtractStackTraceNoAlloc (byte*,int,string)
UnityEngine.StackTraceUtility:ExtractStackTrace () (at /Users/bokken/build/output/unity/unity/Runtime/Export/Scripting/StackTrace.cs:35)
UnityEngine.DebugLogHandler:Internal_Log (UnityEngine.LogType,UnityEngine.LogOption,string,UnityEngine.Object)
UnityEngine.DebugLogHandler:LogFormat (UnityEngine.LogType,UnityEngine.Object,string,object[]) (at /Users/bokken/build/output/unity/unity/Runtime/Export/Logging/DebugLogHandler.cs:9)
UnityEngine.Logger:Log (UnityEngine.LogType,object) (at /Users/bokken/build/output/unity/unity/Runtime/Export/Logging/Logger.cs:60)
UnityEngine.Debug:Log (object) (at /Users/bokken/build/output/unity/unity/Runtime/Export/Debug/Debug.bindings.cs:123)
Tide.App.T0CaseThreadSmoke:Require (bool,string) (at /private/tmp/t0-case-thread-p1-native-20260910/build-project/Assets/_Project/App/T0GameSession.cs:304)
Tide.App.T0CaseThreadSmoke:GenericGuidance (UnityEngine.UI.Text,string) (at /private/tmp/t0-case-thread-p1-native-20260910/build-project/Assets/_Project/App/T0GameSession.cs:359)
Tide.App.T0CaseThreadSmoke/<Inspect>d__23:MoveNext () (at /private/tmp/t0-case-thread-p1-native-20260910/build-project/Assets/_Project/App/T0GameSession.cs:368)
Tide.App.T0CaseThreadSmoke/<Start>d__11:MoveNext () (at /private/tmp/t0-case-thread-p1-native-20260910/build-project/Assets/_Project/App/T0GameSession.cs:295)
UnityEngine.SetupCoroutine:InvokeMoveNext (System.Collections.IEnumerator,intptr) (at /Users/bokken/build/output/unity/unity/Runtime/Export/Scripting/Coroutines.cs:17)

(Filename: /Users/bokken/build/output/unity/unity/Runtime/Export/Debug/Debug.bindings.cs Line: 123)

T0_CASE_THREAD_CHECK first-confirm-still-0-of-2: no disclosure of 유지 실패
UnityEngine.Debug:ExtractStackTraceNoAlloc (byte*,int,string)
UnityEngine.StackTraceUtility:ExtractStackTrace () (at /Users/bokken/build/output/unity/unity/Runtime/Export/Scripting/StackTrace.cs:35)
UnityEngine.DebugLogHandler:Internal_Log (UnityEngine.LogType,UnityEngine.LogOption,string,UnityEngine.Object)
UnityEngine.DebugLogHandler:LogFormat (UnityEngine.LogType,UnityEngine.Object,string,object[]) (at /Users/bokken/build/output/unity/unity/Runtime/Export/Logging/DebugLogHandler.cs:9)
UnityEngine.Logger:Log (UnityEngine.LogType,object) (at /Users/bokken/build/output/unity/unity/Runtime/Export/Logging/Logger.cs:60)
UnityEngine.Debug:Log (object) (at /Users/bokken/build/output/unity/unity/Runtime/Export/Debug/Debug.bindings.cs:123)
Tide.App.T0CaseThreadSmoke:Require (bool,string) (at /private/tmp/t0-case-thread-p1-native-20260910/build-project/Assets/_Project/App/T0GameSession.cs:304)
Tide.App.T0CaseThreadSmoke:GenericGuidance (UnityEngine.UI.Text,string) (at /private/tmp/t0-case-thread-p1-native-20260910/build-project/Assets/_Project/App/T0GameSession.cs:359)
Tide.App.T0CaseThreadSmoke/<Inspect>d__23:MoveNext () (at /private/tmp/t0-case-thread-p1-native-20260910/build-project/Assets/_Project/App/T0GameSession.cs:368)
Tide.App.T0CaseThreadSmoke/<Start>d__11:MoveNext () (at /private/tmp/t0-case-thread-p1-native-20260910/build-project/Assets/_Project/App/T0GameSession.cs:295)
UnityEngine.SetupCoroutine:InvokeMoveNext (System.Collections.IEnumerator,intptr) (at /Users/bokken/build/output/unity/unity/Runtime/Export/Scripting/Coroutines.cs:17)

(Filename: /Users/bokken/build/output/unity/unity/Runtime/Export/Debug/Debug.bindings.cs Line: 123)

T0_CASE_THREAD_CHECK first-confirm-still-0-of-2: no disclosure of 서명 순서
UnityEngine.Debug:ExtractStackTraceNoAlloc (byte*,int,string)
UnityEngine.StackTraceUtility:ExtractStackTrace () (at /Users/bokken/build/output/unity/unity/Runtime/Export/Scripting/StackTrace.cs:35)
UnityEngine.DebugLogHandler:Internal_Log (UnityEngine.LogType,UnityEngine.LogOption,string,UnityEngine.Object)
UnityEngine.DebugLogHandler:LogFormat (UnityEngine.LogType,UnityEngine.Object,string,object[]) (at /Users/bokken/build/output/unity/unity/Runtime/Export/Logging/DebugLogHandler.cs:9)
UnityEngine.Logger:Log (UnityEngine.LogType,object) (at /Users/bokken/build/output/unity/unity/Runtime/Export/Logging/Logger.cs:60)
UnityEngine.Debug:Log (object) (at /Users/bokken/build/output/unity/unity/Runtime/Export/Debug/Debug.bindings.cs:123)
Tide.App.T0CaseThreadSmoke:Require (bool,string) (at /private/tmp/t0-case-thread-p1-native-20260910/build-project/Assets/_Project/App/T0GameSession.cs:304)
Tide.App.T0CaseThreadSmoke:GenericGuidance (UnityEngine.UI.Text,string) (at /private/tmp/t0-case-thread-p1-native-20260910/build-project/Assets/_Project/App/T0GameSession.cs:359)
Tide.App.T0CaseThreadSmoke/<Inspect>d__23:MoveNext () (at /private/tmp/t0-case-thread-p1-native-20260910/build-project/Assets/_Project/App/T0GameSession.cs:368)
Tide.App.T0CaseThreadSmoke/<Start>d__11:MoveNext () (at /private/tmp/t0-case-thread-p1-native-20260910/build-project/Assets/_Project/App/T0GameSession.cs:295)
UnityEngine.SetupCoroutine:InvokeMoveNext (System.Collections.IEnumerator,intptr) (at /Users/bokken/build/output/unity/unity/Runtime/Export/Scripting/Coroutines.cs:17)

(Filename: /Users/bokken/build/output/unity/unity/Runtime/Export/Debug/Debug.bindings.cs Line: 123)

T0_CASE_THREAD_CHECK first-confirm-still-0-of-2: no disclosure of 책임 사슬
UnityEngine.Debug:ExtractStackTraceNoAlloc (byte*,int,string)
UnityEngine.StackTraceUtility:ExtractStackTrace () (at /Users/bokken/build/output/unity/unity/Runtime/Export/Scripting/StackTrace.cs:35)
UnityEngine.DebugLogHandler:Internal_Log (UnityEngine.LogType,UnityEngine.LogOption,string,UnityEngine.Object)
UnityEngine.DebugLogHandler:LogFormat (UnityEngine.LogType,UnityEngine.Object,string,object[]) (at /Users/bokken/build/output/unity/unity/Runtime/Export/Logging/DebugLogHandler.cs:9)
UnityEngine.Logger:Log (UnityEngine.LogType,object) (at /Users/bokken/build/output/unity/unity/Runtime/Export/Logging/Logger.cs:60)
UnityEngine.Debug:Log (object) (at /Users/bokken/build/output/unity/unity/Runtime/Export/Debug/Debug.bindings.cs:123)
Tide.App.T0CaseThreadSmoke:Require (bool,string) (at /private/tmp/t0-case-thread-p1-native-20260910/build-project/Assets/_Project/App/T0GameSession.cs:304)
Tide.App.T0CaseThreadSmoke:GenericGuidance (UnityEngine.UI.Text,string) (at /private/tmp/t0-case-thread-p1-native-20260910/build-project/Assets/_Project/App/T0GameSession.cs:359)
Tide.App.T0CaseThreadSmoke/<Inspect>d__23:MoveNext () (at /private/tmp/t0-case-thread-p1-native-20260910/build-project/Assets/_Project/App/T0GameSession.cs:368)
Tide.App.T0CaseThreadSmoke/<Start>d__11:MoveNext () (at /private/tmp/t0-case-thread-p1-native-20260910/build-project/Assets/_Project/App/T0GameSession.cs:295)
UnityEngine.SetupCoroutine:InvokeMoveNext (System.Collections.IEnumerator,intptr) (at /Users/bokken/build/output/unity/unity/Runtime/Export/Scripting/Coroutines.cs:17)

(Filename: /Users/bokken/build/output/unity/unity/Runtime/Export/Debug/Debug.bindings.cs Line: 123)

T0_CASE_THREAD_CHECK first-confirm-still-0-of-2: no disclosure of offset-left
UnityEngine.Debug:ExtractStackTraceNoAlloc (byte*,int,string)
UnityEngine.StackTraceUtility:ExtractStackTrace () (at /Users/bokken/build/output/unity/unity/Runtime/Export/Scripting/StackTrace.cs:35)
UnityEngine.DebugLogHandler:Internal_Log (UnityEngine.LogType,UnityEngine.LogOption,string,UnityEngine.Object)
UnityEngine.DebugLogHandler:LogFormat (UnityEngine.LogType,UnityEngine.Object,string,object[]) (at /Users/bokken/build/output/unity/unity/Runtime/Export/Logging/DebugLogHandler.cs:9)
UnityEngine.Logger:Log (UnityEngine.LogType,object) (at /Users/bokken/build/output/unity/unity/Runtime/Export/Logging/Logger.cs:60)
UnityEngine.Debug:Log (object) (at /Users/bokken/build/output/unity/unity/Runtime/Export/Debug/Debug.bindings.cs:123)
Tide.App.T0CaseThreadSmoke:Require (bool,string) (at /private/tmp/t0-case-thread-p1-native-20260910/build-project/Assets/_Project/App/T0GameSession.cs:304)
Tide.App.T0CaseThreadSmoke:GenericGuidance (UnityEngine.UI.Text,string) (at /private/tmp/t0-case-thread-p1-native-20260910/build-project/Assets/_Project/App/T0GameSession.cs:359)
Tide.App.T0CaseThreadSmoke/<Inspect>d__23:MoveNext () (at /private/tmp/t0-case-thread-p1-native-20260910/build-project/Assets/_Project/App/T0GameSession.cs:368)
Tide.App.T0CaseThreadSmoke/<Start>d__11:MoveNext () (at /private/tmp/t0-case-thread-p1-native-20260910/build-project/Assets/_Project/App/T0GameSession.cs:295)
UnityEngine.SetupCoroutine:InvokeMoveNext (System.Collections.IEnumerator,intptr) (at /Users/bokken/build/output/unity/unity/Runtime/Export/Scripting/Coroutines.cs:17)

(Filename: /Users/bokken/build/output/unity/unity/Runtime/Export/Debug/Debug.bindings.cs Line: 123)

T0_CASE_THREAD_CHECK first-confirm-still-0-of-2: no disclosure of offset-up
UnityEngine.Debug:ExtractStackTraceNoAlloc (byte*,int,string)
UnityEngine.StackTraceUtility:ExtractStackTrace () (at /Users/bokken/build/output/unity/unity/Runtime/Export/Scripting/StackTrace.cs:35)
UnityEngine.DebugLogHandler:Internal_Log (UnityEngine.LogType,UnityEngine.LogOption,string,UnityEngine.Object)
UnityEngine.DebugLogHandler:LogFormat (UnityEngine.LogType,UnityEngine.Object,string,object[]) (at /Users/bokken/build/output/unity/unity/Runtime/Export/Logging/DebugLogHandler.cs:9)
UnityEngine.Logger:Log (UnityEngine.LogType,object) (at /Users/bokken/build/output/unity/unity/Runtime/Export/Logging/Logger.cs:60)
UnityEngine.Debug:Log (object) (at /Users/bokken/build/output/unity/unity/Runtime/Export/Debug/Debug.bindings.cs:123)
Tide.App.T0CaseThreadSmoke:Require (bool,string) (at /private/tmp/t0-case-thread-p1-native-20260910/build-project/Assets/_Project/App/T0GameSession.cs:304)
Tide.App.T0CaseThreadSmoke:GenericGuidance (UnityEngine.UI.Text,string) (at /private/tmp/t0-case-thread-p1-native-20260910/build-project/Assets/_Project/App/T0GameSession.cs:359)
Tide.App.T0CaseThreadSmoke/<Inspect>d__23:MoveNext () (at /private/tmp/t0-case-thread-p1-native-20260910/build-project/Assets/_Project/App/T0GameSession.cs:368)
Tide.App.T0CaseThreadSmoke/<Start>d__11:MoveNext () (at /private/tmp/t0-case-thread-p1-native-20260910/build-project/Assets/_Project/App/T0GameSession.cs:295)
UnityEngine.SetupCoroutine:InvokeMoveNext (System.Collections.IEnumerator,intptr) (at /Users/bokken/build/output/unity/unity/Runtime/Export/Scripting/Coroutines.cs:17)

(Filename: /Users/bokken/build/output/unity/unity/Runtime/Export/Debug/Debug.bindings.cs Line: 123)

T0_CASE_THREAD_CHECK first-confirm-still-0-of-2: no authored time window
UnityEngine.Debug:ExtractStackTraceNoAlloc (byte*,int,string)
UnityEngine.StackTraceUtility:ExtractStackTrace () (at /Users/bokken/build/output/unity/unity/Runtime/Export/Scripting/StackTrace.cs:35)
UnityEngine.DebugLogHandler:Internal_Log (UnityEngine.LogType,UnityEngine.LogOption,string,UnityEngine.Object)
UnityEngine.DebugLogHandler:LogFormat (UnityEngine.LogType,UnityEngine.Object,string,object[]) (at /Users/bokken/build/output/unity/unity/Runtime/Export/Logging/DebugLogHandler.cs:9)
UnityEngine.Logger:Log (UnityEngine.LogType,object) (at /Users/bokken/build/output/unity/unity/Runtime/Export/Logging/Logger.cs:60)
UnityEngine.Debug:Log (object) (at /Users/bokken/build/output/unity/unity/Runtime/Export/Debug/Debug.bindings.cs:123)
Tide.App.T0CaseThreadSmoke:Require (bool,string) (at /private/tmp/t0-case-thread-p1-native-20260910/build-project/Assets/_Project/App/T0GameSession.cs:304)
Tide.App.T0CaseThreadSmoke:GenericGuidance (UnityEngine.UI.Text,string) (at /private/tmp/t0-case-thread-p1-native-20260910/build-project/Assets/_Project/App/T0GameSession.cs:360)
Tide.App.T0CaseThreadSmoke/<Inspect>d__23:MoveNext () (at /private/tmp/t0-case-thread-p1-native-20260910/build-project/Assets/_Project/App/T0GameSession.cs:368)
Tide.App.T0CaseThreadSmoke/<Start>d__11:MoveNext () (at /private/tmp/t0-case-thread-p1-native-20260910/build-project/Assets/_Project/App/T0GameSession.cs:295)
UnityEngine.SetupCoroutine:InvokeMoveNext (System.Collections.IEnumerator,intptr) (at /Users/bokken/build/output/unity/unity/Runtime/Export/Scripting/Coroutines.cs:17)

(Filename: /Users/bokken/build/output/unity/unity/Runtime/Export/Debug/Debug.bindings.cs Line: 123)

T0_CASE_THREAD_CHECK first-confirm-still-0-of-2: card text fits allocated height
UnityEngine.Debug:ExtractStackTraceNoAlloc (byte*,int,string)
UnityEngine.StackTraceUtility:ExtractStackTrace () (at /Users/bokken/build/output/unity/unity/Runtime/Export/Scripting/StackTrace.cs:35)
UnityEngine.DebugLogHandler:Internal_Log (UnityEngine.LogType,UnityEngine.LogOption,string,UnityEngine.Object)
UnityEngine.DebugLogHandler:LogFormat (UnityEngine.LogType,UnityEngine.Object,string,object[]) (at /Users/bokken/build/output/unity/unity/Runtime/Export/Logging/DebugLogHandler.cs:9)
UnityEngine.Logger:Log (UnityEngine.LogType,object) (at /Users/bokken/build/output/unity/unity/Runtime/Export/Logging/Logger.cs:60)
UnityEngine.Debug:Log (object) (at /Users/bokken/build/output/unity/unity/Runtime/Export/Debug/Debug.bindings.cs:123)
Tide.App.T0CaseThreadSmoke:Require (bool,string) (at /private/tmp/t0-case-thread-p1-native-20260910/build-project/Assets/_Project/App/T0GameSession.cs:304)
Tide.App.T0CaseThreadSmoke:GenericGuidance (UnityEngine.UI.Text,string) (at /private/tmp/t0-case-thread-p1-native-20260910/build-project/Assets/_Project/App/T0GameSession.cs:361)
Tide.App.T0CaseThreadSmoke/<Inspect>d__23:MoveNext () (at /private/tmp/t0-case-thread-p1-native-20260910/build-project/Assets/_Project/App/T0GameSession.cs:368)
Tide.App.T0CaseThreadSmoke/<Start>d__11:MoveNext () (at /private/tmp/t0-case-thread-p1-native-20260910/build-project/Assets/_Project/App/T0GameSession.cs:295)
UnityEngine.SetupCoroutine:InvokeMoveNext (System.Collections.IEnumerator,intptr) (at /Users/bokken/build/output/unity/unity/Runtime/Export/Scripting/Coroutines.cs:17)

(Filename: /Users/bokken/build/output/unity/unity/Runtime/Export/Debug/Debug.bindings.cs Line: 123)

T0_CASE_THREAD_CHECK first-confirm-still-0-of-2: completion wording matches live state
UnityEngine.Debug:ExtractStackTraceNoAlloc (byte*,int,string)
UnityEngine.StackTraceUtility:ExtractStackTrace () (at /Users/bokken/build/output/unity/unity/Runtime/Export/Scripting/StackTrace.cs:35)
UnityEngine.DebugLogHandler:Internal_Log (UnityEngine.LogType,UnityEngine.LogOption,string,UnityEngine.Object)
UnityEngine.DebugLogHandler:LogFormat (UnityEngine.LogType,UnityEngine.Object,string,object[]) (at /Users/bokken/build/output/unity/unity/Runtime/Export/Logging/DebugLogHandler.cs:9)
UnityEngine.Logger:Log (UnityEngine.LogType,object) (at /Users/bokken/build/output/unity/unity/Runtime/Export/Logging/Logger.cs:60)
UnityEngine.Debug:Log (object) (at /Users/bokken/build/output/unity/unity/Runtime/Export/Debug/Debug.bindings.cs:123)
Tide.App.T0CaseThreadSmoke:Require (bool,string) (at /private/tmp/t0-case-thread-p1-native-20260910/build-project/Assets/_Project/App/T0GameSession.cs:304)
Tide.App.T0CaseThreadSmoke/<Inspect>d__23:MoveNext () (at /private/tmp/t0-case-thread-p1-native-20260910/build-project/Assets/_Project/App/T0GameSession.cs:369)
Tide.App.T0CaseThreadSmoke/<Start>d__11:MoveNext () (at /private/tmp/t0-case-thread-p1-native-20260910/build-project/Assets/_Project/App/T0GameSession.cs:295)
UnityEngine.SetupCoroutine:InvokeMoveNext (System.Collections.IEnumerator,intptr) (at /Users/bokken/build/output/unity/unity/Runtime/Export/Scripting/Coroutines.cs:17)

(Filename: /Users/bokken/build/output/unity/unity/Runtime/Export/Debug/Debug.bindings.cs Line: 123)

T0_CASE_THREAD_CHECK first-confirm-still-0-of-2: live t0-b3 completion agrees
UnityEngine.Debug:ExtractStackTraceNoAlloc (byte*,int,string)
UnityEngine.StackTraceUtility:ExtractStackTrace () (at /Users/bokken/build/output/unity/unity/Runtime/Export/Scripting/StackTrace.cs:35)
UnityEngine.DebugLogHandler:Internal_Log (UnityEngine.LogType,UnityEngine.LogOption,string,UnityEngine.Object)
UnityEngine.DebugLogHandler:LogFormat (UnityEngine.LogType,UnityEngine.Object,string,object[]) (at /Users/bokken/build/output/unity/unity/Runtime/Export/Logging/DebugLogHandler.cs:9)
UnityEngine.Logger:Log (UnityEngine.LogType,object) (at /Users/bokken/build/output/unity/unity/Runtime/Export/Logging/Logger.cs:60)
UnityEngine.Debug:Log (object) (at /Users/bokken/build/output/unity/unity/Runtime/Export/Debug/Debug.bindings.cs:123)
Tide.App.T0CaseThreadSmoke:Require (bool,string) (at /private/tmp/t0-case-thread-p1-native-20260910/build-project/Assets/_Project/App/T0GameSession.cs:304)
Tide.App.T0CaseThreadSmoke/<Inspect>d__23:MoveNext () (at /private/tmp/t0-case-thread-p1-native-20260910/build-project/Assets/_Project/App/T0GameSession.cs:370)
Tide.App.T0CaseThreadSmoke/<Start>d__11:MoveNext () (at /private/tmp/t0-case-thread-p1-native-20260910/build-project/Assets/_Project/App/T0GameSession.cs:295)
UnityEngine.SetupCoroutine:InvokeMoveNext (System.Collections.IEnumerator,intptr) (at /Users/bokken/build/output/unity/unity/Runtime/Export/Scripting/Coroutines.cs:17)

(Filename: /Users/bokken/build/output/unity/unity/Runtime/Export/Debug/Debug.bindings.cs Line: 123)

T0_CASE_THREAD_CHECK first-confirm-still-0-of-2: case thread is read-only and not a pointer target
UnityEngine.Debug:ExtractStackTraceNoAlloc (byte*,int,string)
UnityEngine.StackTraceUtility:ExtractStackTrace () (at /Users/bokken/build/output/unity/unity/Runtime/Export/Scripting/StackTrace.cs:35)
UnityEngine.DebugLogHandler:Internal_Log (UnityEngine.LogType,UnityEngine.LogOption,string,UnityEngine.Object)
UnityEngine.DebugLogHandler:LogFormat (UnityEngine.LogType,UnityEngine.Object,string,object[]) (at /Users/bokken/build/output/unity/unity/Runtime/Export/Logging/DebugLogHandler.cs:9)
UnityEngine.Logger:Log (UnityEngine.LogType,object) (at /Users/bokken/build/output/unity/unity/Runtime/Export/Logging/Logger.cs:60)
UnityEngine.Debug:Log (object) (at /Users/bokken/build/output/unity/unity/Runtime/Export/Debug/Debug.bindings.cs:123)
Tide.App.T0CaseThreadSmoke:Require (bool,string) (at /private/tmp/t0-case-thread-p1-native-20260910/build-project/Assets/_Project/App/T0GameSession.cs:304)
Tide.App.T0CaseThreadSmoke/<Inspect>d__23:MoveNext () (at /private/tmp/t0-case-thread-p1-native-20260910/build-project/Assets/_Project/App/T0GameSession.cs:371)
Tide.App.T0CaseThreadSmoke/<Start>d__11:MoveNext () (at /private/tmp/t0-case-thread-p1-native-20260910/build-project/Assets/_Project/App/T0GameSession.cs:295)
UnityEngine.SetupCoroutine:InvokeMoveNext (System.Collections.IEnumerator,intptr) (at /Users/bokken/build/output/unity/unity/Runtime/Export/Scripting/Coroutines.cs:17)

(Filename: /Users/bokken/build/output/unity/unity/Runtime/Export/Debug/Debug.bindings.cs Line: 123)

T0_CASE_THREAD_CHECK first-confirm-still-0-of-2: card creates no puzzle action
UnityEngine.Debug:ExtractStackTraceNoAlloc (byte*,int,string)
UnityEngine.StackTraceUtility:ExtractStackTrace () (at /Users/bokken/build/output/unity/unity/Runtime/Export/Scripting/StackTrace.cs:35)
UnityEngine.DebugLogHandler:Internal_Log (UnityEngine.LogType,UnityEngine.LogOption,string,UnityEngine.Object)
UnityEngine.DebugLogHandler:LogFormat (UnityEngine.LogType,UnityEngine.Object,string,object[]) (at /Users/bokken/build/output/unity/unity/Runtime/Export/Logging/DebugLogHandler.cs:9)
UnityEngine.Logger:Log (UnityEngine.LogType,object) (at /Users/bokken/build/output/unity/unity/Runtime/Export/Logging/Logger.cs:60)
UnityEngine.Debug:Log (object) (at /Users/bokken/build/output/unity/unity/Runtime/Export/Debug/Debug.bindings.cs:123)
Tide.App.T0CaseThreadSmoke:Require (bool,string) (at /private/tmp/t0-case-thread-p1-native-20260910/build-project/Assets/_Project/App/T0GameSession.cs:304)
Tide.App.T0CaseThreadSmoke/<Inspect>d__23:MoveNext () (at /private/tmp/t0-case-thread-p1-native-20260910/build-project/Assets/_Project/App/T0GameSession.cs:372)
Tide.App.T0CaseThreadSmoke/<Start>d__11:MoveNext () (at /private/tmp/t0-case-thread-p1-native-20260910/build-project/Assets/_Project/App/T0GameSession.cs:295)
UnityEngine.SetupCoroutine:InvokeMoveNext (System.Collections.IEnumerator,intptr) (at /Users/bokken/build/output/unity/unity/Runtime/Export/Scripting/Coroutines.cs:17)

(Filename: /Users/bokken/build/output/unity/unity/Runtime/Export/Debug/Debug.bindings.cs Line: 123)

T0_CASE_THREAD_CHECK first-confirm-still-0-of-2: repeated Render preserves journal, state, receipt count, pending flag and all save file bytes/timestamps
UnityEngine.Debug:ExtractStackTraceNoAlloc (byte*,int,string)
UnityEngine.StackTraceUtility:ExtractStackTrace () (at /Users/bokken/build/output/unity/unity/Runtime/Export/Scripting/StackTrace.cs:35)
UnityEngine.DebugLogHandler:Internal_Log (UnityEngine.LogType,UnityEngine.LogOption,string,UnityEngine.Object)
UnityEngine.DebugLogHandler:LogFormat (UnityEngine.LogType,UnityEngine.Object,string,object[]) (at /Users/bokken/build/output/unity/unity/Runtime/Export/Logging/DebugLogHandler.cs:9)
UnityEngine.Logger:Log (UnityEngine.LogType,object) (at /Users/bokken/build/output/unity/unity/Runtime/Export/Logging/Logger.cs:60)
UnityEngine.Debug:Log (object) (at /Users/bokken/build/output/unity/unity/Runtime/Export/Debug/Debug.bindings.cs:123)
Tide.App.T0CaseThreadSmoke:Require (bool,string) (at /private/tmp/t0-case-thread-p1-native-20260910/build-project/Assets/_Project/App/T0GameSession.cs:304)
Tide.App.T0CaseThreadSmoke/<Inspect>d__23:MoveNext () (at /private/tmp/t0-case-thread-p1-native-20260910/build-project/Assets/_Project/App/T0GameSession.cs:373)
Tide.App.T0CaseThreadSmoke/<Start>d__11:MoveNext () (at /private/tmp/t0-case-thread-p1-native-20260910/build-project/Assets/_Project/App/T0GameSession.cs:295)
UnityEngine.SetupCoroutine:InvokeMoveNext (System.Collections.IEnumerator,intptr) (at /Users/bokken/build/output/unity/unity/Runtime/Export/Scripting/Coroutines.cs:17)

(Filename: /Users/bokken/build/output/unity/unity/Runtime/Export/Debug/Debug.bindings.cs Line: 123)

T0_CASE_THREAD_CHECK first-confirm-still-0-of-2: repeated Render preserves actions and keyboard focus
UnityEngine.Debug:ExtractStackTraceNoAlloc (byte*,int,string)
UnityEngine.StackTraceUtility:ExtractStackTrace () (at /Users/bokken/build/output/unity/unity/Runtime/Export/Scripting/StackTrace.cs:35)
UnityEngine.DebugLogHandler:Internal_Log (UnityEngine.LogType,UnityEngine.LogOption,string,UnityEngine.Object)
UnityEngine.DebugLogHandler:LogFormat (UnityEngine.LogType,UnityEngine.Object,string,object[]) (at /Users/bokken/build/output/unity/unity/Runtime/Export/Logging/DebugLogHandler.cs:9)
UnityEngine.Logger:Log (UnityEngine.LogType,object) (at /Users/bokken/build/output/unity/unity/Runtime/Export/Logging/Logger.cs:60)
UnityEngine.Debug:Log (object) (at /Users/bokken/build/output/unity/unity/Runtime/Export/Debug/Debug.bindings.cs:123)
Tide.App.T0CaseThreadSmoke:Require (bool,string) (at /private/tmp/t0-case-thread-p1-native-20260910/build-project/Assets/_Project/App/T0GameSession.cs:304)
Tide.App.T0CaseThreadSmoke/<Inspect>d__23:MoveNext () (at /private/tmp/t0-case-thread-p1-native-20260910/build-project/Assets/_Project/App/T0GameSession.cs:374)
Tide.App.T0CaseThreadSmoke/<Start>d__11:MoveNext () (at /private/tmp/t0-case-thread-p1-native-20260910/build-project/Assets/_Project/App/T0GameSession.cs:295)
UnityEngine.SetupCoroutine:InvokeMoveNext (System.Collections.IEnumerator,intptr) (at /Users/bokken/build/output/unity/unity/Runtime/Export/Scripting/Coroutines.cs:17)

(Filename: /Users/bokken/build/output/unity/unity/Runtime/Export/Debug/Debug.bindings.cs Line: 123)

T0_CASE_THREAD_CHECK existing UI action available: confirm-submit
UnityEngine.Debug:ExtractStackTraceNoAlloc (byte*,int,string)
UnityEngine.StackTraceUtility:ExtractStackTrace () (at /Users/bokken/build/output/unity/unity/Runtime/Export/Scripting/StackTrace.cs:35)
UnityEngine.DebugLogHandler:Internal_Log (UnityEngine.LogType,UnityEngine.LogOption,string,UnityEngine.Object)
UnityEngine.DebugLogHandler:LogFormat (UnityEngine.LogType,UnityEngine.Object,string,object[]) (at /Users/bokken/build/output/unity/unity/Runtime/Export/Logging/DebugLogHandler.cs:9)
UnityEngine.Logger:Log (UnityEngine.LogType,object) (at /Users/bokken/build/output/unity/unity/Runtime/Export/Logging/Logger.cs:60)
UnityEngine.Debug:Log (object) (at /Users/bokken/build/output/unity/unity/Runtime/Export/Debug/Debug.bindings.cs:123)
Tide.App.T0CaseThreadSmoke:Require (bool,string) (at /private/tmp/t0-case-thread-p1-native-20260910/build-project/Assets/_Project/App/T0GameSession.cs:304)
Tide.App.T0CaseThreadSmoke:Act (string) (at /private/tmp/t0-case-thread-p1-native-20260910/build-project/Assets/_Project/App/T0GameSession.cs:312)
Tide.App.T0CaseThreadSmoke/<Run>d__28:MoveNext () (at /private/tmp/t0-case-thread-p1-native-20260910/build-project/Assets/_Project/App/T0GameSession.cs:447)
Tide.App.T0CaseThreadSmoke/<Start>d__11:MoveNext () (at /private/tmp/t0-case-thread-p1-native-20260910/build-project/Assets/_Project/App/T0GameSession.cs:295)
UnityEngine.SetupCoroutine:InvokeMoveNext (System.Collections.IEnumerator,intptr) (at /Users/bokken/build/output/unity/unity/Runtime/Export/Scripting/Coroutines.cs:17)

(Filename: /Users/bokken/build/output/unity/unity/Runtime/Export/Debug/Debug.bindings.cs Line: 123)

T0 commit: Disk full. Path /tmp/t0-case-thread-p1-native-20260910/native-1-save/save.json.tmp
UnityEngine.Debug:ExtractStackTraceNoAlloc (byte*,int,string)
UnityEngine.StackTraceUtility:ExtractStackTrace () (at /Users/bokken/build/output/unity/unity/Runtime/Export/Scripting/StackTrace.cs:35)
UnityEngine.DebugLogHandler:Internal_Log (UnityEngine.LogType,UnityEngine.LogOption,string,UnityEngine.Object)
UnityEngine.DebugLogHandler:LogFormat (UnityEngine.LogType,UnityEngine.Object,string,object[]) (at /Users/bokken/build/output/unity/unity/Runtime/Export/Logging/DebugLogHandler.cs:9)
UnityEngine.Logger:Log (UnityEngine.LogType,object) (at /Users/bokken/build/output/unity/unity/Runtime/Export/Logging/Logger.cs:60)
UnityEngine.Debug:LogWarning (object) (at /Users/bokken/build/output/unity/unity/Runtime/Export/Debug/Debug.bindings.cs:216)
Tide.App.T0GameSession/<CommitAsync>d__102:MoveNext () (at /private/tmp/t0-case-thread-p1-native-20260910/build-project/Assets/_Project/App/T0GameSession.cs:135)
System.Runtime.CompilerServices.AsyncMethodBuilderCore/MoveNextRunner:InvokeMoveNext (object)
System.Threading.ExecutionContext:RunInternal (System.Threading.ExecutionContext,System.Threading.ContextCallback,object,bool)
System.Threading.ExecutionContext:Run (System.Threading.ExecutionContext,System.Threading.ContextCallback,object,bool)
System.Runtime.CompilerServices.AsyncMethodBuilderCore/MoveNextRunner:Run ()
System.Threading.Tasks.SynchronizationContextAwaitTaskContinuation/<>c:<.cctor>b__7_0 (object)
UnityEngine.UnitySynchronizationContext/WorkRequest:Invoke () (at /Users/bokken/build/output/unity/unity/Runtime/Export/Scripting/UnitySynchronizationContext.cs:156)
UnityEngine.UnitySynchronizationContext:Exec () (at /Users/bokken/build/output/unity/unity/Runtime/Export/Scripting/UnitySynchronizationContext.cs:84)
UnityEngine.UnitySynchronizationContext:ExecuteTasks () (at /Users/bokken/build/output/unity/unity/Runtime/Export/Scripting/UnitySynchronizationContext.cs:110)

(Filename: /Users/bokken/build/output/unity/unity/Runtime/Export/Debug/Debug.bindings.cs Line: 216)

T0_CASE_THREAD_CHECK save queue settled
UnityEngine.Debug:ExtractStackTraceNoAlloc (byte*,int,string)
UnityEngine.StackTraceUtility:ExtractStackTrace () (at /Users/bokken/build/output/unity/unity/Runtime/Export/Scripting/StackTrace.cs:35)
UnityEngine.DebugLogHandler:Internal_Log (UnityEngine.LogType,UnityEngine.LogOption,string,UnityEngine.Object)
UnityEngine.DebugLogHandler:LogFormat (UnityEngine.LogType,UnityEngine.Object,string,object[]) (at /Users/bokken/build/output/unity/unity/Runtime/Export/Logging/DebugLogHandler.cs:9)
UnityEngine.Logger:Log (UnityEngine.LogType,object) (at /Users/bokken/build/output/unity/unity/Runtime/Export/Logging/Logger.cs:60)
UnityEngine.Debug:Log (object) (at /Users/bokken/build/output/unity/unity/Runtime/Export/Debug/Debug.bindings.cs:123)
Tide.App.T0CaseThreadSmoke:Require (bool,string) (at /private/tmp/t0-case-thread-p1-native-20260910/build-project/Assets/_Project/App/T0GameSession.cs:304)
Tide.App.T0CaseThreadSmoke/<Drain>d__18:MoveNext () (at /private/tmp/t0-case-thread-p1-native-20260910/build-project/Assets/_Project/App/T0GameSession.cs:337)
Tide.App.T0CaseThreadSmoke/<Start>d__11:MoveNext () (at /private/tmp/t0-case-thread-p1-native-20260910/build-project/Assets/_Project/App/T0GameSession.cs:295)
UnityEngine.SetupCoroutine:InvokeMoveNext (System.Collections.IEnumerator,intptr) (at /Users/bokken/build/output/unity/unity/Runtime/Export/Scripting/Coroutines.cs:17)

(Filename: /Users/bokken/build/output/unity/unity/Runtime/Export/Debug/Debug.bindings.cs Line: 123)

InvalidOperationException: first actual citation committed once
  at Tide.App.T0CaseThreadSmoke.Require (System.Boolean condition, System.String label) [0x0002b] in /private/tmp/t0-case-thread-p1-native-20260910/build-project/Assets/_Project/App/T0GameSession.cs:304 
  at Tide.App.T0CaseThreadSmoke+<Run>d__28.MoveNext () [0x006a6] in /private/tmp/t0-case-thread-p1-native-20260910/build-project/Assets/_Project/App/T0GameSession.cs:447 
  at Tide.App.T0CaseThreadSmoke+<Start>d__11.MoveNext () [0x000bb] in /private/tmp/t0-case-thread-p1-native-20260910/build-project/Assets/_Project/App/T0GameSession.cs:295 
UnityEngine.DebugLogHandler:Internal_LogException_Injected(Exception, IntPtr)
UnityEngine.DebugLogHandler:Internal_LogException(Exception, Object)
UnityEngine.DebugLogHandler:LogException(Exception, Object)
UnityEngine.Logger:LogException(Exception, Object)
UnityEngine.Debug:LogException(Exception)
Tide.App.<Start>d__11:MoveNext() (at /private/tmp/t0-case-thread-p1-native-20260910/build-project/Assets/_Project/App/T0GameSession.cs:296)
UnityEngine.SetupCoroutine:InvokeMoveNext(IEnumerator, IntPtr) (at /Users/bokken/build/output/unity/unity/Runtime/Export/Scripting/Coroutines.cs:17)

(Filename: /private/tmp/t0-case-thread-p1-native-20260910/build-project/Assets/_Project/App/T0GameSession.cs Line: 304)

Thread 0x16ec17000 may have been prematurely finalized
[Physics::Module] Cleanup current backend.
[Physics::Module] Id: 0xf2b8ea05
Input System module state changed to: ShutdownInProgress.
Input Polling Thread exited.
Input System module state changed to: Shutdown.
Thread 0x16dcc7000 may have been prematurely finalized
Thread 0x16dd53000 may have been prematurely finalized
Thread 0x16dc3b000 may have been prematurely finalized
Thread 0x16dddf000 may have been prematurely finalized
CodeReloadManager destroyed
PlayerConnection::Cleanup##utp:{"type":"MemoryLeaks","version":2,"phase":"Immediate","time":1789048180285,"processId":5560,"allocatedMemory":3138415,"memoryLabels":[{"Default":69329},{"Permanent":1472},{"NewDelete":760607},{"Thread":6584},{"Manager":14727},{"VertexData":8},{"Geometry":408},{"Texture":16},{"Shader":78414},{"Material":24},{"GfxDevice":38608},{"GfxThread":320},{"Animation":880},{"Audio":3040},{"FreeType":8},{"FontEngine":736},{"Physics":2176},{"Physics2D":16},{"Serialization":824},{"Input":43216},{"JobScheduler":448},{"TextLib":280},{"Mono":56},{"ScriptingNativeRuntime":128},{"BaseObject":1609216},{"Resource":520},{"Renderer":3600},{"Transform":6485},{"File":816},{"WebCam":32},{"Culling":32},{"Terrain":11298},{"Wind":24},{"String":3341},{"Utility":314560},{"PoolAlloc":1488},{"AI":40},{"TypeTree":5512},{"CodeReload":440},{"RuntimeInitializeOnLoadManager":64},{"Sprites":78},{"SpriteAtlas":120},{"GI":7200},{"Director":8248},{"CloudService":144},{"WebRequest":520},{"VR":46866},{"SceneManager":408},{"Video":2080},{"LazyScriptCache":32},{"NativeArray":1020},{"Camera":9},{"Secure":241},{"SerializationCache":1576},{"APIUpdating":10320},{"Subsystems":336},{"VirtualTexturing":57496},{"Baselib":16},{"Analytics":80},{"Hierarchy":1568},{"UIElements":72},{"CoreStats":13768},{"Identifiers":6768},{"Gui":40},{"CoreBusinessMetrics":128},{"AssetReference":32}]}
