Unity Editor version:    6000.5.6f1 (0e0577a1a2ac)
Branch:                  6000.5/staging
Build type:              Release
Batch mode:              YES
macOS version:           Version 26.3.1 (Build 25D2128)
Darwin version:          25.3.0
Architecture:            arm64
Running under Rosetta:   NO
Available memory:        16384 MB
Date:                    2026-09-12T01:14:01Z
[Licensing::Module] Trying to connect to existing licensing client channel...
[Licensing::IpcConnector] Channel LicenseClient-jangyoung doesn't exist
Launching external process: /Applications/Unity/Hub/Editor/6000.5.6f1/Unity.app/Contents/Helpers/UnityLicensingClient.app/Contents/MacOS/Unity.Licensing.Client
[Licensing::Module] Successfully launched the LicensingClient (PId: 81985)
Launching external process: /Applications/Unity/Hub/Editor/6000.5.6f1/Unity.app/Contents/Helpers/PackageManager/Server/UnityPackageManager

COMMAND LINE ARGUMENTS:
/Applications/Unity/Hub/Editor/6000.5.6f1/Unity.app/Contents/MacOS/Unity
-batchmode
-nographics
--burst-disable-compilation
-projectPath
/Users/jangyoung/orca/unknown/unity/Unknown
-executeMethod
Tide.EditorTools.M7ProjectBuilder.ApproveAll
--m7-approval-audit
/Users/jangyoung/orca/unknown/_workspace/current/systems/tech-verification/ui-promotion-m13/m7-approval-audit.json
-logFile
/Users/jangyoung/orca/unknown/_workspace/current/systems/tech-verification/ui-promotion-m13/approve-all.log
Successfully changed project path to: /Users/jangyoung/orca/unknown/unity/Unknown
/Users/jangyoung/orca/unknown/unity/Unknown
[UnityMemory] Configuration Parameters - Can be set up in boot.config
    "memorysetup-temp-allocator-size-gi-baking-worker=262144"
    "memorysetup-temp-allocator-size-gi-baking-worker=262144"
    "memorysetup-temp-allocator-size-gi-baking-worker=262144"
    "memorysetup-temp-allocator-size-gi-baking-worker=262144"
    "memorysetup-temp-allocator-size-gi-baking-worker=262144"
    "memorysetup-temp-allocator-size-nav-mesh-worker=65536"
    "memorysetup-temp-allocator-size-audio-worker=65536"
    "memorysetup-temp-allocator-size-cloud-worker=32768"
    "memorysetup-allocator-temp-initial-block-size-main=262144"
    "memorysetup-allocator-temp-initial-block-size-worker=262144"
    "memorysetup-temp-allocator-size-preload-manager=33554432"
    "memorysetup-temp-allocator-size-gfx=262144"
    "memorysetup-temp-allocator-size-background-worker=32768"
    "memorysetup-temp-allocator-size-job-worker=262144"
    "memorysetup-bucket-allocator-granularity=16"
    "memorysetup-bucket-allocator-bucket-count=8"
    "memorysetup-bucket-allocator-block-size=33554432"
    "memorysetup-bucket-allocator-block-count=8"
    "memorysetup-main-allocator-block-size=16777216"
    "memorysetup-thread-allocator-block-size=16777216"
    "memorysetup-main-allocator-mimalloc-enabled=0"
    "memorysetup-gfx-main-allocator-block-size=16777216"
    "memorysetup-gfx-thread-allocator-block-size=16777216"
    "memorysetup-cache-allocator-block-size=4194304"
    "memorysetup-typetree-allocator-block-size=2097152"
    "memorysetup-profiler-bucket-allocator-granularity=16"
    "memorysetup-profiler-bucket-allocator-bucket-count=8"
    "memorysetup-profiler-bucket-allocator-block-size=33554432"
    "memorysetup-profiler-bucket-allocator-block-count=8"
    "memorysetup-profiler-allocator-block-size=16777216"
    "memorysetup-profiler-editor-allocator-block-size=1048576"
    "memorysetup-temp-allocator-size-main=16777216"
    "memorysetup-job-temp-allocator-block-size=2097152"
    "memorysetup-job-temp-allocator-block-size-background=1048576"
    "memorysetup-job-temp-allocator-reduction-small-platforms=262144"
Logging is directed to a specific file, skipping project log.Player connection [8682565888]  Target information:

Player connection [8682565888]  * "[IP] 192.168.219.124 [Port] 55504 [Flags] 2 [Guid] 15418596 [EditorId] 15418596 [Version] 1048832 [Id] OSXEditor(0,MacBook-Pro-2.local) [Debug] 1 [PackageName] OSXEditor [ProjectName] Editor" 

Player connection [8682565888]  * "[IP] 100.119.58.79 [Port] 55504 [Flags] 2 [Guid] 15418596 [EditorId] 15418596 [Version] 1048832 [Id] OSXEditor(0,MacBook-Pro-2.local) [Debug] 1 [PackageName] OSXEditor [ProjectName] Editor" 

Player connection [8682565888] Host joined multi-casting on [225.0.0.222:54997]...
Player connection [8682565888] Host joined alternative multi-casting on [225.0.0.222:34997]...
Input System module state changed to: Initialized.
[Physics::Module] Initialized fallback backend.
[Physics::Module] Id: 0xdecafbad
[Package Manager] Connected to IPC stream "Upm-81966" after 0.3 seconds.
[Licensing::Module] Licensing is not yet initialized.
[Licensing::IpcConnector] Successfully connected to: "LicenseClient-jangyoung" at "2026-09-12T01:14:01.85174Z"
[Licensing::Client] Handshaking with LicensingClient:
  Version:                 1.18.1+9fbee8e
  Session Id:              ad7fecdd8d8848e3b56ad0894e8e63a4
  Correlation Id:          17f406a3c2d9ce9882edf11a01745dba
  External correlation Id: 1319842760996051175
  Machine Id:              GDFq97hyJBwslTnyqVIUvhYydXg=
[Licensing::Module] Successfully connected to LicensingClient on channel: "LicenseClient-jangyoung" (connect: 0.57s, validation: 0.04s, handshake: 0.32s)
[Licensing::IpcConnector] Successfully connected to: "LicenseClient-jangyoung-notifications" at "2026-09-12T01:14:02.214611Z"
[Licensing::Module] Connected to LicensingClient (PId: 81985, launch time: 0.00, total connection time: 0.94s)
[Licensing::Module] Error: Access token is unavailable; failed to update
[Licensing::Client] Successfully resolved entitlement details
[Licensing::Module] License group:
  Id: 4513980-UnityPersXXXX
  Product: Unity Personal
  Type: Assigned
  Expiration: Unlimited
[Licensing::Client] Successfully updated license, isAsync: True, time: 0.01
[Licensing::Client] Successfully resolved entitlement details
[Licensing::Module] Licensing Background thread has ended after 0.96s
[Licensing::Module] Licensing is initialized (took 0.45s).
[Licensing::Client] Successfully resolved entitlement details
Library Redirect Path: Library/
[Physics::Module] Selected backend.
[Physics::Module] Name: PhysX
[Physics::Module] Id: 0xf2b8ea05
[Physics::Module] SDK Version: 4.1.2
[Physics::Module] Integration Version: 1.0.0
[Physics::Module] Threading Mode: Multi-Threaded
Artifact Garbage Collection - Removed 1 unused hashed content files
Initialize engine version: 6000.5.6f1 (0e0577a1a2ac)
[Subsystems] Discovering subsystems at path /Applications/Unity/Hub/Editor/6000.5.6f1/Unity.app/Contents/Resources/UnitySubsystems
[Subsystems] Discovering subsystems at path /Users/jangyoung/orca/unknown/unity/Unknown/Assets
Forcing GfxDevice: Null
GfxDevice: creating device client; kGfxThreadingModeNonThreaded
NullGfxDevice:
    Version:  NULL 1.0 [1.0]
    Renderer: Null Device
    Vendor:   Unity Technologies
Initialize mono
Mono path[0] = '/Applications/Unity/Hub/Editor/6000.5.6f1/Unity.app/Contents/Resources/Scripting/Managed'
Mono path[1] = '/Applications/Unity/Hub/Editor/6000.5.6f1/Unity.app/Contents/Resources/Scripting/BCLExtensions/runtime/netstandard2.1'
Mono path[2] = '/Applications/Unity/Hub/Editor/6000.5.6f1/Unity.app/Contents/Resources/Scripting/MonoBleedingEdge/lib/mono/unityjit-macos'
Mono config path = '/Applications/Unity/Hub/Editor/6000.5.6f1/Unity.app/Contents/Resources/Scripting/MonoBleedingEdge/etc'
Using monoOptions --debugger-agent=transport=dt_socket,embedding=1,server=y,suspend=n,address=127.0.0.1:56966
CodeReloadManager initialized
ImportWorker Server TCP listen port: 0
AcceleratorClientConnectionCallback - disconnected - :0
Begin MonoManager ReloadAssembly
Registering precompiled unity dll's ...
Register platform support module: /Applications/Unity/Hub/Editor/6000.5.6f1/PlaybackEngines/WebGLSupport/UnityEditor.WebGL.Extensions.dll
Register platform support module: /Applications/Unity/Hub/Editor/6000.5.6f1/PlaybackEngines/MacStandaloneSupport/UnityEditor.OSXStandalone.Extensions.dll
Registered in 0.001959 seconds.
Native extension for OSXStandalone target not found
Native extension for WebGL target not found
Package Manager log level set to [2]
ScheduleIndexationOnStartup MainProcess:False IndexOnStartup:True
Mono: successfully reloaded assembly
- Finished resetting the current domain, in  0.288 seconds
Domain Reload Profiling: 685ms
	BeginReloadAssembly (97ms)
		CreateAndSetChildDomain (8ms)
	RebuildCommonClasses (3ms)
	RebuildNativeTypeToScriptingClass (17ms)
	initialDomainReloadingComplete (52ms)
	LoadAllAssembliesAndSetupDomain (226ms)
		LoadAssemblies (90ms)
		AnalyzeDomain (171ms)
			TypeCache.Refresh (170ms)
				TypeCache.ScanAssembly (155ms)
	FinalizeReload (290ms)
		SetupLoadedEditorAssemblies (0ms)
			BeforeProcessingInitializeOnLoad (63ms)
			ProcessInitializeOnLoadAttributes (68ms)
			ProcessInitializeOnLoadMethodAttributes (99ms)
[Licensing::Client] Successfully resolved entitlement details
Application.AssetDatabase Initial Refresh Start
[Package Manager] Restoring resolved packages state from cache
[Licensing::Client] Successfully resolved entitlement details
[Package Manager] Registered 55 packages:
  Packages from [https://packages.unity.com]:
    com.unity.inputsystem@1.20.0 (location: /Users/jangyoung/orca/unknown/unity/Unknown/Library/PackageCache/com.unity.inputsystem@7a4e1a2a8194)
    com.unity.localization@1.5.13 (location: /Users/jangyoung/orca/unknown/unity/Unknown/Library/PackageCache/com.unity.localization@ef5a0677859d)
    com.unity.addressables@2.9.1 (location: /Users/jangyoung/orca/unknown/unity/Unknown/Library/PackageCache/com.unity.addressables@8460f1c9c927)
    com.unity.nuget.newtonsoft-json@3.2.2 (location: /Users/jangyoung/orca/unknown/unity/Unknown/Library/PackageCache/com.unity.nuget.newtonsoft-json@4dfd81071c64)
    com.unity.searcher@4.9.4 (location: /Users/jangyoung/orca/unknown/unity/Unknown/Library/PackageCache/com.unity.searcher@d45a78918735)
    com.unity.burst@1.8.29 (location: /Users/jangyoung/orca/unknown/unity/Unknown/Library/PackageCache/com.unity.burst@6bb9aca3ef38)
    com.unity.profiling.core@1.0.3 (location: /Users/jangyoung/orca/unknown/unity/Unknown/Library/PackageCache/com.unity.profiling.core@8a49f7027d06)
    com.unity.scriptablebuildpipeline@2.6.1 (location: /Users/jangyoung/orca/unknown/unity/Unknown/Library/PackageCache/com.unity.scriptablebuildpipeline@36e3b5898ee2)
    com.unity.nuget.mono-cecil@1.11.6 (location: /Users/jangyoung/orca/unknown/unity/Unknown/Library/PackageCache/com.unity.nuget.mono-cecil@ecb9724e46ff)
    com.unity.test-framework.performance@3.5.0 (location: /Users/jangyoung/orca/unknown/unity/Unknown/Library/PackageCache/com.unity.test-framework.performance@8b56083ec0f0)
  Built-in packages:
    com.unity.render-pipelines.universal@17.5.0 (location: /Users/jangyoung/orca/unknown/unity/Unknown/Library/PackageCache/com.unity.render-pipelines.universal@73b4c4ff130e)
    com.unity.test-framework@1.7.0 (location: /Users/jangyoung/orca/unknown/unity/Unknown/Library/PackageCache/com.unity.test-framework@1405238725ab)
    com.unity.ugui@2.5.0 (location: /Users/jangyoung/orca/unknown/unity/Unknown/Library/PackageCache/com.unity.ugui@67707a67a4ab)
    com.unity.modules.accessibility@1.0.0 (location: /Users/jangyoung/orca/unknown/unity/Unknown/Library/PackageCache/com.unity.modules.accessibility)
    com.unity.modules.adaptiveperformance@1.0.0 (location: /Users/jangyoung/orca/unknown/unity/Unknown/Library/PackageCache/com.unity.modules.adaptiveperformance)
    com.unity.modules.ai@1.0.0 (location: /Users/jangyoung/orca/unknown/unity/Unknown/Library/PackageCache/com.unity.modules.ai)
    com.unity.modules.androidjni@1.0.0 (location: /Users/jangyoung/orca/unknown/unity/Unknown/Library/PackageCache/com.unity.modules.androidjni)
    com.unity.modules.animation@1.0.0 (location: /Users/jangyoung/orca/unknown/unity/Unknown/Library/PackageCache/com.unity.modules.animation)
    com.unity.modules.assetbundle@1.0.0 (location: /Users/jangyoung/orca/unknown/unity/Unknown/Library/PackageCache/com.unity.modules.assetbundle)
    com.unity.modules.audio@1.0.0 (location: /Users/jangyoung/orca/unknown/unity/Unknown/Library/PackageCache/com.unity.modules.audio)
    com.unity.modules.cloth@1.0.0 (location: /Users/jangyoung/orca/unknown/unity/Unknown/Library/PackageCache/com.unity.modules.cloth)
    com.unity.modules.director@1.0.0 (location: /Users/jangyoung/orca/unknown/unity/Unknown/Library/PackageCache/com.unity.modules.director)
    com.unity.modules.imageconversion@1.0.0 (location: /Users/jangyoung/orca/unknown/unity/Unknown/Library/PackageCache/com.unity.modules.imageconversion)
    com.unity.modules.imgui@1.0.0 (location: /Users/jangyoung/orca/unknown/unity/Unknown/Library/PackageCache/com.unity.modules.imgui)
    com.unity.modules.jsonserialize@1.0.0 (location: /Users/jangyoung/orca/unknown/unity/Unknown/Library/PackageCache/com.unity.modules.jsonserialize)
    com.unity.modules.particlesystem@1.0.0 (location: /Users/jangyoung/orca/unknown/unity/Unknown/Library/PackageCache/com.unity.modules.particlesystem)
    com.unity.modules.physics@1.0.0 (location: /Users/jangyoung/orca/unknown/unity/Unknown/Library/PackageCache/com.unity.modules.physics)
    com.unity.modules.physics2d@1.0.0 (location: /Users/jangyoung/orca/unknown/unity/Unknown/Library/PackageCache/com.unity.modules.physics2d)
    com.unity.modules.physicscore2d@1.0.0 (location: /Users/jangyoung/orca/unknown/unity/Unknown/Library/PackageCache/com.unity.modules.physicscore2d)
    com.unity.modules.screencapture@1.0.0 (location: /Users/jangyoung/orca/unknown/unity/Unknown/Library/PackageCache/com.unity.modules.screencapture)
    com.unity.modules.terrain@1.0.0 (location: /Users/jangyoung/orca/unknown/unity/Unknown/Library/PackageCache/com.unity.modules.terrain)
    com.unity.modules.terrainphysics@1.0.0 (location: /Users/jangyoung/orca/unknown/unity/Unknown/Library/PackageCache/com.unity.modules.terrainphysics)
    com.unity.modules.tilemap@1.0.0 (location: /Users/jangyoung/orca/unknown/unity/Unknown/Library/PackageCache/com.unity.modules.tilemap)
    com.unity.modules.ui@1.0.0 (location: /Users/jangyoung/orca/unknown/unity/Unknown/Library/PackageCache/com.unity.modules.ui)
    com.unity.modules.uielements@1.0.0 (location: /Users/jangyoung/orca/unknown/unity/Unknown/Library/PackageCache/com.unity.modules.uielements)
    com.unity.modules.umbra@1.0.0 (location: /Users/jangyoung/orca/unknown/unity/Unknown/Library/PackageCache/com.unity.modules.umbra)
    com.unity.modules.unityanalytics@1.0.0 (location: /Users/jangyoung/orca/unknown/unity/Unknown/Library/PackageCache/com.unity.modules.unityanalytics)
    com.unity.modules.unitywebrequest@1.0.0 (location: /Users/jangyoung/orca/unknown/unity/Unknown/Library/PackageCache/com.unity.modules.unitywebrequest)
    com.unity.modules.unitywebrequestassetbundle@1.0.0 (location: /Users/jangyoung/orca/unknown/unity/Unknown/Library/PackageCache/com.unity.modules.unitywebrequestassetbundle)
    com.unity.modules.unitywebrequestaudio@1.0.0 (location: /Users/jangyoung/orca/unknown/unity/Unknown/Library/PackageCache/com.unity.modules.unitywebrequestaudio)
    com.unity.modules.unitywebrequesttexture@1.0.0 (location: /Users/jangyoung/orca/unknown/unity/Unknown/Library/PackageCache/com.unity.modules.unitywebrequesttexture)
    com.unity.modules.unitywebrequestwww@1.0.0 (location: /Users/jangyoung/orca/unknown/unity/Unknown/Library/PackageCache/com.unity.modules.unitywebrequestwww)
    com.unity.modules.vectorgraphics@1.0.0 (location: /Users/jangyoung/orca/unknown/unity/Unknown/Library/PackageCache/com.unity.modules.vectorgraphics)
    com.unity.modules.vehicles@1.0.0 (location: /Users/jangyoung/orca/unknown/unity/Unknown/Library/PackageCache/com.unity.modules.vehicles)
    com.unity.modules.video@1.0.0 (location: /Users/jangyoung/orca/unknown/unity/Unknown/Library/PackageCache/com.unity.modules.video)
    com.unity.modules.wind@1.0.0 (location: /Users/jangyoung/orca/unknown/unity/Unknown/Library/PackageCache/com.unity.modules.wind)
    com.unity.modules.xr@1.0.0 (location: /Users/jangyoung/orca/unknown/unity/Unknown/Library/PackageCache/com.unity.modules.xr)
    com.unity.modules.subsystems@1.0.0 (location: /Users/jangyoung/orca/unknown/unity/Unknown/Library/PackageCache/com.unity.modules.subsystems)
    com.unity.modules.hierarchycore@1.0.0 (location: /Users/jangyoung/orca/unknown/unity/Unknown/Library/PackageCache/com.unity.modules.hierarchycore)
    com.unity.ext.nunit@2.1.0 (location: /Users/jangyoung/orca/unknown/unity/Unknown/Library/PackageCache/com.unity.ext.nunit@44f7d31723bd)
    com.unity.render-pipelines.core@17.5.0 (location: /Users/jangyoung/orca/unknown/unity/Unknown/Library/PackageCache/com.unity.render-pipelines.core@645717f21c5f)
    com.unity.shadergraph@17.5.0 (location: /Users/jangyoung/orca/unknown/unity/Unknown/Library/PackageCache/com.unity.shadergraph@8d7376ec43ee)
    com.unity.render-pipelines.universal-config@17.5.0 (location: /Users/jangyoung/orca/unknown/unity/Unknown/Library/PackageCache/com.unity.render-pipelines.universal-config@fdda01c80fe3)
    com.unity.collections@6.5.0 (location: /Users/jangyoung/orca/unknown/unity/Unknown/Library/PackageCache/com.unity.collections@a43cabe808ca)
    com.unity.mathematics@1.4.0 (location: /Users/jangyoung/orca/unknown/unity/Unknown/Library/PackageCache/com.unity.mathematics@981956d94fb6)
[Subsystems] No new subsystems found in resolved package list.
[Package Manager] Done registering packages in 0.01 seconds
[ScriptCompilation] Requested script compilation because: AssetDatabase observed changes in script compilation related files
info: Microsoft.Hosting.Lifetime[14]
      Now listening on: http://unix:/tmp/ilpp.sock-91ce4cc105a82451580320b8034fc51a
info: Microsoft.Hosting.Lifetime[0]
      Application started. Press Ctrl+C to shut down.
info: Microsoft.Hosting.Lifetime[0]
      Hosting environment: Production
info: Microsoft.Hosting.Lifetime[0]
      Content root path: /Users/jangyoung/orca/unknown/unity/Unknown
info: Microsoft.AspNetCore.Hosting.Diagnostics[1]
      Request starting HTTP/2 POST http://ilpp/UnityILPP.PostProcessing/Ping - application/grpc -
info: Microsoft.AspNetCore.Routing.EndpointMiddleware[0]
      Executing endpoint 'gRPC - /UnityILPP.PostProcessing/Ping'
info: Microsoft.AspNetCore.Routing.EndpointMiddleware[1]
      Executed endpoint 'gRPC - /UnityILPP.PostProcessing/Ping'
info: Microsoft.AspNetCore.Hosting.Diagnostics[2]
      Request finished HTTP/2 POST http://ilpp/UnityILPP.PostProcessing/Ping - 200 - application/grpc 27.0027ms
Starting: /Applications/Unity/Hub/Editor/6000.5.6f1/Unity.app/Contents/Resources/BuildPipeline/bee_backend --ipc --defer-dag-verification --dagfile="Library/Bee/200b0aEDbg.dag" --continue-on-failure --profile="Library/Bee/backend1.traceevents" ScriptAssemblies
WorkingDir: /Users/jangyoung/orca/unknown/unity/Unknown
DisplayProgressbar: Compiling Scripts
info: Microsoft.AspNetCore.Hosting.Diagnostics[1]
      Request starting HTTP/2 POST http://ilpp/UnityILPP.PostProcessing/ConfigurePostProcessors - application/grpc -
info: Microsoft.AspNetCore.Routing.EndpointMiddleware[0]
      Executing endpoint 'gRPC - /UnityILPP.PostProcessing/ConfigurePostProcessors'
warn: Unity.ILPP.Runner.PostProcessingAssemblyLoadContext[0]
      Assembly system.runtime.interopservices.windowsruntime has duplicate hint path. Ignoring "/Applications/Unity/Hub/Editor/6000.5.6f1/Unity.app/Contents/Resources/Scripting/UnityReferenceAssemblies/unity-4.8-api/Facades/System.Runtime.InteropServices.WindowsRuntime.dll" in favor of "/Applications/Unity/Hub/Editor/6000.5.6f1/Unity.app/Contents/Resources/Scripting/NetStandard/Extensions/2.0.0/System.Runtime.InteropServices.WindowsRuntime.dll"
warn: Unity.ILPP.Runner.PostProcessingAssemblyLoadContext[0]
      Assembly system.componentmodel.composition has duplicate hint path. Ignoring "/Applications/Unity/Hub/Editor/6000.5.6f1/Unity.app/Contents/Resources/Scripting/UnityReferenceAssemblies/unity-4.8-api/System.ComponentModel.Composition.dll" in favor of "/Applications/Unity/Hub/Editor/6000.5.6f1/Unity.app/Contents/Resources/Scripting/NetStandard/compat/2.1.0/shims/netfx/System.ComponentModel.Composition.dll"
info: Unity.ILPP.Runner.PostProcessingAssemblyLoadContext[0]
      Resolved Unity.Burst.Cecil, Version=0.11.6.0, Culture=neutral, PublicKeyToken=50cebf1cceb9d05e with Library/PackageCache/com.unity.burst@6bb9aca3ef38/Unity.Burst.CodeGen/Unity.Burst.Cecil.dll
info: Unity.ILPP.Runner.PostProcessingAssemblyLoadContext[0]
      Resolved Mono.Cecil, Version=0.11.5.0, Culture=neutral, PublicKeyToken=50cebf1cceb9d05e with Library/PackageCache/com.unity.nuget.mono-cecil@ecb9724e46ff/Mono.Cecil.dll
info: Microsoft.AspNetCore.Routing.EndpointMiddleware[1]
      Executed endpoint 'gRPC - /UnityILPP.PostProcessing/ConfigurePostProcessors'
info: Microsoft.AspNetCore.Hosting.Diagnostics[2]
      Request finished HTTP/2 POST http://ilpp/UnityILPP.PostProcessing/ConfigurePostProcessors - 200 - application/grpc 19.0187ms
info: Microsoft.AspNetCore.Hosting.Diagnostics[1]
      Request starting HTTP/2 POST http://ilpp/UnityILPP.PostProcessing/PostProcessAssembly - application/grpc -
info: Microsoft.AspNetCore.Routing.EndpointMiddleware[0]
      Executing endpoint 'gRPC - /UnityILPP.PostProcessing/PostProcessAssembly'
info: Unity.ILPP.Runner.PostProcessingPipeline[0]
      Processing assembly Library/Bee/artifacts/200b0aEDbg.dag/Tide.EditorTools.dll, with 135 defines and 306 references
info: Unity.ILPP.Runner.PostProcessingPipeline[0]
      processors: Unity.Jobs.CodeGen.JobsILPostProcessor, zzzUnity.Burst.CodeGen.BurstILPostProcessor
info: Unity.ILPP.Runner.PostProcessingPipeline[0]
      running Unity.Jobs.CodeGen.JobsILPostProcessor
info: Unity.ILPP.Runner.PostProcessingPipeline[0]
      running zzzUnity.Burst.CodeGen.BurstILPostProcessor
info: Microsoft.AspNetCore.Routing.EndpointMiddleware[1]
      Executed endpoint 'gRPC - /UnityILPP.PostProcessing/PostProcessAssembly'
info: Microsoft.AspNetCore.Hosting.Diagnostics[2]
      Request finished HTTP/2 POST http://ilpp/UnityILPP.PostProcessing/PostProcessAssembly - 200 - application/grpc 9.4330ms
info: Microsoft.AspNetCore.Hosting.Diagnostics[1]
      Request starting HTTP/2 POST http://ilpp/UnityILPP.PostProcessing/PostProcessAssembly - application/grpc -
info: Microsoft.AspNetCore.Routing.EndpointMiddleware[0]
      Executing endpoint 'gRPC - /UnityILPP.PostProcessing/PostProcessAssembly'
info: Unity.ILPP.Runner.PostProcessingPipeline[0]
      Processing assembly Library/Bee/artifacts/200b0aEDbg.dag/Tide.Tests.Sim.dll, with 136 defines and 301 references
info: Unity.ILPP.Runner.PostProcessingPipeline[0]
      processors: Unity.Jobs.CodeGen.JobsILPostProcessor, zzzUnity.Burst.CodeGen.BurstILPostProcessor
info: Unity.ILPP.Runner.PostProcessingPipeline[0]
      running Unity.Jobs.CodeGen.JobsILPostProcessor
info: Unity.ILPP.Runner.PostProcessingPipeline[0]
      running zzzUnity.Burst.CodeGen.BurstILPostProcessor
info: Microsoft.AspNetCore.Routing.EndpointMiddleware[1]
      Executed endpoint 'gRPC - /UnityILPP.PostProcessing/PostProcessAssembly'
info: Microsoft.AspNetCore.Hosting.Diagnostics[2]
      Request finished HTTP/2 POST http://ilpp/UnityILPP.PostProcessing/PostProcessAssembly - 200 - application/grpc 2.6539ms
ExitCode: 0 Duration: 2s593ms
[622/820    0s] ILPP-Configuration Library/ilpp-configuration.nevergeneratedoutput
[812/820    2s] Csc Library/Bee/artifacts/200b0aEDbg.dag/Tide.EditorTools.dll (+2 others)
[813/820    0s] ILPostProcess Library/Bee/artifacts/200b0aEDbg.dag/post-processed/Tide.EditorTools.dll (+pdb)
Processing assembly Library/Bee/artifacts/200b0aEDbg.dag/Tide.EditorTools.dll, with 135 defines and 306 references
processors: Unity.Jobs.CodeGen.JobsILPostProcessor, zzzUnity.Burst.CodeGen.BurstILPostProcessor
running Unity.Jobs.CodeGen.JobsILPostProcessor
running zzzUnity.Burst.CodeGen.BurstILPostProcessor
[814/820    0s] CopyFiles Library/ScriptAssemblies/Tide.EditorTools.pdb
[815/820    0s] CopyFiles Library/ScriptAssemblies/Tide.EditorTools.dll
[816/820    0s] Csc Library/Bee/artifacts/200b0aEDbg.dag/Tide.Tests.Sim.dll (+2 others)
Assets/_Project/Tests/EditMode/T0M2Tests.cs(36,79): warning CS1998: This async method lacks 'await' operators and will run synchronously. Consider using the 'await' operator to await non-blocking API calls, or 'await Task.Run(...)' to do CPU-bound work on a background thread.
[817/820    0s] ILPostProcess Library/Bee/artifacts/200b0aEDbg.dag/post-processed/Tide.Tests.Sim.dll (+pdb)
Processing assembly Library/Bee/artifacts/200b0aEDbg.dag/Tide.Tests.Sim.dll, with 136 defines and 301 references
processors: Unity.Jobs.CodeGen.JobsILPostProcessor, zzzUnity.Burst.CodeGen.BurstILPostProcessor
running Unity.Jobs.CodeGen.JobsILPostProcessor
running zzzUnity.Burst.CodeGen.BurstILPostProcessor
[818/820    0s] CopyFiles Library/ScriptAssemblies/Tide.Tests.Sim.pdb
[819/820    0s] CopyFiles Library/ScriptAssemblies/Tide.Tests.Sim.dll
*** Tundra build success (2.57 seconds), 9 items updated, 820 evaluated
Assets/_Project/Tests/EditMode/T0M2Tests.cs(36,79): warning CS1998: This async method lacks 'await' operators and will run synchronously. Consider using the 'await' operator to await non-blocking API calls, or 'await Task.Run(...)' to do CPU-bound work on a background thread.
AssetDatabase: script compilation time: 3.253283s
Total cache size 72886336
Begin MonoManager ReloadAssembly
Total cache size after purge 72886336, took 00:00:00.1356822
Symbol file LoadedFromMemory is not a mono symbol file
Native extension for OSXStandalone target not found
Native extension for WebGL target not found
[com.unity.burst] Burst is disabled entirely from the command line or environment variable
UnityEngine.Debug:ExtractStackTraceNoAlloc (byte*,int,string)
UnityEngine.StackTraceUtility:ExtractStackTrace () (at /Users/bokken/build/output/unity/unity/Runtime/Export/Scripting/StackTrace.cs:35)
UnityEngine.DebugLogHandler:Internal_Log (UnityEngine.LogType,UnityEngine.LogOption,string,UnityEngine.Object)
UnityEngine.DebugLogHandler:LogFormat (UnityEngine.LogType,UnityEngine.Object,string,object[])
UnityEngine.Logger:Log (UnityEngine.LogType,object)
UnityEngine.Debug:LogWarning (object)
Unity.Burst.Editor.BurstLoader:.cctor () (at ./Library/PackageCache/com.unity.burst@6bb9aca3ef38/Runtime/Editor/BurstLoader.cs:108)
System.Runtime.CompilerServices.RuntimeHelpers:RunClassConstructor (System.RuntimeTypeHandle)
UnityEditor.EditorAssemblies:ProcessInitializeOnLoadAttributes (System.ReadOnlySpan`1<intptr>) (at /Users/bokken/build/output/unity/unity/Editor/Mono/EditorAssemblies.cs:155)

(Filename: ./Library/PackageCache/com.unity.burst@6bb9aca3ef38/Runtime/Editor/BurstLoader.cs Line: 108)

ScheduleIndexationOnStartup MainProcess:True IndexOnStartup:True
Mono: successfully reloaded assembly
- Finished resetting the current domain, in  0.572 seconds
Domain Reload Profiling: 1113ms
	BeginReloadAssembly (141ms)
		DisableScriptedObjects (15ms)
		CreateAndSetChildDomain (39ms)
	RebuildCommonClasses (6ms)
	RebuildNativeTypeToScriptingClass (13ms)
	initialDomainReloadingComplete (29ms)
	LoadAllAssembliesAndSetupDomain (351ms)
		LoadAssemblies (196ms)
		AnalyzeDomain (125ms)
			TypeCache.Refresh (92ms)
				TypeCache.ScanAssembly (82ms)
			BuildScriptInfoCaches (29ms)
			ResolveRequiredComponents (3ms)
	FinalizeReload (573ms)
		SetupLoadedEditorAssemblies (0ms)
			BeforeProcessingInitializeOnLoad (60ms)
			ProcessInitializeOnLoadAttributes (119ms)
			ProcessInitializeOnLoadMethodAttributes (239ms)
		AwakeInstancesAfterBackupRestoration (9ms)
Importing 'GUID: 1142bbad8b9e8c44c83a9775ff120d37 - Path: Packages/com.unity.render-pipelines.core/Tests/Editor/UnifiedRayTracing/TraceRays.urtshader' with importer (ScriptedImporter : Unity.Rendering.LightTransport.Editor:UnityEditor.Rendering.UnifiedRayTracing:UnifiedRTShaderImporter)
Launching external process: /Applications/Unity/Hub/Editor/6000.5.6f1/Unity.app/Contents/Helpers/UnityShaderCompiler
Launched and connected shader compiler UnityShaderCompiler after 0.12 seconds
Imported 'GUID: 1142bbad8b9e8c44c83a9775ff120d37' -> (Import Result ID: 'c92fe5a1652e3e0800d52d5bcbe8f0ec') in 0.165 seconds [static and dynamic dependencies]. Details - ImportResultOutputID=1843c80f41882923e567893980a0cac3 DependenciesID=0a4c5c096420f48956699aaec1818ac6 StaticDependenciesID=b590610e5fcd8a708a4f2de850e8beb3 
Importing 'GUID: d19f4f8a13b6edb48b986a47ec96402e - Path: Packages/com.unity.render-pipelines.core/Runtime/PathTracing/Shaders/LightmapShadowMaskIntegration.urtshader' with importer (ScriptedImporter : Unity.Rendering.LightTransport.Editor:UnityEditor.Rendering.UnifiedRayTracing:UnifiedRTShaderImporter)
Imported 'GUID: d19f4f8a13b6edb48b986a47ec96402e' -> (Import Result ID: '6e5eaf1e7dfe9ffbb6e72a11a4e46a22') in 0.023 seconds [static and dynamic dependencies]. Details - ImportResultOutputID=55c8ac20494b9bd5cd102ffa7a13585e DependenciesID=6b18fb8d609e29ec3dae13654e0a9b68 StaticDependenciesID=49e323bdcc1546638b13bdfb4cfc68f8 
Importing 'GUID: 737a1597422c12547a8714d76a9406ec - Path: Packages/com.unity.render-pipelines.core/Runtime/PathTracing/Shaders/LightmapGBufferDebug.urtshader' with importer (ScriptedImporter : Unity.Rendering.LightTransport.Editor:UnityEditor.Rendering.UnifiedRayTracing:UnifiedRTShaderImporter)
Imported 'GUID: 737a1597422c12547a8714d76a9406ec' -> (Import Result ID: '9a55a9c65256150a3c58cccdd9c1d99f') in 0.004 seconds [static and dynamic dependencies]. Details - ImportResultOutputID=9b6faa4e9701ac427cd53d8e98521a98 DependenciesID=da82f7b825c065a327e4d7b4330f34ae StaticDependenciesID=3f20227e84078b6c645405c46cb8ba27 
Importing 'GUID: f32463968f29423cad25aee15a14b9f1 - Path: Packages/com.unity.render-pipelines.core/Runtime/Lighting/SurfaceCache/PunctualLightSampling.urtshader' with importer (ScriptedImporter : Unity.Rendering.LightTransport.Editor:UnityEditor.Rendering.UnifiedRayTracing:UnifiedRTShaderImporter)
Imported 'GUID: f32463968f29423cad25aee15a14b9f1' -> (Import Result ID: '6dd2f48f68374c67ddb055cad70c9e19') in 0.006 seconds [static and dynamic dependencies]. Details - ImportResultOutputID=5e0daa934260be537600a72187d65350 DependenciesID=9c78acd3f42e1d01764d38e101d0f53c StaticDependenciesID=4f869afac6e91401aa4f6406345ebaa4 
Importing 'GUID: 1451d029813b192429211be28181beab - Path: Packages/com.unity.render-pipelines.core/Runtime/PathTracing/Shaders/LightmapNormalIntegration.urtshader' with importer (ScriptedImporter : Unity.Rendering.LightTransport.Editor:UnityEditor.Rendering.UnifiedRayTracing:UnifiedRTShaderImporter)
Imported 'GUID: 1451d029813b192429211be28181beab' -> (Import Result ID: '92efbf7c91ae7fadee6819471599f2f0') in 0.004 seconds [static and dynamic dependencies]. Details - ImportResultOutputID=7f66cd20c2942b1bf18962229a340789 DependenciesID=75b762f73d5483ba5a1771f8987fa869 StaticDependenciesID=626f7de18fff1a2955b8662085b4dbf4 
Importing 'GUID: 94a070d33e408384bafc1dea4a565df9 - Path: Packages/com.unity.render-pipelines.core/Editor/Lighting/ProbeVolume/RenderingLayerMask/TraceRenderingLayerMask.urtshader' with importer (ScriptedImporter : Unity.Rendering.LightTransport.Editor:UnityEditor.Rendering.UnifiedRayTracing:UnifiedRTShaderImporter)
Imported 'GUID: 94a070d33e408384bafc1dea4a565df9' -> (Import Result ID: '082e36de719a16ee241ca9802b261f58') in 0.004 seconds [static and dynamic dependencies]. Details - ImportResultOutputID=911a8488cfecbfe25f4888b4a1750e4e DependenciesID=227e584ba24ea3c1c823b3cc6a9fb699 StaticDependenciesID=1fb66491edd8b32229e5d2cbc061e2c6 
Importing 'GUID: 94a39d12848d8d64ca962a72b74e7c50 - Path: Packages/com.unity.render-pipelines.core/Runtime/Lighting/SurfaceCache/Estimation.urtshader' with importer (ScriptedImporter : Unity.Rendering.LightTransport.Editor:UnityEditor.Rendering.UnifiedRayTracing:UnifiedRTShaderImporter)
Imported 'GUID: 94a39d12848d8d64ca962a72b74e7c50' -> (Import Result ID: '7df8328618d9ffee86c2c1503135553b') in 0.004 seconds [static and dynamic dependencies]. Details - ImportResultOutputID=a53b1a5bac1f81d68c1fa694a7fb63bf DependenciesID=185cb940a156ec4baa6c0aaea54506a1 StaticDependenciesID=8d6e14e20b029a55e979a2936b1a7ca7 
Importing 'GUID: 6513c3b892e933c4f8d00c19d5c47532 - Path: Packages/com.unity.render-pipelines.core/Tests/Editor/UnifiedRayTracing/TraceTransparentRays.urtshader' with importer (ScriptedImporter : Unity.Rendering.LightTransport.Editor:UnityEditor.Rendering.UnifiedRayTracing:UnifiedRTShaderImporter)
Imported 'GUID: 6513c3b892e933c4f8d00c19d5c47532' -> (Import Result ID: 'c9471ccc1fcc2487f2b695b6f786c64c') in 0.002 seconds [static and dynamic dependencies]. Details - ImportResultOutputID=131742661462c76b32d88150fb0b4490 DependenciesID=c4127914706226e8b93d0013fa54788c StaticDependenciesID=1d53447eb896b42061753339acb6425c 
Importing 'GUID: 7624adbeb148b5c48ab5ab660cc2602a - Path: Packages/com.unity.render-pipelines.core/Runtime/PathTracing/Shaders/LightmapIndirectIntegration.urtshader' with importer (ScriptedImporter : Unity.Rendering.LightTransport.Editor:UnityEditor.Rendering.UnifiedRayTracing:UnifiedRTShaderImporter)
Imported 'GUID: 7624adbeb148b5c48ab5ab660cc2602a' -> (Import Result ID: '524d5695d0f9dd26ade44102cbb73b1b') in 0.004 seconds [static and dynamic dependencies]. Details - ImportResultOutputID=8e18aa59920a4604c74bd8538acda283 DependenciesID=d98ddf7a2ad1d7d1f8c5d4ee78baab6a StaticDependenciesID=dfa7396d5ca1cf2ef064ee30a15c28cb 
Importing 'GUID: e9f4de6d1e07fb94f9a60d35b618f724 - Path: Packages/com.unity.render-pipelines.core/Runtime/PathTracing/Shaders/LightmapGBufferIntegration.urtshader' with importer (ScriptedImporter : Unity.Rendering.LightTransport.Editor:UnityEditor.Rendering.UnifiedRayTracing:UnifiedRTShaderImporter)
Imported 'GUID: e9f4de6d1e07fb94f9a60d35b618f724' -> (Import Result ID: '21802a9c5225233452778f00ebebdcb6') in 0.003 seconds [static and dynamic dependencies]. Details - ImportResultOutputID=27beca679eae15a1a5297a4721428460 DependenciesID=fab4f6fd29273a78649e39acda09f3f2 StaticDependenciesID=c1c19c6613f9208e5bdf4763e0c6f025 
Importing 'GUID: 5a2a534753fbdb44e96c3c78b5a6999d - Path: Packages/com.unity.render-pipelines.core/Editor/Lighting/ProbeVolume/DynamicGI/DynamicGISkyOcclusion.urtshader' with importer (ScriptedImporter : Unity.Rendering.LightTransport.Editor:UnityEditor.Rendering.UnifiedRayTracing:UnifiedRTShaderImporter)
Imported 'GUID: 5a2a534753fbdb44e96c3c78b5a6999d' -> (Import Result ID: '1322442a13b5dd4d1e00684a819933de') in 0.002 seconds [static and dynamic dependencies]. Details - ImportResultOutputID=8fe46dd41617c55fc0507585967e0892 DependenciesID=ed384318d033dcc2b040bb6fd0e7ca8b StaticDependenciesID=9a3cb12acb0dec6d8b8b546f6957ac54 
Importing 'GUID: 5bbebdef5916845478fcef13fa10d89f - Path: Packages/com.unity.render-pipelines.core/Runtime/PathTracing/Shaders/LightmapDirectIntegration.urtshader' with importer (ScriptedImporter : Unity.Rendering.LightTransport.Editor:UnityEditor.Rendering.UnifiedRayTracing:UnifiedRTShaderImporter)
Imported 'GUID: 5bbebdef5916845478fcef13fa10d89f' -> (Import Result ID: '1a867426d6a068a69080665beb3f41f7') in 0.004 seconds [static and dynamic dependencies]. Details - ImportResultOutputID=b34d51534199b01d37225f60e789ee45 DependenciesID=eeddfdcc622ee052b63911f4c0783fdf StaticDependenciesID=ab8dfb6112dd9c39408de08a801f1c40 
Importing 'GUID: fbc59f55df2416344b008dc23753cae2 - Path: Packages/com.unity.render-pipelines.core/Tests/Editor/UnifiedRayTracing/TraceRaysAndFetchAttributes.urtshader' with importer (ScriptedImporter : Unity.Rendering.LightTransport.Editor:UnityEditor.Rendering.UnifiedRayTracing:UnifiedRTShaderImporter)
Imported 'GUID: fbc59f55df2416344b008dc23753cae2' -> (Import Result ID: '7f0bfebc73be7e9e3b88f53b73f8ed97') in 0.002 seconds [static and dynamic dependencies]. Details - ImportResultOutputID=3a775dd702e497e609034521e171388b DependenciesID=993c7b607bfd259f92654c2e760f5c07 StaticDependenciesID=bb4038394feca1bf80603c9ecafaf941 
Importing 'GUID: 1c410815c01ce1d4d82c645c0cd45747 - Path: Packages/com.unity.render-pipelines.core/Runtime/PathTracing/Shaders/LightmapAOIntegration.urtshader' with importer (ScriptedImporter : Unity.Rendering.LightTransport.Editor:UnityEditor.Rendering.UnifiedRayTracing:UnifiedRTShaderImporter)
Imported 'GUID: 1c410815c01ce1d4d82c645c0cd45747' -> (Import Result ID: '29af3bccb09a2c06f37b3fa0ac5800c1') in 0.004 seconds [static and dynamic dependencies]. Details - ImportResultOutputID=d6624fb8787fd73a33e0fa159cdebbf8 DependenciesID=79fab4eecdba2fc7ce1e2038b824a920 StaticDependenciesID=2a6f0b41367922b80676f60713a1f940 
Importing 'GUID: 2c32233d92a2d0745930664c087c5c9a - Path: Packages/com.unity.render-pipelines.core/Runtime/PathTracing/Shaders/ProbeIntegrationValidity.urtshader' with importer (ScriptedImporter : Unity.Rendering.LightTransport.Editor:UnityEditor.Rendering.UnifiedRayTracing:UnifiedRTShaderImporter)
Imported 'GUID: 2c32233d92a2d0745930664c087c5c9a' -> (Import Result ID: '475c9ff72f0c89ebcc8246683d9ad7a4') in 0.003 seconds [static and dynamic dependencies]. Details - ImportResultOutputID=77992099b844fc881a9f596e582785a8 DependenciesID=3a108c29b11017258adc24792226999d StaticDependenciesID=716f4e45d1a45953f3ce73d3fbf3ee8f 
Importing 'GUID: ace95ac84e213794891b4bd7c9b3c158 - Path: Packages/com.unity.render-pipelines.core/Runtime/PathTracing/Shaders/LightmapValidityIntegration.urtshader' with importer (ScriptedImporter : Unity.Rendering.LightTransport.Editor:UnityEditor.Rendering.UnifiedRayTracing:UnifiedRTShaderImporter)
Imported 'GUID: ace95ac84e213794891b4bd7c9b3c158' -> (Import Result ID: '156d156d45147faeb34f74283028fa34') in 0.004 seconds [static and dynamic dependencies]. Details - ImportResultOutputID=57da5328f85177a3cd5ebe72a1c8cc64 DependenciesID=5f2d64df1cd93152e87f644c1da1ba93 StaticDependenciesID=aa8b51d51372d9acaf9acfb058c3fae3 
Importing 'GUID: 5ecdabd800f05984696f22ba95284516 - Path: Packages/com.unity.render-pipelines.core/Runtime/PathTracing/Shaders/ProbeIntegrationIndirect.urtshader' with importer (ScriptedImporter : Unity.Rendering.LightTransport.Editor:UnityEditor.Rendering.UnifiedRayTracing:UnifiedRTShaderImporter)
Imported 'GUID: 5ecdabd800f05984696f22ba95284516' -> (Import Result ID: '9d4d01af1d24b1f481f07a205d974f0a') in 0.004 seconds [static and dynamic dependencies]. Details - ImportResultOutputID=a2d7d2ae8efce0a41be85a70de69a738 DependenciesID=2d658010b8ce3343b9bc3d636b507118 StaticDependenciesID=2385462edeeea1f1fc9193c7edbfff8e 
Importing 'GUID: 6e0b547bab30a804c8123974120d583f - Path: Packages/com.unity.render-pipelines.core/Tests/Runtime/PathTracing/PathIteratorTest.urtshader' with importer (ScriptedImporter : Unity.Rendering.LightTransport.Editor:UnityEditor.Rendering.UnifiedRayTracing:UnifiedRTShaderImporter)
Imported 'GUID: 6e0b547bab30a804c8123974120d583f' -> (Import Result ID: '917fdef2e8c16886d2fb302f154a9acd') in 0.005 seconds [static and dynamic dependencies]. Details - ImportResultOutputID=939e207edd39e7fca2f747667e84cf2b DependenciesID=f71824d867abfc79b766f81ea37f86fd StaticDependenciesID=d71187151fc008df7658be7f7d10f903 
Importing 'GUID: de3013e16d99f2746ab1735ec06a660b - Path: Packages/com.unity.render-pipelines.core/Runtime/PathTracing/Shaders/ProbeIntegrationOcclusion.urtshader' with importer (ScriptedImporter : Unity.Rendering.LightTransport.Editor:UnityEditor.Rendering.UnifiedRayTracing:UnifiedRTShaderImporter)
Imported 'GUID: de3013e16d99f2746ab1735ec06a660b' -> (Import Result ID: '8772089b57308bfd8c458349e706e982') in 0.004 seconds [static and dynamic dependencies]. Details - ImportResultOutputID=cb7f797e372ff98b99183f45fa8d086d DependenciesID=e162566b98483b4c86fc7802e7d05512 StaticDependenciesID=208d47b8903d77848e11a18b72e01619 
Importing 'GUID: 1f9bfe60b4ad75943a5281839c1a4e5c - Path: Packages/com.unity.render-pipelines.core/Runtime/PathTracing/Shaders/ProbeIntegrationDirect.urtshader' with importer (ScriptedImporter : Unity.Rendering.LightTransport.Editor:UnityEditor.Rendering.UnifiedRayTracing:UnifiedRTShaderImporter)
Imported 'GUID: 1f9bfe60b4ad75943a5281839c1a4e5c' -> (Import Result ID: 'dc2e6356cc9c372ce858014efa0fecb0') in 0.003 seconds [static and dynamic dependencies]. Details - ImportResultOutputID=7ec1b92b4da67a700c40b8fd41a2ca45 DependenciesID=c97eac32b68dac1d97fe703b08a39707 StaticDependenciesID=11eb62a12594dcb52ff4b378a213954b 
Importing 'GUID: ff2cbab5da58bf04d82c5f34037ed123 - Path: Packages/com.unity.render-pipelines.core/Editor/Lighting/ProbeVolume/VirtualOffset/TraceVirtualOffset.urtshader' with importer (ScriptedImporter : Unity.Rendering.LightTransport.Editor:UnityEditor.Rendering.UnifiedRayTracing:UnifiedRTShaderImporter)
Imported 'GUID: ff2cbab5da58bf04d82c5f34037ed123' -> (Import Result ID: '0cdd5a98a97793213542466766c551e6') in 0.003 seconds [static and dynamic dependencies]. Details - ImportResultOutputID=0706f78240e5b4d1bdf44d92136d0067 DependenciesID=d44adab1cd7df5596867962b8dc9d584 StaticDependenciesID=01d1bb4a8db62c88e4fe35fdba25fa75 
Starting new worker id: 0 with log in /Users/jangyoung/orca/unknown/unity/Unknown/Logs/AssetImportWorkerHW0.log

Asset Pipeline Refresh (id=dbb23e2db578a40b8b252d8ede31e2f4): Total: 5.593 seconds - Initiated by InitialRefreshV2(ForceSynchronousImport)
	(Values over 0.05ms)
	Summary:
		Imports: total=21 (actual=21, local cache=0, cache server=0)
		Asset DB Process Time: managed=1 ms, native=1502 ms
		Asset DB Callback time: managed=166 ms, native=56 ms
		Scripting: domain reloads=1, domain reload time=566 ms, compile time=3254 ms, other=44 ms
		Project Asset Count: scripts=1123, non-scripts=2037
		Asset File Changes: new=0, changed=1, moved=0, deleted=0
		Scan Filter Count: 1
	InvokePackagesCallback: 16.368ms
	ApplyChangesToAssetFolders: 0.207ms
	Scan: 366.970ms
	Collect global state as custom dependencies: 12.228ms
	OnSourceAssetsModified: 0.426ms
	CategorizeScriptCompilationAssets: 28.630ms
	ProcessAssetsWithTransientArtifactChanges: 37.272ms
	CategorizeAssets: 57.724ms
	CompileScripts: 3254.006ms
	ImportOutOfDateAssets: 879.968ms (583.672ms without children)
		ImportManagerImport: 265.278ms (1.177ms without children)
			UpdateCategorizedAssets: 1.186ms
		UnloadImportedAssets: 2.146ms
		ReloadImportedAssets: 1.342ms
		EnsureUptoDateAssetsAreRegisteredWithGuidPM: 0.455ms
		ImportSchedulerStart: 28.374ms
	PostProcessAllAssets: 207.093ms
		ComputeShaderImportPostprocess 22.424ms
		RaytracingShaderImportPostprocess 15.667ms
		VCAutoAddAssetPostprocess 1.756ms
		PostProcessCallbackCreateDeferredMaterials 0.064ms
		XRBuildSystem.XRAssetImported 0.055ms
		MonoPostProcessAllAssets: 166.198ms
			AssetPostprocessor.OnPostprocessAllAssets 107.441ms
			StyleCatalogPostProcessor.OnPostprocessAllAssets 16.538ms
			UniversalRenderPipelineGlobalSettingsPostprocessor.OnPostprocessAllAssets 8.327ms
			BuilderAssetPostprocessor.OnPostprocessAllAssets 4.404ms
			ShaderGraphAssetPostProcessor.OnPostprocessAllAssets 3.323ms
			WindowAssetPostprocessingWatcher.OnPostprocessAllAssets 2.381ms
			SyncVS.PostprocessSyncProject 2.301ms
			SpeedTree9Postprocessor.OnPostprocessAllAssets 1.719ms
			RetainedModeAssetPostprocessor.OnPostprocessAllAssets 1.399ms
			AssetChangedListener.OnPostprocessAllAssets 1.314ms
			LocalizationAssetPostProcessor.OnPostprocessAllAssets 1.300ms
			EditModeScopePostprocessor.OnPostprocessAllAssets 0.900ms
			AddressablesAssetPostProcessor.OnPostprocessAllAssets 0.892ms
			MaterialPostprocessor.OnPostprocessAllAssets 0.652ms
			RenderPipelineGlobalSettingsPostprocessor.OnPostprocessAllAssets 0.596ms
			PostProcessor.OnPostprocessAllAssets 0.511ms
			InputActionAssetPostprocessor.OnPostprocessAllAssets 0.445ms
			ArtifactBrowserPostProcessor.OnPostprocessAllAssets 0.389ms
			InputActionJsonNameModifierAssetProcessor.OnPostprocessAllAssets 0.378ms
			SampleDependencyImporterPostProcessor.OnPostprocessAllAssets 0.337ms
			AssetPathToTypes.OnPostprocessAllAssets 0.332ms
			TMPro_TexturePostProcessor.OnPostprocessAllAssets 0.300ms
			TextAssetPostProcessor.OnPostprocessAllAssets 0.289ms
			ShaderReflectionAssetPostProcessor.OnPostprocessAllAssets 0.203ms
			AudioMixerPostprocessor.OnPostprocessAllAssets 0.198ms
			AssetEvents.OnPostprocessAllAssets 0.174ms
			TerrainToolbarOverlayPostProcessor.OnPostprocessAllAssets 0.140ms
			AssetDatabaseCallbacks.OnPostprocessAllAssets 0.129ms
			ReferencedClipsPostProcessor.OnPostprocessAllAssets 0.119ms
			ProjectSettingsPostprocessor.OnPostprocessAllAssets 0.102ms
			SpeedTreePostProcessor.OnPostprocessAllAssets 0.096ms
			ConfigAssetsTracker.OnPostprocessAllAssets 0.095ms
			ScenarioDriftAssetsTracker.OnPostprocessAllAssets 0.074ms
			AudioContainerPostProcessor.OnPostprocessAllAssets 0.056ms
	PostAssetChangesProfiler: 1.574ms
	UnloadStreamsBegin: 1.037ms
	PersistCurrentRevisions: 0.219ms
	GenerateScriptTypeHashes: 1.338ms
	GenerateScriptTypeSerializationHashes: 2.392ms
	Untracked: 726.442ms

Application.AssetDatabase Initial Refresh End
Shader Hidden/ChartRasterizerHardware is not supported: GPU does not support conservative rasterization
Shader Hidden/ChartRasterizerHardware is not supported: GPU does not support conservative rasterization
Scanning for USB devices : 0.601ms
Initializing Unity extensions:
[MODES] ModeService[none].Initialize
[MODES] ModeService[none].LoadModes
[MODES] Loading mode Default (0) for mode-current-id-Unknown T0
Unloading 84 Unused Serialized files (Serialized files now loaded: 0)
Unloading 4816 unused Assets / (7.2 MB). Loaded Objects now: 5616.
Memory consumption went from 243.5 MB to 236.2 MB.
Total: 10.672708 ms (FindLiveObjects: 0.313292 ms CreateObjectMapping: 1.106166 ms MarkObjects: 6.449417 ms  DeleteObjects: 2.803458 ms)

M7_GATES_BEFORE {"M7Hub":{"resourcesLoad":true,"assetDatabaseLoad":true,"runtimeApproved":false,"references":"floorAndWall=True workbench=True plateShelf=True"},"M7UiSkin":{"resourcesLoad":true,"assetDatabaseLoad":true,"runtimeApproved":false,"references":"paperPanel=True bronzeFrame=True"},"M7ReaderStage":{"resourcesLoad":true,"assetDatabaseLoad":true,"runtimeApproved":false,"references":"reader=True recordSet=True"},"M8ReviewNotes":{"resourcesLoad":true,"assetDatabaseLoad":true,"runtimeApproved":false,"references":"cardPaper=True"}}
UnityEngine.Debug:ExtractStackTraceNoAlloc (byte*,int,string)
UnityEngine.StackTraceUtility:ExtractStackTrace () (at /Users/bokken/build/output/unity/unity/Runtime/Export/Scripting/StackTrace.cs:35)
UnityEngine.DebugLogHandler:Internal_Log (UnityEngine.LogType,UnityEngine.LogOption,string,UnityEngine.Object)
UnityEngine.DebugLogHandler:LogFormat (UnityEngine.LogType,UnityEngine.Object,string,object[])
UnityEngine.Logger:Log (UnityEngine.LogType,object)
UnityEngine.Debug:Log (object)
Tide.EditorTools.M7ProjectBuilder:ApproveAll () (at Assets/_Project/Editor/M7ProjectBuilder.cs:34)

(Filename: Assets/_Project/Editor/M7ProjectBuilder.cs Line: 34)

Importing 'GUID: 5e38a58d5f8a343ceae33fd9718ce3ed - Path: Assets/_Project/Resources/M7Hub.asset' with importer (NativeFormatImporter)
Imported 'GUID: 5e38a58d5f8a343ceae33fd9718ce3ed' -> (Import Result ID: 'bfeb3f7fb0e443ab08f8501528f2a4d3') in 0.001 seconds [static dependencies only]. Details - ImportResultOutputID=e67e363b41bbfc3bf52e1d936f96ebc5 DependenciesID=558956bf61ddd2ecad7271ba6ad9e814 StaticDependenciesID=1efb61f18c9d913513275696f5560a69 
Asset Pipeline Refresh (id=005bb54b60a5f44c886f16d79b3a1556): Total: 0.067 seconds - Initiated by StopAssetImportingV2(NoUpdateAssetOptions)
M7_HUB_SHELL_APPROVED runtimeApproved=true
UnityEngine.Debug:ExtractStackTraceNoAlloc (byte*,int,string)
UnityEngine.StackTraceUtility:ExtractStackTrace () (at /Users/bokken/build/output/unity/unity/Runtime/Export/Scripting/StackTrace.cs:35)
UnityEngine.DebugLogHandler:Internal_Log (UnityEngine.LogType,UnityEngine.LogOption,string,UnityEngine.Object)
UnityEngine.DebugLogHandler:LogFormat (UnityEngine.LogType,UnityEngine.Object,string,object[])
UnityEngine.Logger:Log (UnityEngine.LogType,object)
UnityEngine.Debug:Log (object)
Tide.EditorTools.M7HubProjectBuilder:ApproveHubShell () (at Assets/_Project/Editor/M7HubProjectBuilder.cs:96)
Tide.EditorTools.M7ProjectBuilder:ApproveAll () (at Assets/_Project/Editor/M7ProjectBuilder.cs:35)

(Filename: Assets/_Project/Editor/M7HubProjectBuilder.cs Line: 96)

Importing 'GUID: d481523bebdea48fd9851b6e2dfef507 - Path: Assets/_Project/Resources/M7UiSkin.asset' with importer (NativeFormatImporter)
Imported 'GUID: d481523bebdea48fd9851b6e2dfef507' -> (Import Result ID: '3261b8408d0794fa3f10fd5dbf609111') in 0.001 seconds [static dependencies only]. Details - ImportResultOutputID=a3bb19cbb624f5be759d848b6238f9dd DependenciesID=ddeaea8f96654a1f08fcb92a09907c99 StaticDependenciesID=1c00f2b62216f0794a9b4e673b048c76 
Asset Pipeline Refresh (id=207c875489dea4b2baf4f2808fa0cb54): Total: 0.051 seconds - Initiated by StopAssetImportingV2(NoUpdateAssetOptions)
M7_UI_SKIN_APPROVED runtimeApproved=true
UnityEngine.Debug:ExtractStackTraceNoAlloc (byte*,int,string)
UnityEngine.StackTraceUtility:ExtractStackTrace () (at /Users/bokken/build/output/unity/unity/Runtime/Export/Scripting/StackTrace.cs:35)
UnityEngine.DebugLogHandler:Internal_Log (UnityEngine.LogType,UnityEngine.LogOption,string,UnityEngine.Object)
UnityEngine.DebugLogHandler:LogFormat (UnityEngine.LogType,UnityEngine.Object,string,object[])
UnityEngine.Logger:Log (UnityEngine.LogType,object)
UnityEngine.Debug:Log (object)
Tide.EditorTools.M7UiSkinProjectBuilder:ApproveUiSkin () (at Assets/_Project/Editor/M7UiSkinProjectBuilder.cs:83)
Tide.EditorTools.M7ProjectBuilder:ApproveAll () (at Assets/_Project/Editor/M7ProjectBuilder.cs:36)

(Filename: Assets/_Project/Editor/M7UiSkinProjectBuilder.cs Line: 83)

Importing 'GUID: 1277e7c75b0b24e76856fb9931d04946 - Path: Assets/_Project/Resources/M7ReaderStage.asset' with importer (NativeFormatImporter)
Imported 'GUID: 1277e7c75b0b24e76856fb9931d04946' -> (Import Result ID: '916756c12d5be92ea1c6918a8b608a03') in 0.001 seconds [static dependencies only]. Details - ImportResultOutputID=f72fa63f65e78a2f911f6f6c85be1890 DependenciesID=128ee4cf40e379ffd6a56f92b08403e4 StaticDependenciesID=939450b8bc24255304447f9b5206a168 
Asset Pipeline Refresh (id=f81f33339dc064f209ab2a43c05451c1): Total: 0.048 seconds - Initiated by StopAssetImportingV2(NoUpdateAssetOptions)
M7_READER_STAGE_APPROVED runtimeApproved=true
UnityEngine.Debug:ExtractStackTraceNoAlloc (byte*,int,string)
UnityEngine.StackTraceUtility:ExtractStackTrace () (at /Users/bokken/build/output/unity/unity/Runtime/Export/Scripting/StackTrace.cs:35)
UnityEngine.DebugLogHandler:Internal_Log (UnityEngine.LogType,UnityEngine.LogOption,string,UnityEngine.Object)
UnityEngine.DebugLogHandler:LogFormat (UnityEngine.LogType,UnityEngine.Object,string,object[])
UnityEngine.Logger:Log (UnityEngine.LogType,object)
UnityEngine.Debug:Log (object)
Tide.EditorTools.M7ReaderProjectBuilder:ApproveReaderStage () (at Assets/_Project/Editor/M7ReaderProjectBuilder.cs:220)
Tide.EditorTools.M7ProjectBuilder:ApproveAll () (at Assets/_Project/Editor/M7ProjectBuilder.cs:37)

(Filename: Assets/_Project/Editor/M7ReaderProjectBuilder.cs Line: 220)

Importing 'GUID: 9f3d741a51f604791886dabfbce791c1 - Path: Assets/_Project/Resources/M8ReviewNotes.asset' with importer (NativeFormatImporter)
Imported 'GUID: 9f3d741a51f604791886dabfbce791c1' -> (Import Result ID: '4c272f23f4f19363815ec4349ee6300b') in 0.001 seconds [static dependencies only]. Details - ImportResultOutputID=2ef5ddec7db9096b9430a9278e12ddae DependenciesID=249aeb8e63386c6bc01b4163968b45b2 StaticDependenciesID=0a057938c9d75406ec0b61c951f02eef 
Asset Pipeline Refresh (id=531b87e037c154073bcc425b17c939fb): Total: 0.049 seconds - Initiated by StopAssetImportingV2(NoUpdateAssetOptions)
M8_REVIEW_CARD_APPROVED runtimeApproved=true
UnityEngine.Debug:ExtractStackTraceNoAlloc (byte*,int,string)
UnityEngine.StackTraceUtility:ExtractStackTrace () (at /Users/bokken/build/output/unity/unity/Runtime/Export/Scripting/StackTrace.cs:35)
UnityEngine.DebugLogHandler:Internal_Log (UnityEngine.LogType,UnityEngine.LogOption,string,UnityEngine.Object)
UnityEngine.DebugLogHandler:LogFormat (UnityEngine.LogType,UnityEngine.Object,string,object[])
UnityEngine.Logger:Log (UnityEngine.LogType,object)
UnityEngine.Debug:Log (object)
Tide.EditorTools.M8ReviewNotesProjectBuilder:ApproveReviewCard () (at Assets/_Project/Editor/M8ReviewNotesProjectBuilder.cs:50)
Tide.EditorTools.M7ProjectBuilder:ApproveAll () (at Assets/_Project/Editor/M7ProjectBuilder.cs:38)

(Filename: Assets/_Project/Editor/M8ReviewNotesProjectBuilder.cs Line: 50)

Asset Pipeline Refresh (id=83d5f9b1b78634298ba47220fc5f4cf9): Total: 0.061 seconds - Initiated by RefreshV2(NoUpdateAssetOptions)
M7_GATES_AFTER {"M7Hub":{"resourcesLoad":true,"assetDatabaseLoad":true,"runtimeApproved":true,"references":"floorAndWall=True workbench=True plateShelf=True"},"M7UiSkin":{"resourcesLoad":true,"assetDatabaseLoad":true,"runtimeApproved":true,"references":"paperPanel=True bronzeFrame=True"},"M7ReaderStage":{"resourcesLoad":true,"assetDatabaseLoad":true,"runtimeApproved":true,"references":"reader=True recordSet=True"},"M8ReviewNotes":{"resourcesLoad":true,"assetDatabaseLoad":true,"runtimeApproved":true,"references":"cardPaper=True"}}
UnityEngine.Debug:ExtractStackTraceNoAlloc (byte*,int,string)
UnityEngine.StackTraceUtility:ExtractStackTrace () (at /Users/bokken/build/output/unity/unity/Runtime/Export/Scripting/StackTrace.cs:35)
UnityEngine.DebugLogHandler:Internal_Log (UnityEngine.LogType,UnityEngine.LogOption,string,UnityEngine.Object)
UnityEngine.DebugLogHandler:LogFormat (UnityEngine.LogType,UnityEngine.Object,string,object[])
UnityEngine.Logger:Log (UnityEngine.LogType,object)
UnityEngine.Debug:Log (object)
Tide.EditorTools.M7ProjectBuilder:ApproveAll () (at Assets/_Project/Editor/M7ProjectBuilder.cs:41)

(Filename: Assets/_Project/Editor/M7ProjectBuilder.cs Line: 41)

M7_APPROVE_ALL_DONE /Users/jangyoung/orca/unknown/_workspace/current/systems/tech-verification/ui-promotion-m13/m7-approval-audit.json
UnityEngine.Debug:ExtractStackTraceNoAlloc (byte*,int,string)
UnityEngine.StackTraceUtility:ExtractStackTrace () (at /Users/bokken/build/output/unity/unity/Runtime/Export/Scripting/StackTrace.cs:35)
UnityEngine.DebugLogHandler:Internal_Log (UnityEngine.LogType,UnityEngine.LogOption,string,UnityEngine.Object)
UnityEngine.DebugLogHandler:LogFormat (UnityEngine.LogType,UnityEngine.Object,string,object[])
UnityEngine.Logger:Log (UnityEngine.LogType,object)
UnityEngine.Debug:Log (object)
Tide.EditorTools.M7ProjectBuilder:ApproveAll () (at Assets/_Project/Editor/M7ProjectBuilder.cs:45)

(Filename: Assets/_Project/Editor/M7ProjectBuilder.cs Line: 45)

[Project] Loading completed in 10.792 seconds
	Project init time: 				9.921 seconds
		Template init time: 		0.000 seconds
		Package Manager init time: 		0.749 seconds
		Asset Database init time: 		2.372 seconds
		Global illumination init time: 	0.001 seconds
		Assemblies load time: 			0.737 seconds
		Unity extensions init time: 	0.009 seconds
		Asset Database refresh time: 	5.593 seconds
	Scene opening time: 			0.721 seconds
##utp:{"type":"ProjectInfo","version":2,"phase":"Immediate","time":1789175652047,"processId":81966,"projectLoad":10.792227417000002,"projectInit":9.921006209,"templateInit":0.0,"packageManagerInit":0.748663,"assetDatabaseInit":2.371511458,"globalIlluminationInit":0.001144792,"assembliesLoad":0.737354167,"unityExtensionsInit":0.009090333,"assetDatabaseRefresh":5.592756917,"sceneOpening":0.721363416}
##utp:{"type":"EditorInfo","version":2,"phase":"Immediate","time":1789175652048,"processId":81966,"editorVersion":"6000.5.6f1 (0e0577a1a2ac)","branch":"6000.5/staging","buildType":"Release","platform":"OSX"}
[Licensing::Client] Successfully resolved entitlement details
DisplayProgressbar: Material Upgrader re-import
Worker ready: AssetImportWorkerHW0 0
Importing 'GUID: c0a66792f7fa44b3dad8be3be7ced59f - Path: Assets/_Project/Rendering/Workbench-behind-drawer.mat' with importer (NativeFormatImporter)
Imported 'GUID: c0a66792f7fa44b3dad8be3be7ced59f' -> (Import Result ID: '8802d5cc3fd4258d70865511393e64bb') in 0.001 seconds [static dependencies only]. Details - ImportResultOutputID=2905a637ef0d5940234584cca4f28c2b DependenciesID=c52404109f135ec0ba5db10405925321 StaticDependenciesID=fd650ee76f617a0ce95baba34f15e3fc 
Importing 'GUID: 218f6b3a48c18489bb25dc048f448783 - Path: Assets/_Project/Art/Candidates/m7-reader-r01/MAT_M7_Reader_Paper.mat' with importer (NativeFormatImporter)
Main Object Name 'Universal Render Pipeline/Lit' does not match filename 'MAT_M7_Reader_Paper'
UnityEngine.Debug:ExtractStackTraceNoAlloc (byte*,int,string)
UnityEngine.StackTraceUtility:ExtractStackTrace () (at /Users/bokken/build/output/unity/unity/Runtime/Export/Scripting/StackTrace.cs:35)
UnityEditor.Rendering.AssetReimportUtils:ReimportAll<UnityEngine.Material> (double&,uint&,System.Func`2<string, bool>) (at ./Library/PackageCache/com.unity.render-pipelines.core@645717f21c5f/Editor/Material/AssetReimportUtils.cs:44)
UnityEditor.Rendering.Universal.MaterialReimporter:ReimportAllMaterials () (at ./Library/PackageCache/com.unity.render-pipelines.universal@73b4c4ff130e/Editor/AssetPostProcessors/MaterialPostprocessor.cs:37)
UnityEditor.Rendering.Universal.MaterialReimporter/<>c:<RegisterUpgraderReimport>b__2_0 () (at ./Library/PackageCache/com.unity.render-pipelines.universal@73b4c4ff130e/Editor/AssetPostProcessors/MaterialPostprocessor.cs:76)
UnityEditor.EditorApplication:Internal_CallUpdateFunctions () (at /Users/bokken/build/output/unity/unity/Editor/Mono/EditorApplication.cs:403)

[./Library/PackageCache/com.unity.render-pipelines.universal@73b4c4ff130e/Editor/AssetPostProcessors/MaterialPostprocessor.cs line 37]

Imported 'GUID: 218f6b3a48c18489bb25dc048f448783' -> (Import Result ID: '776e597954ac0ba8ce2bd2f09840248f') in 0.001 seconds [static dependencies only]. Details - ImportResultOutputID=563ac37815957676097811698ea9c0ef DependenciesID=aa8a81cb87eb1aa328f038f7370491a9 StaticDependenciesID=207fd7fe525b25ba3f0f20aea171cdba 
Importing 'GUID: 31d0dcc6f2dd4e4408d18036a2c93862 - Path: Packages/com.unity.render-pipelines.universal/Runtime/Materials/Decal.mat' with importer (NativeFormatImporter)
Imported 'GUID: 31d0dcc6f2dd4e4408d18036a2c93862' -> (Import Result ID: 'ef79708a60c3c4ece06710b8976a248b') in 0.000 seconds [static dependencies only]. Details - ImportResultOutputID=27f50545369d9b2b39b980276ea7c8ce DependenciesID=6898307ec4d5829ba4fedd5449e1f8cd StaticDependenciesID=9d2b538186766cdea4572e40c03c635e 
Importing 'GUID: 31321ba15b8f8eb4c954353edc038b1d - Path: Packages/com.unity.render-pipelines.universal/Runtime/Materials/Lit.mat' with importer (NativeFormatImporter)
Imported 'GUID: 31321ba15b8f8eb4c954353edc038b1d' -> (Import Result ID: '4c8ede662b20c3740ae26f43134ed3d8') in 0.001 seconds [static dependencies only]. Details - ImportResultOutputID=a48f7e6bcfa276d974788b68dcece99b DependenciesID=893bdee158e2adf62e63a3c2b5dbb49e StaticDependenciesID=a00cb8fafba8bef907e84982d4e5fc0f 
Importing 'GUID: 51adc20851a134323bed88aa11242c2f - Path: Assets/_Project/Art/Candidates/m7-reader-r01/MAT_M7_Reader_DarkSteel.mat' with importer (NativeFormatImporter)
Main Object Name 'Universal Render Pipeline/Lit' does not match filename 'MAT_M7_Reader_DarkSteel'
UnityEngine.Debug:ExtractStackTraceNoAlloc (byte*,int,string)
UnityEngine.StackTraceUtility:ExtractStackTrace () (at /Users/bokken/build/output/unity/unity/Runtime/Export/Scripting/StackTrace.cs:35)
UnityEditor.Rendering.AssetReimportUtils:ReimportAll<UnityEngine.Material> (double&,uint&,System.Func`2<string, bool>) (at ./Library/PackageCache/com.unity.render-pipelines.core@645717f21c5f/Editor/Material/AssetReimportUtils.cs:44)
UnityEditor.Rendering.Universal.MaterialReimporter:ReimportAllMaterials () (at ./Library/PackageCache/com.unity.render-pipelines.universal@73b4c4ff130e/Editor/AssetPostProcessors/MaterialPostprocessor.cs:37)
UnityEditor.Rendering.Universal.MaterialReimporter/<>c:<RegisterUpgraderReimport>b__2_0 () (at ./Library/PackageCache/com.unity.render-pipelines.universal@73b4c4ff130e/Editor/AssetPostProcessors/MaterialPostprocessor.cs:76)
UnityEditor.EditorApplication:Internal_CallUpdateFunctions () (at /Users/bokken/build/output/unity/unity/Editor/Mono/EditorApplication.cs:403)

[./Library/PackageCache/com.unity.render-pipelines.universal@73b4c4ff130e/Editor/AssetPostProcessors/MaterialPostprocessor.cs line 37]

Imported 'GUID: 51adc20851a134323bed88aa11242c2f' -> (Import Result ID: '56f9156a0a5215b03857dfe232053469') in 0.001 seconds [static dependencies only]. Details - ImportResultOutputID=669270e95a2e090d3b330cda4fe22e5d DependenciesID=8bfa57674162e9235b1c2b621d51b90a StaticDependenciesID=9a482f4d22c8c6113603d9447952a437 
Importing 'GUID: 71942363c5608a64bb62421349d39c9c - Path: Packages/com.unity.render-pipelines.universal/Runtime/Materials/Mesh2D-Unlit-Default.mat' with importer (NativeFormatImporter)
Imported 'GUID: 71942363c5608a64bb62421349d39c9c' -> (Import Result ID: '1c63ebd096d1dc63637269212e831814') in 0.001 seconds [static dependencies only]. Details - ImportResultOutputID=60d5319d12ec6601090f4dc3bc877827 DependenciesID=adcfc61bb784393db7c4103a386cc4b5 StaticDependenciesID=59c90dc2243876194b53d83023ab9d26 
Importing 'GUID: 9119ab82a2dc24e6d8e1c9d2c68ad511 - Path: Assets/_Project/Art/Candidates/m7-reader-r01/MAT_M7_Reader_Crystal.mat' with importer (NativeFormatImporter)
Main Object Name 'Universal Render Pipeline/Lit' does not match filename 'MAT_M7_Reader_Crystal'
UnityEngine.Debug:ExtractStackTraceNoAlloc (byte*,int,string)
UnityEngine.StackTraceUtility:ExtractStackTrace () (at /Users/bokken/build/output/unity/unity/Runtime/Export/Scripting/StackTrace.cs:35)
UnityEditor.Rendering.AssetReimportUtils:ReimportAll<UnityEngine.Material> (double&,uint&,System.Func`2<string, bool>) (at ./Library/PackageCache/com.unity.render-pipelines.core@645717f21c5f/Editor/Material/AssetReimportUtils.cs:44)
UnityEditor.Rendering.Universal.MaterialReimporter:ReimportAllMaterials () (at ./Library/PackageCache/com.unity.render-pipelines.universal@73b4c4ff130e/Editor/AssetPostProcessors/MaterialPostprocessor.cs:37)
UnityEditor.Rendering.Universal.MaterialReimporter/<>c:<RegisterUpgraderReimport>b__2_0 () (at ./Library/PackageCache/com.unity.render-pipelines.universal@73b4c4ff130e/Editor/AssetPostProcessors/MaterialPostprocessor.cs:76)
UnityEditor.EditorApplication:Internal_CallUpdateFunctions () (at /Users/bokken/build/output/unity/unity/Editor/Mono/EditorApplication.cs:403)

[./Library/PackageCache/com.unity.render-pipelines.universal@73b4c4ff130e/Editor/AssetPostProcessors/MaterialPostprocessor.cs line 37]

Imported 'GUID: 9119ab82a2dc24e6d8e1c9d2c68ad511' -> (Import Result ID: '27125ddc66960595db9eb2cee313567d') in 0.001 seconds [static dependencies only]. Details - ImportResultOutputID=a4e3009639e4706744c94cd6d4a997e4 DependenciesID=c848c7797364476d80af59242ecba937 StaticDependenciesID=21a384ebc83c9c4992dfccd6a87b1d28 
Importing 'GUID: 528b930e815ff4481932c0d49ab68151 - Path: Assets/_Project/Rendering/Authored-workbench.mat' with importer (NativeFormatImporter)
Imported 'GUID: 528b930e815ff4481932c0d49ab68151' -> (Import Result ID: '6025e49390812a8871246d2a20ce7e40') in 0.001 seconds [static dependencies only]. Details - ImportResultOutputID=ec361bc6f219caa6e7f1c85e624307ee DependenciesID=83e17729794e425a157a3dcf9646781d StaticDependenciesID=4ff33fa2e2462a0b9c66b1764f854f63 
Importing 'GUID: 92f845725428c954b878da352f657fe5 - Path: Packages/com.unity.render-pipelines.universal/Editor/SceneTemplates/Materials/Emissive.mat' with importer (NativeFormatImporter)
Imported 'GUID: 92f845725428c954b878da352f657fe5' -> (Import Result ID: '881ecc6d9deee3fa93f2b08d974039b6') in 0.001 seconds [static dependencies only]. Details - ImportResultOutputID=9f409e454e8569eeb8775e57f716ca56 DependenciesID=7d05bb7e612ceee686327bb88a490120 StaticDependenciesID=501de644cea185f3c9957bd5250ada78 
Importing 'GUID: c2e40fa84d53ccd428f640eac126b1fb - Path: Packages/com.unity.render-pipelines.universal/Editor/SceneTemplates/Materials/Gold.mat' with importer (NativeFormatImporter)
Imported 'GUID: c2e40fa84d53ccd428f640eac126b1fb' -> (Import Result ID: '31ded021f3ccbf81dece516b36755ede') in 0.001 seconds [static dependencies only]. Details - ImportResultOutputID=f0de5be625a902497e1b3968ff56fe81 DependenciesID=203bc18e19184a372df6d4603b97fa8f StaticDependenciesID=46b054d517bce2536d35703be5a8781b 
Importing 'GUID: 0373c127588b64dfe8627a91ee4d5488 - Path: Assets/_Project/Art/Candidates/c1-signature-reader-r01/MAT_C1_Reader_Casting.mat' with importer (NativeFormatImporter)
Main Object Name 'Universal Render Pipeline/Lit' does not match filename 'MAT_C1_Reader_Casting'
UnityEngine.Debug:ExtractStackTraceNoAlloc (byte*,int,string)
UnityEngine.StackTraceUtility:ExtractStackTrace () (at /Users/bokken/build/output/unity/unity/Runtime/Export/Scripting/StackTrace.cs:35)
UnityEditor.Rendering.AssetReimportUtils:ReimportAll<UnityEngine.Material> (double&,uint&,System.Func`2<string, bool>) (at ./Library/PackageCache/com.unity.render-pipelines.core@645717f21c5f/Editor/Material/AssetReimportUtils.cs:44)
UnityEditor.Rendering.Universal.MaterialReimporter:ReimportAllMaterials () (at ./Library/PackageCache/com.unity.render-pipelines.universal@73b4c4ff130e/Editor/AssetPostProcessors/MaterialPostprocessor.cs:37)
UnityEditor.Rendering.Universal.MaterialReimporter/<>c:<RegisterUpgraderReimport>b__2_0 () (at ./Library/PackageCache/com.unity.render-pipelines.universal@73b4c4ff130e/Editor/AssetPostProcessors/MaterialPostprocessor.cs:76)
UnityEditor.EditorApplication:Internal_CallUpdateFunctions () (at /Users/bokken/build/output/unity/unity/Editor/Mono/EditorApplication.cs:403)

[./Library/PackageCache/com.unity.render-pipelines.universal@73b4c4ff130e/Editor/AssetPostProcessors/MaterialPostprocessor.cs line 37]

Imported 'GUID: 0373c127588b64dfe8627a91ee4d5488' -> (Import Result ID: '0db1caf8ad4c3262521f98c3d5680f3a') in 0.000 seconds [static dependencies only]. Details - ImportResultOutputID=52d38d02a19c1538d6370c569b47ebd9 DependenciesID=65de684e27cc7fd32b65634665cf154f StaticDependenciesID=8a14a6fa7b9a0cce435506b7371f3bff 
Importing 'GUID: b34b07a45ba63ce47896c9e674f3a7a7 - Path: Packages/com.unity.render-pipelines.universal/Editor/SceneTemplates/Materials/Metal_Black.mat' with importer (NativeFormatImporter)
Imported 'GUID: b34b07a45ba63ce47896c9e674f3a7a7' -> (Import Result ID: 'acdff57133be86b9151b60f5cd1d30dc') in 0.001 seconds [static dependencies only]. Details - ImportResultOutputID=50434342d94f9f0e26d3f9360da27599 DependenciesID=d4d70d1bc7b0ea9e3593cc340e9ffeb8 StaticDependenciesID=687a2085688ddf0291fbe4ed36184eff 
Importing 'GUID: 5434961a15bd34582ade1cac26975416 - Path: Assets/_Project/Art/Candidates/m7-hub-r01/MAT_M7_Hub_PerforatedSteel.mat' with importer (NativeFormatImporter)
Imported 'GUID: 5434961a15bd34582ade1cac26975416' -> (Import Result ID: '0c3f9e31da250f9c95be491de69e109e') in 0.000 seconds [static dependencies only]. Details - ImportResultOutputID=9d1fbe897325634f23d595e34553fd73 DependenciesID=dc2e19ddf5f2cd7c10bfb368e3ba1e35 StaticDependenciesID=188b594e8ac2cb7c70f5686d46a0f7c8 
Importing 'GUID: 64b97f29963364d4ea53c61a9cb5d0ad - Path: Assets/_Project/Art/Candidates/m7-reader-r01/MAT_M7_Reader_Wood.mat' with importer (NativeFormatImporter)
Main Object Name 'Universal Render Pipeline/Lit' does not match filename 'MAT_M7_Reader_Wood'
UnityEngine.Debug:ExtractStackTraceNoAlloc (byte*,int,string)
UnityEngine.StackTraceUtility:ExtractStackTrace () (at /Users/bokken/build/output/unity/unity/Runtime/Export/Scripting/StackTrace.cs:35)
UnityEditor.Rendering.AssetReimportUtils:ReimportAll<UnityEngine.Material> (double&,uint&,System.Func`2<string, bool>) (at ./Library/PackageCache/com.unity.render-pipelines.core@645717f21c5f/Editor/Material/AssetReimportUtils.cs:44)
UnityEditor.Rendering.Universal.MaterialReimporter:ReimportAllMaterials () (at ./Library/PackageCache/com.unity.render-pipelines.universal@73b4c4ff130e/Editor/AssetPostProcessors/MaterialPostprocessor.cs:37)
UnityEditor.Rendering.Universal.MaterialReimporter/<>c:<RegisterUpgraderReimport>b__2_0 () (at ./Library/PackageCache/com.unity.render-pipelines.universal@73b4c4ff130e/Editor/AssetPostProcessors/MaterialPostprocessor.cs:76)
UnityEditor.EditorApplication:Internal_CallUpdateFunctions () (at /Users/bokken/build/output/unity/unity/Editor/Mono/EditorApplication.cs:403)

[./Library/PackageCache/com.unity.render-pipelines.universal@73b4c4ff130e/Editor/AssetPostProcessors/MaterialPostprocessor.cs line 37]

Imported 'GUID: 64b97f29963364d4ea53c61a9cb5d0ad' -> (Import Result ID: '806e21c3562eb8d1f76c37d3fd9b6529') in 0.001 seconds [static dependencies only]. Details - ImportResultOutputID=e0063d598c0073aa51d22e60e2f35b1b DependenciesID=8642e89c3815e6d2153afd2fca7b8fd0 StaticDependenciesID=11ac1aa4c6e1dfff60eb9f8501a6d608 
Importing 'GUID: 74cd89c9eea5c453296ccbd0b2cc9a5c - Path: Assets/_Project/Art/Candidates/c1-signature-reader-r02/MAT_C1_Reader_Recess.mat' with importer (NativeFormatImporter)
Imported 'GUID: 74cd89c9eea5c453296ccbd0b2cc9a5c' -> (Import Result ID: 'bff73a899409f7b41c937cd01cf32b75') in 0.001 seconds [static dependencies only]. Details - ImportResultOutputID=364fedb8102ab8923321556e86e7e1c1 DependenciesID=0e7eb097e6b40d5a5ce4dbf35c578d13 StaticDependenciesID=6bb56f2f521e697954befe941c8b966f 
Importing 'GUID: 9452ae1262a74094f8a68013fbcd1834 - Path: Packages/com.unity.render-pipelines.universal/Runtime/Materials/Mesh2D-Lit-Default.mat' with importer (NativeFormatImporter)
Imported 'GUID: 9452ae1262a74094f8a68013fbcd1834' -> (Import Result ID: 'eef75b5a53016cdd1ba9338eaff50934') in 0.000 seconds [static dependencies only]. Details - ImportResultOutputID=ef05c03ce5b163471a66828c6e89459a DependenciesID=5509a819a96b35c12f0c9c230e367539 StaticDependenciesID=feee5c3c2a0201765f179f6a86adac05 
Importing 'GUID: b4bd74afe28f34072bddf280b645b9ae - Path: Assets/_Project/Art/Candidates/drawer-r03/Casing.mat' with importer (NativeFormatImporter)
Imported 'GUID: b4bd74afe28f34072bddf280b645b9ae' -> (Import Result ID: 'e9da10693b3d8aab7aa20046d63805ad') in 0.001 seconds [static dependencies only]. Details - ImportResultOutputID=8e4e94bd5099544cdd53e3084b73908a DependenciesID=545fea9c0830ca3e9c32db41a39b9798 StaticDependenciesID=3b57cdbb61a5ecfbd202886d10f35dc8 
Importing 'GUID: 15d0c3709176029428a0da2f8cecf0b5 - Path: Packages/com.unity.render-pipelines.universal/Runtime/Materials/SpriteMask-Default.mat' with importer (NativeFormatImporter)
Imported 'GUID: 15d0c3709176029428a0da2f8cecf0b5' -> (Import Result ID: 'f267c51471e41e277f1f188669d45405') in 0.000 seconds [static dependencies only]. Details - ImportResultOutputID=23653bbd3de46b3d7d8a484de3efe886 DependenciesID=593d2337786597fdcf24d1caf40f3347 StaticDependenciesID=9e941c0560cafa6716990dd5af5b2b17 
Importing 'GUID: 35f91eb6be57c4066a9c4680a66a0aa3 - Path: Assets/_Project/Art/Candidates/c1-signature-reader-r01/MAT_C1_Reader_Patina.mat' with importer (NativeFormatImporter)
Main Object Name 'Universal Render Pipeline/Lit' does not match filename 'MAT_C1_Reader_Patina'
UnityEngine.Debug:ExtractStackTraceNoAlloc (byte*,int,string)
UnityEngine.StackTraceUtility:ExtractStackTrace () (at /Users/bokken/build/output/unity/unity/Runtime/Export/Scripting/StackTrace.cs:35)
UnityEditor.Rendering.AssetReimportUtils:ReimportAll<UnityEngine.Material> (double&,uint&,System.Func`2<string, bool>) (at ./Library/PackageCache/com.unity.render-pipelines.core@645717f21c5f/Editor/Material/AssetReimportUtils.cs:44)
UnityEditor.Rendering.Universal.MaterialReimporter:ReimportAllMaterials () (at ./Library/PackageCache/com.unity.render-pipelines.universal@73b4c4ff130e/Editor/AssetPostProcessors/MaterialPostprocessor.cs:37)
UnityEditor.Rendering.Universal.MaterialReimporter/<>c:<RegisterUpgraderReimport>b__2_0 () (at ./Library/PackageCache/com.unity.render-pipelines.universal@73b4c4ff130e/Editor/AssetPostProcessors/MaterialPostprocessor.cs:76)
UnityEditor.EditorApplication:Internal_CallUpdateFunctions () (at /Users/bokken/build/output/unity/unity/Editor/Mono/EditorApplication.cs:403)

[./Library/PackageCache/com.unity.render-pipelines.universal@73b4c4ff130e/Editor/AssetPostProcessors/MaterialPostprocessor.cs line 37]

Imported 'GUID: 35f91eb6be57c4066a9c4680a66a0aa3' -> (Import Result ID: '0994a2e9af054523a0cb1a2d597c6a88') in 0.000 seconds [static dependencies only]. Details - ImportResultOutputID=b71fdb7b28a138b0a0a8fc45f6644667 DependenciesID=44ace5592e646ac6d8cd228c1542f86d StaticDependenciesID=956654839f26ad56ea82dd890e64ea3b 
Importing 'GUID: b51db210fe78df745a372851b3db949e - Path: Packages/com.unity.render-pipelines.universal/Runtime/Materials/SpatialMappingOcclusion.mat' with importer (NativeFormatImporter)
Imported 'GUID: b51db210fe78df745a372851b3db949e' -> (Import Result ID: '344bbd198f21552581322e35b7072878') in 0.001 seconds [static dependencies only]. Details - ImportResultOutputID=0ebc1c10df452e339ca0fb57c86cd699 DependenciesID=71e361a3aa85d87b6b9102382557f93a StaticDependenciesID=e7948557f156d5f9af17cd9ea2e3fce0 
Importing 'GUID: d5627287f2ca9499190b195fabd069a9 - Path: Assets/_Project/Rendering/Authored-plate-shelf.mat' with importer (NativeFormatImporter)
Imported 'GUID: d5627287f2ca9499190b195fabd069a9' -> (Import Result ID: '2f69b2aad87cd991ccf59486e1532a00') in 0.001 seconds [static dependencies only]. Details - ImportResultOutputID=2e30bd091b26209008d51d0d27f331c7 DependenciesID=52975ef531d32b51ae11a6e3eb69ab12 StaticDependenciesID=87d2055023b8d0b90e4aa837d2fc4c1f 
Importing 'GUID: e56a0a49760524c609af190ebaeca312 - Path: Assets/_Project/Rendering/Workbench-left-jamb.mat' with importer (NativeFormatImporter)
Imported 'GUID: e56a0a49760524c609af190ebaeca312' -> (Import Result ID: '6915cd87ff59b35b8bcb838a7a31e727') in 0.001 seconds [static dependencies only]. Details - ImportResultOutputID=2c8e96ddfdab10cac240daa143a06973 DependenciesID=d860b128ab3f7c1762a82a0ee54fffc3 StaticDependenciesID=1bc9e4f93c5c6b9f03a10fbd388695d2 
Importing 'GUID: e55ef588a799f46b184264c5063037cb - Path: Assets/_Project/Art/Candidates/c1-signature-reader-r01/MAT_C1_Reader_Recess.mat' with importer (NativeFormatImporter)
Main Object Name 'Universal Render Pipeline/Lit' does not match filename 'MAT_C1_Reader_Recess'
UnityEngine.Debug:ExtractStackTraceNoAlloc (byte*,int,string)
UnityEngine.StackTraceUtility:ExtractStackTrace () (at /Users/bokken/build/output/unity/unity/Runtime/Export/Scripting/StackTrace.cs:35)
UnityEditor.Rendering.AssetReimportUtils:ReimportAll<UnityEngine.Material> (double&,uint&,System.Func`2<string, bool>) (at ./Library/PackageCache/com.unity.render-pipelines.core@645717f21c5f/Editor/Material/AssetReimportUtils.cs:44)
UnityEditor.Rendering.Universal.MaterialReimporter:ReimportAllMaterials () (at ./Library/PackageCache/com.unity.render-pipelines.universal@73b4c4ff130e/Editor/AssetPostProcessors/MaterialPostprocessor.cs:37)
UnityEditor.Rendering.Universal.MaterialReimporter/<>c:<RegisterUpgraderReimport>b__2_0 () (at ./Library/PackageCache/com.unity.render-pipelines.universal@73b4c4ff130e/Editor/AssetPostProcessors/MaterialPostprocessor.cs:76)
UnityEditor.EditorApplication:Internal_CallUpdateFunctions () (at /Users/bokken/build/output/unity/unity/Editor/Mono/EditorApplication.cs:403)

[./Library/PackageCache/com.unity.render-pipelines.universal@73b4c4ff130e/Editor/AssetPostProcessors/MaterialPostprocessor.cs line 37]

Imported 'GUID: e55ef588a799f46b184264c5063037cb' -> (Import Result ID: 'df24beab0d907732c86553eef1e66fab') in 0.000 seconds [static dependencies only]. Details - ImportResultOutputID=2f659caa575e645b839824dddc77706c DependenciesID=6c82ed60e8b361e4e7bcf684c1d096dc StaticDependenciesID=20a11e98e79e25b6af68f462843a1d09 
Importing 'GUID: 06a864e02129a45058fa411663b4af1b - Path: Assets/_Project/Rendering/Workbench-below-drawer.mat' with importer (NativeFormatImporter)
Imported 'GUID: 06a864e02129a45058fa411663b4af1b' -> (Import Result ID: 'cdade5d032210e711d772429e9fe1d77') in 0.000 seconds [static dependencies only]. Details - ImportResultOutputID=b19bc3f28d8880679e2a7e2a58dadbed DependenciesID=a71ccec775a35776ae691e0e9e5ee882 StaticDependenciesID=6ab5f48ffed7f5aa700ea2a3bffbb94e 
Importing 'GUID: 663c2ed3b4ee94ec3b9c6d8308366f97 - Path: Assets/_Project/Rendering/Authored-room-floor.mat' with importer (NativeFormatImporter)
Imported 'GUID: 663c2ed3b4ee94ec3b9c6d8308366f97' -> (Import Result ID: 'b1ad16f99e7009d1413177bb3ed5a4e6') in 0.001 seconds [static dependencies only]. Details - ImportResultOutputID=84b8ae958eb741b6eb4aac34465766e6 DependenciesID=fbae2ddf610f1171b12789537a6281fa StaticDependenciesID=ac2e676c1c4ac1cd03e1a39b764580bb 
Importing 'GUID: 761d8e1f988ed2345a28312145c79c6e - Path: Packages/com.unity.render-pipelines.universal/Editor/SceneTemplates/Materials/Ground.mat' with importer (NativeFormatImporter)
Imported 'GUID: 761d8e1f988ed2345a28312145c79c6e' -> (Import Result ID: 'c32d80706b827c17101e102950c20717') in 0.001 seconds [static dependencies only]. Details - ImportResultOutputID=bc7d8bc4bd721d9fa1ab598e3e037457 DependenciesID=0cf9e7068ec920b38e0d36eab108e56f StaticDependenciesID=55e05438e6fe6b0a3a4258f076594dc9 
Importing 'GUID: 86d804f708637488082783f12faa4972 - Path: Assets/_Project/Art/Candidates/c1-patrol-panel-r01/MAT_C1_Panel_Salt_Porcelain.mat' with importer (NativeFormatImporter)
Imported 'GUID: 86d804f708637488082783f12faa4972' -> (Import Result ID: '65dbfad64d6771c565fd06b1853b26c0') in 0.001 seconds [static dependencies only]. Details - ImportResultOutputID=566211aa1563894e3dbdd827cf64589c DependenciesID=434e89e22c235c5a396f9e1ab44297e4 StaticDependenciesID=be5c9b2e172e93ee4f06d9399f13f610 
Importing 'GUID: b697f6a938056384e968ccf6527dac83 - Path: Packages/com.unity.render-pipelines.universal/Runtime/Materials/RenderAs2D-Flattening.mat' with importer (NativeFormatImporter)
Imported 'GUID: b697f6a938056384e968ccf6527dac83' -> (Import Result ID: '9e82ca21533526f553eaff8312058577') in 0.001 seconds [static dependencies only]. Details - ImportResultOutputID=91100c5c48438b67a79acaafe285f293 DependenciesID=94a4583cfd7715e959b6641214d00af3 StaticDependenciesID=726834f45d104871a0341c316f57dcaa 
Importing 'GUID: e62346cdaa6a24ca788030603a8c4ecf - Path: Assets/_Project/Art/Candidates/m7-reader-r01/MAT_M7_Reader_Steel.mat' with importer (NativeFormatImporter)
Main Object Name 'Universal Render Pipeline/Lit' does not match filename 'MAT_M7_Reader_Steel'
UnityEngine.Debug:ExtractStackTraceNoAlloc (byte*,int,string)
UnityEngine.StackTraceUtility:ExtractStackTrace () (at /Users/bokken/build/output/unity/unity/Runtime/Export/Scripting/StackTrace.cs:35)
UnityEditor.Rendering.AssetReimportUtils:ReimportAll<UnityEngine.Material> (double&,uint&,System.Func`2<string, bool>) (at ./Library/PackageCache/com.unity.render-pipelines.core@645717f21c5f/Editor/Material/AssetReimportUtils.cs:44)
UnityEditor.Rendering.Universal.MaterialReimporter:ReimportAllMaterials () (at ./Library/PackageCache/com.unity.render-pipelines.universal@73b4c4ff130e/Editor/AssetPostProcessors/MaterialPostprocessor.cs:37)
UnityEditor.Rendering.Universal.MaterialReimporter/<>c:<RegisterUpgraderReimport>b__2_0 () (at ./Library/PackageCache/com.unity.render-pipelines.universal@73b4c4ff130e/Editor/AssetPostProcessors/MaterialPostprocessor.cs:76)
UnityEditor.EditorApplication:Internal_CallUpdateFunctions () (at /Users/bokken/build/output/unity/unity/Editor/Mono/EditorApplication.cs:403)

[./Library/PackageCache/com.unity.render-pipelines.universal@73b4c4ff130e/Editor/AssetPostProcessors/MaterialPostprocessor.cs line 37]

Imported 'GUID: e62346cdaa6a24ca788030603a8c4ecf' -> (Import Result ID: 'c94ea0b872b937c77c15b2183e1a7563') in 0.001 seconds [static dependencies only]. Details - ImportResultOutputID=1bf1433a48e2dbb48730ff60aadb1c3d DependenciesID=5fff4eb42268c1150b03df59dd35d5c2 StaticDependenciesID=26dbbebe9a5c5db3fffb46fc11a8df65 
Importing 'GUID: f684c63c0ec624d89b804e31b47f2c48 - Path: Assets/_Project/Art/Candidates/c1-signature-reader-r02/MAT_C1_Reader_Salt.mat' with importer (NativeFormatImporter)
Imported 'GUID: f684c63c0ec624d89b804e31b47f2c48' -> (Import Result ID: 'd2eb1916c57f2596b191847bd327f2cc') in 0.001 seconds [static dependencies only]. Details - ImportResultOutputID=0b3bcae652232103594850489108fd05 DependenciesID=e16730435f8af754d655a0a20fd00210 StaticDependenciesID=c471513b18010203e412e71151cf3cb6 
Importing 'GUID: 57bf06ae75c9546ec9ae660e2f664cb6 - Path: Assets/_Project/Art/Candidates/c1-signature-reader-r02/MAT_C1_Reader_Casting.mat' with importer (NativeFormatImporter)
Imported 'GUID: 57bf06ae75c9546ec9ae660e2f664cb6' -> (Import Result ID: '8cb45a9e4aecd7b917b18b10c64af59d') in 0.000 seconds [static dependencies only]. Details - ImportResultOutputID=4c0ad3a741b5ffb9bda76d51bbafc8d5 DependenciesID=495d3611e1b9b72aa3c0b81a1f021323 StaticDependenciesID=7d9361e10b437e507784d67b93440a2b 
Importing 'GUID: 3830a336d6b7949539f75c8505554565 - Path: Assets/_Project/Art/Candidates/c1-patrol-panel-r01/MAT_C1_Panel_Lamp_Lens.mat' with importer (NativeFormatImporter)
Imported 'GUID: 3830a336d6b7949539f75c8505554565' -> (Import Result ID: '9656416594381c0ae3b227bcf2089415') in 0.001 seconds [static dependencies only]. Details - ImportResultOutputID=c23ce71720bc7d8ec33affcccd83ae1e DependenciesID=78af60918122877a54efa823be9f06b6 StaticDependenciesID=0442f4bfbb95b32113afa2cf6aacf335 
Importing 'GUID: 48f8d7acaad544e07b3e93b339eee744 - Path: Assets/_Project/Art/Candidates/m7-reader-r01/MAT_M7_Reader_Glass.mat' with importer (NativeFormatImporter)
Main Object Name 'Universal Render Pipeline/Lit' does not match filename 'MAT_M7_Reader_Glass'
UnityEngine.Debug:ExtractStackTraceNoAlloc (byte*,int,string)
UnityEngine.StackTraceUtility:ExtractStackTrace () (at /Users/bokken/build/output/unity/unity/Runtime/Export/Scripting/StackTrace.cs:35)
UnityEditor.Rendering.AssetReimportUtils:ReimportAll<UnityEngine.Material> (double&,uint&,System.Func`2<string, bool>) (at ./Library/PackageCache/com.unity.render-pipelines.core@645717f21c5f/Editor/Material/AssetReimportUtils.cs:44)
UnityEditor.Rendering.Universal.MaterialReimporter:ReimportAllMaterials () (at ./Library/PackageCache/com.unity.render-pipelines.universal@73b4c4ff130e/Editor/AssetPostProcessors/MaterialPostprocessor.cs:37)
UnityEditor.Rendering.Universal.MaterialReimporter/<>c:<RegisterUpgraderReimport>b__2_0 () (at ./Library/PackageCache/com.unity.render-pipelines.universal@73b4c4ff130e/Editor/AssetPostProcessors/MaterialPostprocessor.cs:76)
UnityEditor.EditorApplication:Internal_CallUpdateFunctions () (at /Users/bokken/build/output/unity/unity/Editor/Mono/EditorApplication.cs:403)

[./Library/PackageCache/com.unity.render-pipelines.universal@73b4c4ff130e/Editor/AssetPostProcessors/MaterialPostprocessor.cs line 37]

Imported 'GUID: 48f8d7acaad544e07b3e93b339eee744' -> (Import Result ID: '302285657d3b0fdac6bf264746189213') in 0.001 seconds [static dependencies only]. Details - ImportResultOutputID=701109448861a801acd79c2e21c4e289 DependenciesID=a23d9a5336b4b73e64d28d1be8421a5b StaticDependenciesID=5ad13af31dcf6a1922f73c2cffd3ef4c 
Importing 'GUID: 78a08787ca30045abb69f6f7dd878e09 - Path: Packages/com.unity.render-pipelines.universal/Runtime/Materials/FullscreenInvertColors.mat' with importer (NativeFormatImporter)
Imported 'GUID: 78a08787ca30045abb69f6f7dd878e09' -> (Import Result ID: 'a17e50a72b226de0251b3f39ed40fdda') in 0.001 seconds [static dependencies only]. Details - ImportResultOutputID=b2c6610fc71d2fc4d6c15ca7aa1b5385 DependenciesID=885728744ae207e1cecbe88e356720c3 StaticDependenciesID=10acd2d579f25fee8933ce1f85cc508e 
Importing 'GUID: 9875a245ac49007498213638a307faa1 - Path: Packages/com.unity.render-pipelines.universal/Runtime/Materials/SpatialMappingWireframe.mat' with importer (NativeFormatImporter)
Imported 'GUID: 9875a245ac49007498213638a307faa1' -> (Import Result ID: '145179e2fa28e85793b92c1b395855d3') in 0.001 seconds [static dependencies only]. Details - ImportResultOutputID=858fea1279c5a7a55bc08ada24f3e970 DependenciesID=da7fd96638418000ba1b5ad569c70e07 StaticDependenciesID=7fbff6fe52fd32e7f1258da374874994 
Importing 'GUID: c8f897b16934c45c5b1a7ce798cd95ff - Path: Assets/_Project/Art/Candidates/m7-reader-r01/MAT_M7_Reader_Bronze.mat' with importer (NativeFormatImporter)
Main Object Name 'Universal Render Pipeline/Lit' does not match filename 'MAT_M7_Reader_Bronze'
UnityEngine.Debug:ExtractStackTraceNoAlloc (byte*,int,string)
UnityEngine.StackTraceUtility:ExtractStackTrace () (at /Users/bokken/build/output/unity/unity/Runtime/Export/Scripting/StackTrace.cs:35)
UnityEditor.Rendering.AssetReimportUtils:ReimportAll<UnityEngine.Material> (double&,uint&,System.Func`2<string, bool>) (at ./Library/PackageCache/com.unity.render-pipelines.core@645717f21c5f/Editor/Material/AssetReimportUtils.cs:44)
UnityEditor.Rendering.Universal.MaterialReimporter:ReimportAllMaterials () (at ./Library/PackageCache/com.unity.render-pipelines.universal@73b4c4ff130e/Editor/AssetPostProcessors/MaterialPostprocessor.cs:37)
UnityEditor.Rendering.Universal.MaterialReimporter/<>c:<RegisterUpgraderReimport>b__2_0 () (at ./Library/PackageCache/com.unity.render-pipelines.universal@73b4c4ff130e/Editor/AssetPostProcessors/MaterialPostprocessor.cs:76)
UnityEditor.EditorApplication:Internal_CallUpdateFunctions () (at /Users/bokken/build/output/unity/unity/Editor/Mono/EditorApplication.cs:403)

[./Library/PackageCache/com.unity.render-pipelines.universal@73b4c4ff130e/Editor/AssetPostProcessors/MaterialPostprocessor.cs line 37]

Imported 'GUID: c8f897b16934c45c5b1a7ce798cd95ff' -> (Import Result ID: 'cb7cab64ba31e7e6a8872e59068d574b') in 0.001 seconds [static dependencies only]. Details - ImportResultOutputID=a24dd498e2f090f4dd3f4f36d49de864 DependenciesID=ff141b0d692350acc724cc1759298a51 StaticDependenciesID=3a60fe84428c44513b0ca7bfddb92989 
Importing 'GUID: d8878e49849b14154928151a1d4175ae - Path: Assets/_Project/Rendering/Authored-back-wall.mat' with importer (NativeFormatImporter)
Imported 'GUID: d8878e49849b14154928151a1d4175ae' -> (Import Result ID: 'a90e6e1cd88b92e0325b0713e0a206d7') in 0.001 seconds [static dependencies only]. Details - ImportResultOutputID=b71b1ecf8726df39c60ab1031ad9c584 DependenciesID=9daf4685e82d40765cb92a122ebea936 StaticDependenciesID=13fc9351a7e49789604b940dedbdb0aa 
Importing 'GUID: e823cd5b5d27c0f4b8256e7c12ee3e6d - Path: Packages/com.unity.render-pipelines.universal/Runtime/Materials/ParticlesUnlit.mat' with importer (NativeFormatImporter)
Imported 'GUID: e823cd5b5d27c0f4b8256e7c12ee3e6d' -> (Import Result ID: 'e2e7636c5072d5b5523bb694e0667d98') in 0.000 seconds [static dependencies only]. Details - ImportResultOutputID=ba6e0d748306b504634caabe20076a4b DependenciesID=4352b3d1495bf66e0910b18ef3e3fc03 StaticDependenciesID=1bb4dfdd5747feff1a7ebbaecf7f83d3 
Importing 'GUID: 390c8b732442a4ebd98c5cb46e01e81a - Path: Assets/_Project/Art/Candidates/c1-patrol-panel-r01/MAT_C1_Panel_Patina.mat' with importer (NativeFormatImporter)
Imported 'GUID: 390c8b732442a4ebd98c5cb46e01e81a' -> (Import Result ID: '8667c554128e25fe031b20887741a791') in 0.000 seconds [static dependencies only]. Details - ImportResultOutputID=716e869d5e1fe05059e9267fdddb083d DependenciesID=6d512e81d59f6605edb27ed5eb353f79 StaticDependenciesID=dd7e29e9eae73487e0778a382966dc34 
Importing 'GUID: 594ea882c5a793440b60ff72d896021e - Path: Packages/com.unity.render-pipelines.universal/Runtime/Materials/TerrainLit.mat' with importer (NativeFormatImporter)
Imported 'GUID: 594ea882c5a793440b60ff72d896021e' -> (Import Result ID: '9ed7efa14bcea5c1659a81db55ee71b2') in 0.000 seconds [static dependencies only]. Details - ImportResultOutputID=d0f80e2004b33ab7c19f361d4943c903 DependenciesID=a8742496ba99f7f3f35fb018afec4f2b StaticDependenciesID=141838fbb0e2e7cfca1ff94511a24b6c 
Importing 'GUID: 994b64781508f4c6fb8c3136d8584ec3 - Path: Assets/_Project/Art/Candidates/drawer-r03/Tray.mat' with importer (NativeFormatImporter)
Imported 'GUID: 994b64781508f4c6fb8c3136d8584ec3' -> (Import Result ID: '6d4b7447f4590b770144ff3ba4c59caf') in 0.000 seconds [static dependencies only]. Details - ImportResultOutputID=3bf5466e12365badea6038dd9d11bae2 DependenciesID=02c77692527dacac4a8b8c2e37535bc8 StaticDependenciesID=72b93096f7e21ab86d4dcdee32914e35 
Importing 'GUID: a97c105638bdf8b4a8650670310a4cd3 - Path: Packages/com.unity.render-pipelines.universal/Runtime/Materials/Sprite-Lit-Default.mat' with importer (NativeFormatImporter)
Imported 'GUID: a97c105638bdf8b4a8650670310a4cd3' -> (Import Result ID: '21600bb135b46b530ce6e01c51054e5d') in 0.000 seconds [static dependencies only]. Details - ImportResultOutputID=4d25d846adbda412447e5ab6cdc46016 DependenciesID=bc77237cb4042a80300ba98848482794 StaticDependenciesID=cfb8bd1946798f0be8e48eb5a43c7527 
Importing 'GUID: f96821bbefeea864b9b418af4b8615ac - Path: Packages/com.unity.render-pipelines.universal/Editor/SceneTemplates/Materials/White.mat' with importer (NativeFormatImporter)
Imported 'GUID: f96821bbefeea864b9b418af4b8615ac' -> (Import Result ID: '0b642d565043ceafbdcb62e72f3178e0') in 0.000 seconds [static dependencies only]. Details - ImportResultOutputID=c3497ff8a188e644dd017e2b3c28b28f DependenciesID=61e6c953ac64a304e3b8e0ba1f5e79e0 StaticDependenciesID=6fbd06394c6894706261dad64fcc9bcf 
Importing 'GUID: 1a55cfc7be5dd4af28d227c8523c8785 - Path: Assets/_Project/Art/Candidates/c1-patrol-panel-r01/MAT_C1_Panel_Recess.mat' with importer (NativeFormatImporter)
Imported 'GUID: 1a55cfc7be5dd4af28d227c8523c8785' -> (Import Result ID: '2ff3a1800f66afbaab790327bc9a5de0') in 0.001 seconds [static dependencies only]. Details - ImportResultOutputID=290b1219b1419355250e3ca1d6a878c8 DependenciesID=30eea6e887fddea30a11b15933a690a6 StaticDependenciesID=836efebbd82f0e2d250bafc6f33b3217 
Importing 'GUID: 6a1143ee683302f4aa628c052723efc1 - Path: Packages/com.unity.render-pipelines.universal/Runtime/Materials/SimpleLit.mat' with importer (NativeFormatImporter)
Imported 'GUID: 6a1143ee683302f4aa628c052723efc1' -> (Import Result ID: '4d8661cb432ef9a9306b1d088e7f67aa') in 0.000 seconds [static dependencies only]. Details - ImportResultOutputID=dd0f57319beaa6a3770e71c477821489 DependenciesID=08389603dc0b67f8e25089ab799edeb8 StaticDependenciesID=a8f3004dc7a4e6826eaaf2c5130d2a46 
Importing 'GUID: 8a239b3da89050c4e89ac06b168fc684 - Path: Packages/com.unity.render-pipelines.universal/Runtime/RendererFeatures/SurfaceCacheGIRendererFeature/FallbackMaterial.mat' with importer (NativeFormatImporter)
Imported 'GUID: 8a239b3da89050c4e89ac06b168fc684' -> (Import Result ID: 'a586416648d32b76ec4a9ca3bb1b6dc5') in 0.001 seconds [static dependencies only]. Details - ImportResultOutputID=deb64a155508ec0e0658913af6b4152f DependenciesID=4d3cd4314e5a70b53cf29cd967e53fa4 StaticDependenciesID=f5336191b5cbfa94baeb87abfd2af491 
Importing 'GUID: 3b944a56ed26f41c5a1ffe6832a2beaf - Path: Assets/_Project/Art/Candidates/m7-hub-r01/MAT_M7_Hub_SaltConcrete.mat' with importer (NativeFormatImporter)
Imported 'GUID: 3b944a56ed26f41c5a1ffe6832a2beaf' -> (Import Result ID: '97e7cc7903b5aab6dd14e67405cbd394') in 0.000 seconds [static dependencies only]. Details - ImportResultOutputID=783d8b5236e56047804f11b3fe713b68 DependenciesID=be5439892363281809c8dd229f16ae96 StaticDependenciesID=f1c0821b9a2f6f52fc7d9113700f8c06 
Importing 'GUID: 8c40b630d344044449d5ad9e62350f7c - Path: Assets/_Project/Art/Candidates/c1-signature-reader-r01/MAT_C1_Reader_Salt.mat' with importer (NativeFormatImporter)
Main Object Name 'Universal Render Pipeline/Lit' does not match filename 'MAT_C1_Reader_Salt'
UnityEngine.Debug:ExtractStackTraceNoAlloc (byte*,int,string)
UnityEngine.StackTraceUtility:ExtractStackTrace () (at /Users/bokken/build/output/unity/unity/Runtime/Export/Scripting/StackTrace.cs:35)
UnityEditor.Rendering.AssetReimportUtils:ReimportAll<UnityEngine.Material> (double&,uint&,System.Func`2<string, bool>) (at ./Library/PackageCache/com.unity.render-pipelines.core@645717f21c5f/Editor/Material/AssetReimportUtils.cs:44)
UnityEditor.Rendering.Universal.MaterialReimporter:ReimportAllMaterials () (at ./Library/PackageCache/com.unity.render-pipelines.universal@73b4c4ff130e/Editor/AssetPostProcessors/MaterialPostprocessor.cs:37)
UnityEditor.Rendering.Universal.MaterialReimporter/<>c:<RegisterUpgraderReimport>b__2_0 () (at ./Library/PackageCache/com.unity.render-pipelines.universal@73b4c4ff130e/Editor/AssetPostProcessors/MaterialPostprocessor.cs:76)
UnityEditor.EditorApplication:Internal_CallUpdateFunctions () (at /Users/bokken/build/output/unity/unity/Editor/Mono/EditorApplication.cs:403)

[./Library/PackageCache/com.unity.render-pipelines.universal@73b4c4ff130e/Editor/AssetPostProcessors/MaterialPostprocessor.cs line 37]

Imported 'GUID: 8c40b630d344044449d5ad9e62350f7c' -> (Import Result ID: '2aecb6bb82d8d1d3fa494981448681b5') in 0.000 seconds [static dependencies only]. Details - ImportResultOutputID=13a48ace7e6b66f5ba0d8febc0626875 DependenciesID=ea50df716168b888afa1af9880473df5 StaticDependenciesID=7df8748a99d9b6bc7c3196f0e73b86a4 
Importing 'GUID: 4d0e74aed3e674c7cb7cb72be683fef8 - Path: Assets/_Project/Art/Candidates/m7-hub-r01/MAT_M7_Hub_Bronze.mat' with importer (NativeFormatImporter)
Imported 'GUID: 4d0e74aed3e674c7cb7cb72be683fef8' -> (Import Result ID: '2a769d395841ecba1e0219ed22bcb503') in 0.000 seconds [static dependencies only]. Details - ImportResultOutputID=05eb78504ec579ff7e5a28facfbd877f DependenciesID=d26de18a8dace4eed84f2244aebe8b28 StaticDependenciesID=b808180ec2eb8463c023fea013225740 
Importing 'GUID: 7d5432344433848dda15bd897e33fa4b - Path: Assets/_Project/Art/Candidates/c1-patrol-panel-r01/MAT_C1_Panel_Casting.mat' with importer (NativeFormatImporter)
Imported 'GUID: 7d5432344433848dda15bd897e33fa4b' -> (Import Result ID: 'f78ca68ab12ba6bd65c20395aa4edf8c') in 0.000 seconds [static dependencies only]. Details - ImportResultOutputID=47acb770602bd59f4a5744eea4a386fb DependenciesID=ff6af6584b86d7223486eafc10303bc6 StaticDependenciesID=425dfd4d94f66f0d49597eea096f595a 
Importing 'GUID: 9dfc825aed78fcd4ba02077103263b40 - Path: Packages/com.unity.render-pipelines.universal/Runtime/Materials/Sprite-Unlit-Default.mat' with importer (NativeFormatImporter)
Imported 'GUID: 9dfc825aed78fcd4ba02077103263b40' -> (Import Result ID: 'c1ed4856a4a10e67fc36d3b7b8f38178') in 0.000 seconds [static dependencies only]. Details - ImportResultOutputID=78fe86e761db70fc4ac9d72d540b3396 DependenciesID=3eccbfa4dde6b2cd1e31082b9f5c369e StaticDependenciesID=deefa61252fcf6c36dab5e36ce3e3d55 
Importing 'GUID: 5e6b58c4641214ae08b4660ee6a74e2f - Path: Assets/_Project/Rendering/Workbench-right-jamb.mat' with importer (NativeFormatImporter)
Imported 'GUID: 5e6b58c4641214ae08b4660ee6a74e2f' -> (Import Result ID: 'c198977b5c434c3adc2711683e143fd8') in 0.001 seconds [static dependencies only]. Details - ImportResultOutputID=520c19ed8f6547a97f57ea05fa82e04f DependenciesID=32a56210661a7e3f181ff0fcf298fb2f StaticDependenciesID=02cdcb58ad17a90dfd1b5456e0f9eed8 
Importing 'GUID: 4f164ccafb3274b2692e2ce4af702cd3 - Path: Assets/_Project/Art/Candidates/c1-signature-reader-r02/MAT_C1_Reader_Patina.mat' with importer (NativeFormatImporter)
Imported 'GUID: 4f164ccafb3274b2692e2ce4af702cd3' -> (Import Result ID: 'ddb411ab36d38613fb1707bc9c629998') in 0.000 seconds [static dependencies only]. Details - ImportResultOutputID=6dd42ee3e2e9c725397fb62883742819 DependenciesID=4a07052ef3aca443f81ad05df0bc2623 StaticDependenciesID=eb013fd6054c65602372bd36ae92cead 
Importing 'GUID: 4f1ef37ae953c484bbc5d5e4049147e5 - Path: Packages/com.unity.render-pipelines.universal/Editor/SceneTemplates/Materials/Black.mat' with importer (NativeFormatImporter)
Imported 'GUID: 4f1ef37ae953c484bbc5d5e4049147e5' -> (Import Result ID: '586dfbff69667c97114dddc494d84e56') in 0.000 seconds [static dependencies only]. Details - ImportResultOutputID=873834b8009aeb2bcc73b52132c17d33 DependenciesID=adf3d244dad87af1ebb033c3bca80270 StaticDependenciesID=3e62d5cefa7398721f080bb9bd3f6b99 
Importing 'GUID: 9f884f095281f44438f4ab698295286b - Path: Assets/_Project/Art/Candidates/c1-patrol-panel-r01/MAT_C1_Panel_Blank_Paper.mat' with importer (NativeFormatImporter)
Imported 'GUID: 9f884f095281f44438f4ab698295286b' -> (Import Result ID: 'f4a44f5695c81dd8d19c4a0614001667') in 0.000 seconds [static dependencies only]. Details - ImportResultOutputID=d902ab091d3e01664ec08f525ec7c234 DependenciesID=5bf968a971bcd575d4af0c63216ed28f StaticDependenciesID=263f10f3512ca2a5cac3910641885b29 
Importing 'GUID: dfc1369d3aac24222b7d13c6a11c4098 - Path: Assets/_Project/Rendering/Workbench-above-drawer.mat' with importer (NativeFormatImporter)
Imported 'GUID: dfc1369d3aac24222b7d13c6a11c4098' -> (Import Result ID: '4d8fb006f25655c396f6ac1c4fe1962f') in 0.001 seconds [static dependencies only]. Details - ImportResultOutputID=b2b7d3ac77787ab83b22e4fd625b775f DependenciesID=88946754a91be97d85200323aaa4f1d5 StaticDependenciesID=f4532c1cc4c7dc40e8973654362b180e 
Importing 'GUID: 1062c701058745940ae5dca6219c64c8 - Path: Packages/com.unity.searcher/Editor/Resources/FlatSkin/Font/Roboto-Black.ttf' with importer (TrueTypeFontImporter)
Imported 'GUID: 1062c701058745940ae5dca6219c64c8' -> (Import Result ID: 'd94a7f70e952c85f23392d1fd36623ac') in 0.005 seconds [static and dynamic dependencies]. Details - ImportResultOutputID=9643e38588a6b520b7d6d74d8ddbc7b0 DependenciesID=4206cc8ea31c6c127d545394476415d4 StaticDependenciesID=a068adefb7437e142c4277836422e246 
Importing 'GUID: 30dc370b164eefc43b95744fc796dad0 - Path: Packages/com.unity.searcher/Editor/Resources/FlatSkin/Font/Roboto-Regular.ttf' with importer (TrueTypeFontImporter)
Imported 'GUID: 30dc370b164eefc43b95744fc796dad0' -> (Import Result ID: '5bd85d7f52b59d77cd11d8afbe40fad3') in 0.001 seconds [static and dynamic dependencies]. Details - ImportResultOutputID=5485e3afd6d02be6f77bdaf84ca2ae8c DependenciesID=cd8971b772309095d1a04fb911a30d1c StaticDependenciesID=d1c697e188cf8ebab64cdcbf2df88e81 
Importing 'GUID: b2ea3b3f1765e544b9eb5bd1a93a91ce - Path: Packages/com.unity.searcher/Editor/Resources/FlatSkin/Font/Roboto-ThinItalic.ttf' with importer (TrueTypeFontImporter)
Imported 'GUID: b2ea3b3f1765e544b9eb5bd1a93a91ce' -> (Import Result ID: '4316c3719b788b74eaffc26cf3670058') in 0.001 seconds [static and dynamic dependencies]. Details - ImportResultOutputID=77f85e89e3b3bd385cc41d4e8df76463 DependenciesID=bd7fc221a8cc98dd285abb1dc3dc3b02 StaticDependenciesID=acd75a451bd038c4f14a5b871c85b9c7 
Importing 'GUID: a51a3aebb43ac044989270407476b208 - Path: Packages/com.unity.searcher/Editor/Resources/FlatSkin/Font/Roboto-Medium.ttf' with importer (TrueTypeFontImporter)
Imported 'GUID: a51a3aebb43ac044989270407476b208' -> (Import Result ID: '2ab53eec831617b959c4840150c51e5d') in 0.001 seconds [static and dynamic dependencies]. Details - ImportResultOutputID=827d8f5a2b1c64c9b8b1fb4bb85ddc44 DependenciesID=8bd5492fcd8a0cb08a9d23920ba9fe5c StaticDependenciesID=fd5b97934a16e5eb0c7c28a044b10d1c 
Importing 'GUID: 3750c318f40cab44a97d3a81beaefeb3 - Path: Packages/com.unity.searcher/Editor/Resources/FlatSkin/Font/Roboto-Bold.ttf' with importer (TrueTypeFontImporter)
Imported 'GUID: 3750c318f40cab44a97d3a81beaefeb3' -> (Import Result ID: '07760c00ddd55794dce545d63f34c28d') in 0.001 seconds [static and dynamic dependencies]. Details - ImportResultOutputID=c70ec0b032516589bbbb4f45c4b39239 DependenciesID=e4f8c374f98c9bb06012a73328469378 StaticDependenciesID=87ed04847690ff45b292f51936755719 
Importing 'GUID: c839255fc8f6b4b4d90bf8c1af9f9bd1 - Path: Packages/com.unity.searcher/Editor/Resources/FlatSkin/Font/Roboto-Italic.ttf' with importer (TrueTypeFontImporter)
Imported 'GUID: c839255fc8f6b4b4d90bf8c1af9f9bd1' -> (Import Result ID: '68434c29d454bfae1e3ef2d2b679c5c4') in 0.001 seconds [static and dynamic dependencies]. Details - ImportResultOutputID=767826549f068d33dfbc48e8d178e42d DependenciesID=2db4f438ca776a7bd8a4ac455f9571ef StaticDependenciesID=b80268b814688602ca7103afe4299ad3 
Importing 'GUID: 19a9abb883540be48b75b951a927ae03 - Path: Packages/com.unity.searcher/Editor/Resources/FlatSkin/Font/Roboto-Thin.ttf' with importer (TrueTypeFontImporter)
Imported 'GUID: 19a9abb883540be48b75b951a927ae03' -> (Import Result ID: 'df8c555aa7abc2d22e5f57e80102c474') in 0.001 seconds [static and dynamic dependencies]. Details - ImportResultOutputID=8dcc953d39851285ed16de19dfce0bf2 DependenciesID=0cd3811630e13f42c01088aa92bdef6a StaticDependenciesID=54462784bdee8902edd9cf03ead2af8b 
Importing 'GUID: d93c1bc57fdf1ac4dad1bf04fac05464 - Path: Packages/com.unity.searcher/Editor/Resources/FlatSkin/Font/Roboto-MediumItalic.ttf' with importer (TrueTypeFontImporter)
Imported 'GUID: d93c1bc57fdf1ac4dad1bf04fac05464' -> (Import Result ID: 'aca9795abb8e60eeba5c3c970a5d516f') in 0.001 seconds [static and dynamic dependencies]. Details - ImportResultOutputID=95a7c4c07b51dc593b66b740cfae18ee DependenciesID=bd7193e837c5f277fe748c45b10ec982 StaticDependenciesID=69defe29b64dfb1d2093dce9a0deacf4 
Importing 'GUID: f95147a9bab9fe649b8070170fa7ebd2 - Path: Packages/com.unity.searcher/Editor/Resources/FlatSkin/Font/Roboto-BlackItalic.ttf' with importer (TrueTypeFontImporter)
Imported 'GUID: f95147a9bab9fe649b8070170fa7ebd2' -> (Import Result ID: '6a53e45b5ec3d6012f644df32b799f92') in 0.001 seconds [static and dynamic dependencies]. Details - ImportResultOutputID=2755bc48df890a5e726f5580ebcd358d DependenciesID=30d613e5af07dd615238b99f7ff0e8a3 StaticDependenciesID=d8d75c8275b0680364ab088c2aa78c85 
Importing 'GUID: 2a29e27936eb547458f646f71125b264 - Path: Packages/com.unity.searcher/Editor/Resources/FlatSkin/Font/Roboto-Light.ttf' with importer (TrueTypeFontImporter)
Imported 'GUID: 2a29e27936eb547458f646f71125b264' -> (Import Result ID: '53b5ec6e007313514cb86444a05278f7') in 0.001 seconds [static and dynamic dependencies]. Details - ImportResultOutputID=9a7219806a2ef3bdc093d8b5b4563ae6 DependenciesID=174c7311cb82ebf826d1243cbbfc696e StaticDependenciesID=54d1da8099b0c9bb3bb9f3a5f75f62e2 
Importing 'GUID: 5e63515167650a541b309ba3bfd4db3d - Path: Packages/com.unity.searcher/Editor/Resources/FlatSkin/Font/Roboto-LightItalic.ttf' with importer (TrueTypeFontImporter)
Imported 'GUID: 5e63515167650a541b309ba3bfd4db3d' -> (Import Result ID: '58bb6f8c752c948b4a173852f3a827e3') in 0.001 seconds [static and dynamic dependencies]. Details - ImportResultOutputID=0b81ef792175a1d5b7703e993998ec9d DependenciesID=40f0ffcc782582997e71e8c21e5c4ced StaticDependenciesID=c42943919947c079fbb98920ee568244 
Importing 'GUID: dfb97a9307a577a41bcacba34b9a7e32 - Path: Packages/com.unity.searcher/Editor/Resources/FlatSkin/Font/Roboto-BoldItalic.ttf' with importer (TrueTypeFontImporter)
Imported 'GUID: dfb97a9307a577a41bcacba34b9a7e32' -> (Import Result ID: '4532595466f25192a73113020f3101e7') in 0.001 seconds [static and dynamic dependencies]. Details - ImportResultOutputID=0a5f2fe9b9cff7bfd0cdd6b2f8fb0423 DependenciesID=663c08efad3a08cecbbb17265192c332 StaticDependenciesID=3819b09e2fa5afbbd75d2f1e4b56da43 
Importing 'GUID: 2019d78ad3d1c5c4a8d309a857ca449f - Path: Packages/com.unity.shadergraph/GraphTemplates/BuiltIn/BuiltIn Lit Basic.shadergraph' with importer (ScriptedImporter : Unity.ShaderGraph.Editor:UnityEditor.ShaderGraph:ShaderGraphImporter)
Imported 'GUID: 2019d78ad3d1c5c4a8d309a857ca449f' -> (Import Result ID: 'd9a92603311c3b89cbe4a7cef82476e5') in 0.235 seconds [static and dynamic dependencies]. Details - ImportResultOutputID=96bc932922dd366eacb99574b0624d09 DependenciesID=49987e5632fdafe2060362317b2adadd StaticDependenciesID=4678885dffdf435b05af4ccd786011b8 
Importing 'GUID: 30fa68ce467463643a86b839ca0eb195 - Path: Packages/com.unity.render-pipelines.universal/Runtime/Materials/ArnoldStandardSurface/ArnoldStandardSurfaceTransparent.shadergraph' with importer (ScriptedImporter : Unity.ShaderGraph.Editor:UnityEditor.ShaderGraph:ShaderGraphImporter)
Imported 'GUID: 30fa68ce467463643a86b839ca0eb195' -> (Import Result ID: 'e47d1be6f04d16599450a1ab766a02af') in 0.147 seconds [static and dynamic dependencies]. Details - ImportResultOutputID=fdf510c3bd3dcbaa0c2716bcd9cef623 DependenciesID=cacf964a0102951d359e86a8ea806b10 StaticDependenciesID=ec125c6d54ff27f395db2889cea5e6ea 
Importing 'GUID: 80aa867ac363ac043847b06ad71604cd - Path: Packages/com.unity.render-pipelines.universal/Shaders/AutodeskInteractive/AutodeskInteractiveMasked.shadergraph' with importer (ScriptedImporter : Unity.ShaderGraph.Editor:UnityEditor.ShaderGraph:ShaderGraphImporter)
Imported 'GUID: 80aa867ac363ac043847b06ad71604cd' -> (Import Result ID: '6aae96d3bd65803746b0cdc7f998184a') in 0.100 seconds [static and dynamic dependencies]. Details - ImportResultOutputID=875f1c728729569d7e28af4f4b2b35be DependenciesID=782b7c8f1cb1f1e36a8d4a88f9f6aebf StaticDependenciesID=ef0179068972d218a5de872fb5ed9395 
Importing 'GUID: a2407126e3372f64cacb75ed466a5621 - Path: Packages/com.unity.shadergraph/GraphTemplates/Cross Pipeline/0_Lit Basic.shadergraph' with importer (ScriptedImporter : Unity.ShaderGraph.Editor:UnityEditor.ShaderGraph:ShaderGraphImporter)
Imported 'GUID: a2407126e3372f64cacb75ed466a5621' -> (Import Result ID: 'ca6eb954d11414736e1b1ab7aecdeb04') in 0.082 seconds [static and dynamic dependencies]. Details - ImportResultOutputID=c4a63a94d7e6c62979e274f7b2a8ea0e DependenciesID=1be840ff358effa8c391b11604bdd0be StaticDependenciesID=e5c78f6f551ae5c7a6d830fca5d42ef5 
Importing 'GUID: 2476a2d151e824143af40dce1fc93a12 - Path: Packages/com.unity.shadergraph/GraphTemplates/Cross Pipeline/Unlit Simple.shadergraph' with importer (ScriptedImporter : Unity.ShaderGraph.Editor:UnityEditor.ShaderGraph:ShaderGraphImporter)
Imported 'GUID: 2476a2d151e824143af40dce1fc93a12' -> (Import Result ID: 'ef7ab73e5784b3a0b07d1dfedb233acc') in 0.064 seconds [static and dynamic dependencies]. Details - ImportResultOutputID=13a25cefd1a330792330fc5052fd68ce DependenciesID=6cffe9261c4ba31d7de45a75ba7beeb9 StaticDependenciesID=abd02659b872ba2c929ddfd30582e7c1 
Importing 'GUID: 24a73dccd7b6fad4798be282f96a21f4 - Path: Packages/com.unity.render-pipelines.universal/Shaders/2D/VFXSpriteLit.shadergraph' with importer (ScriptedImporter : Unity.ShaderGraph.Editor:UnityEditor.ShaderGraph:ShaderGraphImporter)
Imported 'GUID: 24a73dccd7b6fad4798be282f96a21f4' -> (Import Result ID: 'e5e9b2b77d6500b51b8dddad95603b85') in 0.055 seconds [static and dynamic dependencies]. Details - ImportResultOutputID=685acbb3e08a000267ef0b19f6889abe DependenciesID=ede13853250b5ba93f2a721f1e17e34d StaticDependenciesID=01da44f10b67d495348b6bf51ec52b68 
Importing 'GUID: 44245ab89240f51459a5077d7145c452 - Path: Packages/com.unity.render-pipelines.universal/Runtime/Materials/PhysicalMaterial3DsMax/PhysicalMaterial3DsMax.shadergraph' with importer (ScriptedImporter : Unity.ShaderGraph.Editor:UnityEditor.ShaderGraph:ShaderGraphImporter)
Imported 'GUID: 44245ab89240f51459a5077d7145c452' -> (Import Result ID: '202a4d25b4c0a9d0654473dabfa3fd3f') in 0.096 seconds [static and dynamic dependencies]. Details - ImportResultOutputID=9d2a067c4a54d72e594f39a580521c01 DependenciesID=e06b47ba7fe281bd0b6832c6df9aa2d6 StaticDependenciesID=1bf11a8c2806772238ba64719500e626 
Importing 'GUID: 25a0ebb4827f3cc47a1af2c79005f65b - Path: Packages/com.unity.render-pipelines.universal/Editor/ShaderGraph/GraphTemplates/2D/1_2D Sprite Unlit.shadergraph' with importer (ScriptedImporter : Unity.ShaderGraph.Editor:UnityEditor.ShaderGraph:ShaderGraphImporter)
Imported 'GUID: 25a0ebb4827f3cc47a1af2c79005f65b' -> (Import Result ID: '1251eb284a05a3ec4f1348c561d53a5d') in 0.055 seconds [static and dynamic dependencies]. Details - ImportResultOutputID=f7b07368c9491d284f97617672ac1f5d DependenciesID=4198933a66a7241b2fc07ef9e4204da3 StaticDependenciesID=c806a175f4474ac83eee605dc47db20d 
Importing 'GUID: 9618d41bb71f74048bb6cace8785b93d - Path: Packages/com.unity.shadergraph/GraphTemplates/BuiltIn/BuiltIn Unlit Basic.shadergraph' with importer (ScriptedImporter : Unity.ShaderGraph.Editor:UnityEditor.ShaderGraph:ShaderGraphImporter)
Imported 'GUID: 9618d41bb71f74048bb6cace8785b93d' -> (Import Result ID: '012e407204631d5b4a53c3b73f39ca7d') in 0.045 seconds [static and dynamic dependencies]. Details - ImportResultOutputID=879cc23b19ba07f6fd10130e2de655f0 DependenciesID=4d2f06acbd7f5a2ad83ed57a2cfe823f StaticDependenciesID=73fcfc3dcc7479824c3277841673c3b5 
Importing 'GUID: a680d9a9f8b66514abbfd3ae1c8f77f7 - Path: Packages/com.unity.shadergraph/GraphTemplates/Cross Pipeline/2_Particle Lit.shadergraph' with importer (ScriptedImporter : Unity.ShaderGraph.Editor:UnityEditor.ShaderGraph:ShaderGraphImporter)
Imported 'GUID: a680d9a9f8b66514abbfd3ae1c8f77f7' -> (Import Result ID: '499eacac0d05cba47a5c5710f5950480') in 0.095 seconds [static and dynamic dependencies]. Details - ImportResultOutputID=b2b14b983d1c24ab48d4371d47f9fe66 DependenciesID=1ecaf2e06ad335ebdecfbf4638d590b4 StaticDependenciesID=e1a60a1ce49329edc5eb84acddf7a36f 
Importing 'GUID: 0738648e2f2f84b489a2f0076b69e30a - Path: Packages/com.unity.render-pipelines.universal/Editor/ShaderGraph/GraphTemplates/UITKBasicTemplate.shadergraph' with importer (ScriptedImporter : Unity.ShaderGraph.Editor:UnityEditor.ShaderGraph:ShaderGraphImporter)
Imported 'GUID: 0738648e2f2f84b489a2f0076b69e30a' -> (Import Result ID: '1b8ff7ffedeedb99197b502c72d13437') in 0.036 seconds [static and dynamic dependencies]. Details - ImportResultOutputID=d0e22cd252c10b6f37c1821de346d6a1 DependenciesID=98dc67bc572a4871dbbc68d5ee6e41a0 StaticDependenciesID=78ea1bfff9b088a28efcfa3ae232e3b1 
Importing 'GUID: 1716ff8c1e51af14280cc97fbcba3b11 - Path: Packages/com.unity.shadergraph/GraphTemplates/Cross Pipeline/1_Decal Material Volume.shadergraph' with importer (ScriptedImporter : Unity.ShaderGraph.Editor:UnityEditor.ShaderGraph:ShaderGraphImporter)
Imported 'GUID: 1716ff8c1e51af14280cc97fbcba3b11' -> (Import Result ID: '663826b6f6e72f2c840bef1aae93e853') in 0.089 seconds [static and dynamic dependencies]. Details - ImportResultOutputID=29ead8ab98be63f6938fa3f21eadfd06 DependenciesID=311c564119ba911481806162a7ee5803 StaticDependenciesID=aa69e252e43f6124f182cfc6ca149824 
Importing 'GUID: 3739e562a03fc0b4982d8aa66cc50865 - Path: Packages/com.unity.render-pipelines.universal/Runtime/Materials/ArnoldStandardSurface/ArnoldStandardSurface.shadergraph' with importer (ScriptedImporter : Unity.ShaderGraph.Editor:UnityEditor.ShaderGraph:ShaderGraphImporter)
Imported 'GUID: 3739e562a03fc0b4982d8aa66cc50865' -> (Import Result ID: 'a9e48619c949595ab73bdef12e15e238') in 0.092 seconds [static and dynamic dependencies]. Details - ImportResultOutputID=abbcdc021245286966e8ca500cb028a6 DependenciesID=27916eb736bb771d38ac9f70ab80c9b2 StaticDependenciesID=3b911a81827160879b09d5cc65d9e844 
Importing 'GUID: d7288f66e4fb0634c9afef98c31b722a - Path: Packages/com.unity.render-pipelines.universal/Shaders/2D/VFXSpriteUnlit.shadergraph' with importer (ScriptedImporter : Unity.ShaderGraph.Editor:UnityEditor.ShaderGraph:ShaderGraphImporter)
Imported 'GUID: d7288f66e4fb0634c9afef98c31b722a' -> (Import Result ID: '0238aed08bdadaf8a9c125780fe3b965') in 0.041 seconds [static and dynamic dependencies]. Details - ImportResultOutputID=9cdcfc79199334d521a08e5dbe6dc9f8 DependenciesID=4211a78b1dd9b08c1f02db57a2651c81 StaticDependenciesID=15c2e3a6b370dbc61cb782a5db8c7108 
Importing 'GUID: 39144937a5efe954dac51acbbe54157e - Path: Packages/com.unity.shadergraph/GraphTemplates/Cross Pipeline/0_Decal Simple.shadergraph' with importer (ScriptedImporter : Unity.ShaderGraph.Editor:UnityEditor.ShaderGraph:ShaderGraphImporter)
Imported 'GUID: 39144937a5efe954dac51acbbe54157e' -> (Import Result ID: 'eea205ca7c50c837f7193a7c2eb76f51') in 0.058 seconds [static and dynamic dependencies]. Details - ImportResultOutputID=7ab3c80e7bfffe3da761ad02ccce4f91 DependenciesID=0656c21b47c11cc0e7d315057be2d38f StaticDependenciesID=d26bdc327cad41e76b87df5af76dac38 
Importing 'GUID: 9920c1f1781549a46ba081a2a15a16ec - Path: Packages/com.unity.render-pipelines.universal/Shaders/Nature/SpeedTree8_PBRLit.shadergraph' with importer (ScriptedImporter : Unity.ShaderGraph.Editor:UnityEditor.ShaderGraph:ShaderGraphImporter)
Imported 'GUID: 9920c1f1781549a46ba081a2a15a16ec' -> (Import Result ID: '6f76dc86287633f6b16a7d7a4ce2206e') in 0.214 seconds [static and dynamic dependencies]. Details - ImportResultOutputID=cf5a4c83b650607f3f9deedcbd12dfa4 DependenciesID=f51cadf37606d5b46d70a6ea17fce207 StaticDependenciesID=60a86e320b0fbca27aea67d92a2acdd7 
Importing 'GUID: 1a207e3bee00db44b940e6f362a8e148 - Path: Packages/com.unity.render-pipelines.universal/Runtime/Materials/PhysicalMaterial3DsMax/PhysicalMaterial3DsMaxTransparent.shadergraph' with importer (ScriptedImporter : Unity.ShaderGraph.Editor:UnityEditor.ShaderGraph:ShaderGraphImporter)
Imported 'GUID: 1a207e3bee00db44b940e6f362a8e148' -> (Import Result ID: 'd3aa487b92daf17693279ae1b89f9105') in 0.093 seconds [static and dynamic dependencies]. Details - ImportResultOutputID=63083e49dcca35e3bb9fa6ae4995153e DependenciesID=b6384385a33dd08ae6d80a007b1f4df2 StaticDependenciesID=8bb7b48abe3418a8af34e3fe6ceb572d 
Importing 'GUID: 5a4a765e921b8554eb959f7cf697b3be - Path: Packages/com.unity.shadergraph/GraphTemplates/Cross Pipeline/UGUI Canvas Basic.shadergraph' with importer (ScriptedImporter : Unity.ShaderGraph.Editor:UnityEditor.ShaderGraph:ShaderGraphImporter)
Imported 'GUID: 5a4a765e921b8554eb959f7cf697b3be' -> (Import Result ID: 'e14e174925b310bec6cd81727232f82c') in 0.046 seconds [static and dynamic dependencies]. Details - ImportResultOutputID=5b6a4c4d2df2d610394d5bfce251c86a DependenciesID=9447f0f066a457da93de6d78866612dd StaticDependenciesID=f6fe55309be0c03c721c0de24cdfcf1c 
Importing 'GUID: 9b4e681081e2b4c469111bb649e2f7ee - Path: Packages/com.unity.render-pipelines.universal/Shaders/Decal.shadergraph' with importer (ScriptedImporter : Unity.ShaderGraph.Editor:UnityEditor.ShaderGraph:ShaderGraphImporter)
Imported 'GUID: 9b4e681081e2b4c469111bb649e2f7ee' -> (Import Result ID: 'a2c4286b880083200060bc89670d0bf6') in 0.062 seconds [static and dynamic dependencies]. Details - ImportResultOutputID=e2626e610e25eaea7905472255977b9b DependenciesID=432106255f4d276784e05f61bf02416c StaticDependenciesID=7b9d1375915215e132777e0bbe84783a 
Importing 'GUID: cbd3e1cc4ae141c42a30e33b4d666a61 - Path: Packages/com.unity.render-pipelines.universal/Shaders/Nature/SpeedTree9_URP.shadergraph' with importer (ScriptedImporter : Unity.ShaderGraph.Editor:UnityEditor.ShaderGraph:ShaderGraphImporter)
Imported 'GUID: cbd3e1cc4ae141c42a30e33b4d666a61' -> (Import Result ID: 'b2d4a3b5775a028f614cd9348bd4df17') in 0.154 seconds [static and dynamic dependencies]. Details - ImportResultOutputID=b737bba3f7dcf761e6e8e28179caa8ba DependenciesID=2b02ec11b52a9bd761134da0e1fee36c StaticDependenciesID=4f42e525c40de8b78b5deab5193ff6c2 
Importing 'GUID: fb6390f650ca44a5ba3246d8dda47927 - Path: Packages/com.unity.render-pipelines.universal/Shaders/FullscreenInvertColors.shadergraph' with importer (ScriptedImporter : Unity.ShaderGraph.Editor:UnityEditor.ShaderGraph:ShaderGraphImporter)
Imported 'GUID: fb6390f650ca44a5ba3246d8dda47927' -> (Import Result ID: '450fd44f147bd058ba549f1101e567cf') in 0.038 seconds [static and dynamic dependencies]. Details - ImportResultOutputID=eced909408cba473c0c6dff48b74f257 DependenciesID=08b7f5f5b95265e5e35d056d828b5835 StaticDependenciesID=89e45115cc1b746d926699eb1ffd23d7 
Importing 'GUID: 5c81372d981403744adbdda4433c9c11 - Path: Packages/com.unity.render-pipelines.universal/Shaders/AutodeskInteractive/AutodeskInteractiveTransparent.shadergraph' with importer (ScriptedImporter : Unity.ShaderGraph.Editor:UnityEditor.ShaderGraph:ShaderGraphImporter)
Imported 'GUID: 5c81372d981403744adbdda4433c9c11' -> (Import Result ID: '05a3eef3691185acab87bc29d56802c6') in 0.089 seconds [static and dynamic dependencies]. Details - ImportResultOutputID=fa60802810e80ceb140e4353edf2f109 DependenciesID=8c5c91bddc9d1b7b514fc09561e88f1b StaticDependenciesID=e5149bb4a2ecc6e30dd5ad0e495834c8 
Importing 'GUID: bc3def193b270c649b041063a70a1a1f - Path: Packages/com.unity.render-pipelines.universal/Editor/ShaderGraph/GraphTemplates/Terrain Standard 4 Layers URP.shadergraph' with importer (ScriptedImporter : Unity.ShaderGraph.Editor:UnityEditor.ShaderGraph:ShaderGraphImporter)
Shader 'Hidden/Terrain/Terrain Standard 4 Layers URP': dependency 'AddPassShader' shader 'Hidden/Hidden/Terrain/Terrain Standard 4 Layers URP_AddPass' not found
Shader 'Hidden/Terrain/Terrain Standard 4 Layers URP': dependency 'BaseMapGenShader' shader 'Hidden/Hidden/Terrain/Terrain Standard 4 Layers URP_BaseMapGen' not found
Shader 'Hidden/Terrain/Terrain Standard 4 Layers URP': dependency 'AddPassShader' shader 'Hidden/Hidden/Terrain/Terrain Standard 4 Layers URP_AddPass' not found
Shader 'Hidden/Terrain/Terrain Standard 4 Layers URP': dependency 'BaseMapGenShader' shader 'Hidden/Hidden/Terrain/Terrain Standard 4 Layers URP_BaseMapGen' not found
Imported 'GUID: bc3def193b270c649b041063a70a1a1f' -> (Import Result ID: '0fcb8af7b4ef0d569254076f7b06a753') in 0.291 seconds [static and dynamic dependencies]. Details - ImportResultOutputID=97899721c7bed83af8c2129afbf39157 DependenciesID=d96d4973b4c223abf041dc3ec673ac65 StaticDependenciesID=10e7ee86a0ad2000b90ea8452c24570d 
Importing 'GUID: 9d4e8ca8c5046914c87ca6ccef140dac - Path: Packages/com.unity.shadergraph/GraphTemplates/Cross Pipeline/UGUI Canvas Meter.shadergraph' with importer (ScriptedImporter : Unity.ShaderGraph.Editor:UnityEditor.ShaderGraph:ShaderGraphImporter)
Imported 'GUID: 9d4e8ca8c5046914c87ca6ccef140dac' -> (Import Result ID: '8fdd4cfa8dde69e220be1fc428b3262f') in 0.041 seconds [static and dynamic dependencies]. Details - ImportResultOutputID=a85ca7d3d464d778acdfdf56503a26cc DependenciesID=e182945409a6745f95c25f3da9d0c76d StaticDependenciesID=beb53cc737fa7c6718e7a3017d8d139a 
Importing 'GUID: bde135b320597544b9ac325092409f8b - Path: Packages/com.unity.render-pipelines.universal/Editor/ShaderGraph/GraphTemplates/2D/0_2D Sprite Lit.shadergraph' with importer (ScriptedImporter : Unity.ShaderGraph.Editor:UnityEditor.ShaderGraph:ShaderGraphImporter)
Imported 'GUID: bde135b320597544b9ac325092409f8b' -> (Import Result ID: '4939d1ef8d2a2ab565f4b44e14c2d768') in 0.055 seconds [static and dynamic dependencies]. Details - ImportResultOutputID=bdb617eaf67c020bcfdaaa1d73545ee4 DependenciesID=d481c2742dea29ebe9f5a44d3af27746 StaticDependenciesID=b63e08ec6d974d9105e341105af8abea 
Importing 'GUID: 0e9d5a909a1f7e84882a534d0d11e49f - Path: Packages/com.unity.render-pipelines.universal/Shaders/AutodeskInteractive/AutodeskInteractive.shadergraph' with importer (ScriptedImporter : Unity.ShaderGraph.Editor:UnityEditor.ShaderGraph:ShaderGraphImporter)
Imported 'GUID: 0e9d5a909a1f7e84882a534d0d11e49f' -> (Import Result ID: '643ce7d5a41ab8aace7e94aa7fafe5ee') in 0.084 seconds [static and dynamic dependencies]. Details - ImportResultOutputID=53947bdf01288c0b320a59f942c2c6ea DependenciesID=027b65badef7a6b1e157cf9fbd0e7cbc StaticDependenciesID=80530d7c772dc15f3d5f6f728e1ef4c4 
Importing 'GUID: 3e01bbae25716b24ea9da11102b44902 - Path: Packages/com.unity.render-pipelines.universal/Editor/ShaderGraph/GraphTemplates/UITKFullTemplate.shadergraph' with importer (ScriptedImporter : Unity.ShaderGraph.Editor:UnityEditor.ShaderGraph:ShaderGraphImporter)
Imported 'GUID: 3e01bbae25716b24ea9da11102b44902' -> (Import Result ID: 'd924daaf35c9e0d85a355869b91df011') in 0.031 seconds [static and dynamic dependencies]. Details - ImportResultOutputID=d9faa1e2e9fd545c30702b02d424de13 DependenciesID=4ba1efabb0c84ad213baebe509f6f91b StaticDependenciesID=2fb6094c3843b7dbc1fddf5d90b96416 
Importing 'GUID: 7ef2cf71ad164fe479662ae612dff99e - Path: Packages/com.unity.shadergraph/GraphTemplates/Custom Render Texture.shadergraph' with importer (ScriptedImporter : Unity.ShaderGraph.Editor:UnityEditor.ShaderGraph:ShaderGraphImporter)
Imported 'GUID: 7ef2cf71ad164fe479662ae612dff99e' -> (Import Result ID: 'a723c5db8fa62a53818cd67541b2d1fa') in 0.013 seconds [static and dynamic dependencies]. Details - ImportResultOutputID=b3df83ee37a52094b51eeea9102c39e8 DependenciesID=331807c84a5bc56e6346127e9db24253 StaticDependenciesID=470c4a5daccc58dc1f43a5a8f32e8bde 
Importing 'GUID: aee84ce0dab81b049bb88017d78a63cd - Path: Packages/com.unity.shadergraph/GraphTemplates/Cross Pipeline/1_Lit Full.shadergraph' with importer (ScriptedImporter : Unity.ShaderGraph.Editor:UnityEditor.ShaderGraph:ShaderGraphImporter)
Imported 'GUID: aee84ce0dab81b049bb88017d78a63cd' -> (Import Result ID: '4503caf3e14fbcc6c4f02ac63a7a39ea') in 0.147 seconds [static and dynamic dependencies]. Details - ImportResultOutputID=d2d2c531a7df43a3db8aababffa121f6 DependenciesID=96ca6958ff7767d98139adc53975cf26 StaticDependenciesID=a3176bee206ef45e129501989346e574 
Importing 'GUID: def488a52add6574d9f295a507032cb8 - Path: Packages/com.unity.shadergraph/GraphTemplates/Cross Pipeline/Terrain Simple.shadergraph' with importer (ScriptedImporter : Unity.ShaderGraph.Editor:UnityEditor.ShaderGraph:ShaderGraphImporter)
Shader 'Hidden/Terrain/Terrain Simple': dependency 'AddPassShader' shader 'Hidden/Hidden/Terrain/Terrain Simple_AddPass' not found
Shader 'Hidden/Terrain/Terrain Simple': dependency 'BaseMapGenShader' shader 'Hidden/Hidden/Terrain/Terrain Simple_BaseMapGen' not found
Shader 'Hidden/Terrain/Terrain Simple': dependency 'AddPassShader' shader 'Hidden/Hidden/Terrain/Terrain Simple_AddPass' not found
Shader 'Hidden/Terrain/Terrain Simple': dependency 'BaseMapGenShader' shader 'Hidden/Hidden/Terrain/Terrain Simple_BaseMapGen' not found
Imported 'GUID: def488a52add6574d9f295a507032cb8' -> (Import Result ID: '75925d651d4abb9945145ef2c35c30c6') in 0.191 seconds [static and dynamic dependencies]. Details - ImportResultOutputID=881bce49e37cefd0a202b1b86fcaa5a1 DependenciesID=b897402e4c5529a9c1debd1bce5e4be5 StaticDependenciesID=16face41fb2deb44820d717b1d21effb 
Importing 'GUID: af66091e0eca0c04a9c3584ae867418a - Path: Packages/com.unity.shadergraph/GraphTemplates/Cross Pipeline/0_Particle Unlit.shadergraph' with importer (ScriptedImporter : Unity.ShaderGraph.Editor:UnityEditor.ShaderGraph:ShaderGraphImporter)
Imported 'GUID: af66091e0eca0c04a9c3584ae867418a' -> (Import Result ID: 'e8016724a1932053e0d234980b09e9db') in 0.068 seconds [static and dynamic dependencies]. Details - ImportResultOutputID=f048f4105bb13af09bbfbcbf776bca13 DependenciesID=6a433a49d66234d3ae483810af8ed87c StaticDependenciesID=79152d16fc1aa3f98c94915e1e63d536 
Importing 'GUID: bfad0aba0faa90547b68abd10bb6be86 - Path: Packages/com.unity.render-pipelines.universal/Editor/ShaderGraph/GraphTemplates/2D/2_2D Sprite Custom Lit.shadergraph' with importer (ScriptedImporter : Unity.ShaderGraph.Editor:UnityEditor.ShaderGraph:ShaderGraphImporter)
Imported 'GUID: bfad0aba0faa90547b68abd10bb6be86' -> (Import Result ID: 'ca88914ea2a083d9f0c28ba6dd9f0a80') in 0.059 seconds [static and dynamic dependencies]. Details - ImportResultOutputID=4c021dd8469b0ab5b7b805c3daeb6a30 DependenciesID=9ebeffd9947f20f0044b1cd2d55acb4d StaticDependenciesID=c1be03a2523fd38cc84a35a31a2a4c52 
Importing 'GUID: df41eefe8c13d444ca890dddbbc61f8d - Path: Packages/com.unity.render-pipelines.universal/Editor/ShaderGraph/GraphTemplates/Fullscreen Basic URP.shadergraph' with importer (ScriptedImporter : Unity.ShaderGraph.Editor:UnityEditor.ShaderGraph:ShaderGraphImporter)
Imported 'GUID: df41eefe8c13d444ca890dddbbc61f8d' -> (Import Result ID: '5893cc2ddfcfe82f718572c088805097') in 0.031 seconds [static and dynamic dependencies]. Details - ImportResultOutputID=0e047b47c618441c5a5e7923a58eee53 DependenciesID=8805db6b2f5ecfd2ad80ad65560c33d4 StaticDependenciesID=0bb8ee8885b216542ff1aea72691ba74 
Importing 'GUID: d1c568ccdae3f4e80a7d6dc469115613 - Path: Assets/_Project/Art/Candidates/drawer-r03/Drawer.fbx' with importer (FBXImporter)
Imported 'GUID: d1c568ccdae3f4e80a7d6dc469115613' -> (Import Result ID: 'b59363a4fc1b4cb6d05f02db906fd1f8') in 0.052 seconds [static and dynamic dependencies]. Details - ImportResultOutputID=3e16801d3c3427fe44948d7f479582e5 DependenciesID=51a278512e077c1f6bb7f9d1568cbf35 StaticDependenciesID=03dc95a7ee6b09e74b89b0be98999bcb 
Importing 'GUID: b28fa67a0ff82c5478f27368dc627683 - Path: Packages/com.unity.render-pipelines.core/Runtime/RenderPipelineResources/Mesh/SamplesFixture.fbx' with importer (FBXImporter)
Imported 'GUID: b28fa67a0ff82c5478f27368dc627683' -> (Import Result ID: 'e238036b605dda69803757b3f519fc76') in 0.011 seconds [static and dynamic dependencies]. Details - ImportResultOutputID=5d395ab561e58b8c51658ad190273d11 DependenciesID=75b5c9820343553e627b5d307e01f20e StaticDependenciesID=3687d310f9e3669f3de60e5cdf6a8bb2 
Importing 'GUID: b671e592ff30d4101bf0e9d17e0674a0 - Path: Assets/_Project/Art/Candidates/c1-patrol-panel-r01/Panel.fbx' with importer (FBXImporter)
Imported 'GUID: b671e592ff30d4101bf0e9d17e0674a0' -> (Import Result ID: '26d81b6156cda46cf60fb8ba77150246') in 0.023 seconds [static and dynamic dependencies]. Details - ImportResultOutputID=cb39a2cba328085b79e64a6c271436d3 DependenciesID=e6d445b54620ae132caeca4d07a8da53 StaticDependenciesID=d8ee135e60d0acbfa5649c4a9251eb03 
Importing 'GUID: 98e14afe3f0b14558be1a82afde00925 - Path: Assets/_Project/Art/Candidates/c1-signature-reader-r02/Reader.fbx' with importer (FBXImporter)
Imported 'GUID: 98e14afe3f0b14558be1a82afde00925' -> (Import Result ID: '6a64463db94fdfe2f4d63cf159ce75cc') in 0.025 seconds [static and dynamic dependencies]. Details - ImportResultOutputID=e7a7592c3c70d5fa53883296ab569e66 DependenciesID=e50aa9e8c8f6db43538ef59511e1bb8e StaticDependenciesID=1b410ead28235011c054d0595c6a2593 
Importing 'GUID: 799d38599b39b47b98cb320df2409f70 - Path: Assets/_Project/Art/Candidates/c1-signature-reader-r01/Reader.fbx' with importer (FBXImporter)
Imported 'GUID: 799d38599b39b47b98cb320df2409f70' -> (Import Result ID: '8e87fa142dadb4521e2a55fdb8a492a0') in 0.019 seconds [static and dynamic dependencies]. Details - ImportResultOutputID=c9366f6960ce0a9737f5c9ba1734f4bc DependenciesID=db78b4fa70fd4568ad1011c8214126d9 StaticDependenciesID=d7af2d213d09081ea50ea1883701a83e 
Importing 'GUID: 6b61a6ef877b6496cb6fdc8ca2e6a486 - Path: Assets/_Project/Art/Candidates/hub-greybox.fbx' with importer (FBXImporter)
Imported 'GUID: 6b61a6ef877b6496cb6fdc8ca2e6a486' -> (Import Result ID: 'de136720ecc5ac6d51bd88c40e65ac12') in 0.015 seconds [static and dynamic dependencies]. Details - ImportResultOutputID=9e1dd86aab0d157202915e0a53307159 DependenciesID=8092e337dc28a666f998499694de17cb StaticDependenciesID=a9981fdca0b84221f3987fbf092b8e6a 
Importing 'GUID: 1dbf28c1bb322474d981b2dc555e28b0 - Path: Packages/com.unity.render-pipelines.core/Runtime/RenderPipelineResources/Mesh/SamplesFloorSpotlight.fbx' with importer (FBXImporter)
Imported 'GUID: 1dbf28c1bb322474d981b2dc555e28b0' -> (Import Result ID: 'd1e929aa6bb93e704b7255ea19536e91') in 0.012 seconds [static and dynamic dependencies]. Details - ImportResultOutputID=d5d88a198bf3c1d819db5442daa29044 DependenciesID=0388ff383057da38663bc5c25ad8f78c StaticDependenciesID=3ca6a01504a56e4435e359b1f4a27af2 
Importing 'GUID: 1f1becb186a7e40da9bf88441f3fba66 - Path: Assets/_Project/Art/Candidates/drawer-r01.fbx' with importer (FBXImporter)
Imported 'GUID: 1f1becb186a7e40da9bf88441f3fba66' -> (Import Result ID: 'f1a92a589d57d222e03cd37d08305b70') in 0.011 seconds [static and dynamic dependencies]. Details - ImportResultOutputID=283312a4167630b97ba35a9e30bd963b DependenciesID=8c328ab30cff3ea28b18c9613906d983 StaticDependenciesID=e139260ef7b31820d1fb14513e71e1ee 

Asset Pipeline Refresh (id=275d60d25a95d44768ea3cdd8108e13e): Total: 3.486 seconds - Initiated by StopAssetImportingV2(NoUpdateAssetOptions)
	(Values over 0.05ms)
	Summary:
		Imports: total=113 (actual=109, local cache=4, cache server=0)
		Asset DB Process Time: managed=27 ms, native=3347 ms
		Asset DB Callback time: managed=29 ms, native=82 ms
		Scripting: domain reloads=0, domain reload time=0 ms, compile time=0 ms, other=0 ms
		Project Asset Count: scripts=1123, non-scripts=2037
		Asset File Changes: new=0, changed=0, moved=0, deleted=0
		Scan Filter Count: 150
	ApplyChangesToAssetFolders: 0.073ms
	Scan: 8.290ms
	Collect global state as custom dependencies: 0.099ms
	CategorizeScriptCompilationAssets: 0.088ms
	CategorizeAssets: 0.931ms
	ImportOutOfDateAssets: 3362.610ms (4.998ms without children)
		ImportManagerImport: 3335.763ms (83.065ms without children)
			UpdateCategorizedAssets: 5.560ms
		UnloadImportedAssets: 0.579ms
		ReloadImportedAssets: 4.058ms
		EnsureUptoDateAssetsAreRegisteredWithGuidPM: 0.266ms
		ImportSchedulerStart: 20.971ms
	PostProcessAllAssets: 111.229ms
		ShaderAssetModifiedCallback 76.553ms
		ComputeShaderImportPostprocess 0.241ms
		RaytracingShaderImportPostprocess 0.160ms
		PostProcessCallbackCreateDeferredMaterials 0.116ms
		BlockShaderImporter.PostprocessAllAssets 0.095ms
		SpeedTreeImporter.PostprocessAllAssets 0.086ms
		XRBuildSystem.XRAssetImported 0.078ms
		LocalizationDatabase.AssetDatabasePostprocessCallback 0.050ms
		MonoPostProcessAllAssets: 29.171ms
			ShaderGraphAssetPostProcessor.OnPostprocessAllAssets 6.438ms
			MaterialPostprocessor.OnPostprocessAllAssets 5.735ms
			LocalizationAssetPostProcessor.OnPostprocessAllAssets 3.197ms
			PostProcessor.OnPostprocessAllAssets 1.475ms
			InputActionJsonNameModifierAssetProcessor.OnPostprocessAllAssets 0.873ms
			InputActionAssetPostprocessor.OnPostprocessAllAssets 0.869ms
			AssetPostprocessor.OnPostprocessAllAssets 0.574ms
			TextAssetPostProcessor.OnPostprocessAllAssets 0.226ms
			AssetChangedListener.OnPostprocessAllAssets 0.209ms
			RenderPipelineGlobalSettingsPostprocessor.OnPostprocessAllAssets 0.164ms
			TMPro_TexturePostProcessor.OnPostprocessAllAssets 0.108ms
			SpeedTree9Postprocessor.OnPostprocessAllAssets 0.052ms
	PostAssetChangesProfiler: 0.505ms
	GatherAllCurrentPrimaryImportResultRevisions: 0.099ms
	PersistCurrentRevisions: 0.076ms
	UnloadStreamsEnd: 0.073ms
	Untracked: 2.101ms

Start Indexing on Editor startup
[Indexing] Starting Initial Indexing for Assets
[UnityConnectServicesConfig] config is NOT valid, switching to default
Created GICache directory at /Users/jangyoung/Library/Caches/com.unity3d.UnityEditor/GiCache. Took: 0.005s, timestamps: [10.802 - 10.807]
TrimDiskCacheJob: Current cache size 0mb
info: Microsoft.Hosting.Lifetime[0]
      Application is shutting down...
info: Unity.ILPP.Runner.PostProcessingAssemblyLoadContext[0]
      ALC ILPP context 1 is unloading
