Unity Editor version:    6000.5.6f1 (0e0577a1a2ac)
Branch:                  6000.5/staging
Build type:              Release
Batch mode:              YES
macOS version:           Version 26.3.1 (Build 25D2128)
Darwin version:          25.3.0
Architecture:            arm64
Running under Rosetta:   NO
Available memory:        16384 MB
Date:                    2026-09-10T10:53:14Z
[Licensing::Module] Trying to connect to existing licensing client channel...
[Licensing::IpcConnector] Successfully connected to: "LicenseClient-jangyoung" at "2026-09-10T10:53:14.186605Z"
Launching external process: /Applications/Unity/Hub/Editor/6000.5.6f1/Unity.app/Contents/Helpers/PackageManager/Server/UnityPackageManager

COMMAND LINE ARGUMENTS:
/Applications/Unity/Hub/Editor/6000.5.6f1/Unity.app/Contents/MacOS/Unity
-batchmode
-projectPath
/Users/jangyoung/orca/unknown/unity/Unknown
-runTests
-testPlatform
PlayMode
-testFilter
Tide.Tests.T0ResourceInteractionTests
-testResults
/Users/jangyoung/orca/unknown/_workspace/current/systems/tech-verification/t0-resource-integration-20260910/focused-red.xml
-logFile
/Users/jangyoung/orca/unknown/_workspace/current/systems/tech-verification/t0-resource-integration-20260910/focused-red.log
Successfully changed project path to: /Users/jangyoung/orca/unknown/unity/Unknown
/Users/jangyoung/orca/unknown/unity/Unknown
[Licensing::Client] Handshaking with LicensingClient:
  Version:                 1.18.3+d7ffd15
  Session Id:              bf23886978244f888056ca3411b3c29c
  Correlation Id:          7eff4bd7a42a21a35f828ca90cd3d378
  External correlation Id: 2120529222965832734
  Machine Id:              GDFq97hyJBwslTnyqVIUvhYydXg=
[Licensing::Module] Successfully connected to LicensingClient on channel: "LicenseClient-jangyoung" (connect: 0.00s, validation: 0.03s, handshake: 0.52s)
[UnityMemory] Configuration Parameters - Can be set up in boot.config
    "memorysetup-temp-allocator-size-gi-baking-worker=262144"
    "memorysetup-temp-allocator-size-gi-baking-worker=262144"
    "memorysetup-temp-allocator-size-gi-baking-worker=262144"
    "memorysetup-temp-allocator-size-gi-baking-worker=262144"
    "memorysetup-temp-allocator-size-gi-baking-worker=262144"
    "memorysetup-temp-allocator-size-nav-mesh-worker=65536"
    "memorysetup-temp-allocator-size-audio-worker=65536"
    "memorysetup-temp-allocator-size-cloud-worker=32768"
    "memorysetup-allocator-temp-initial-block-size-main=262144"
    "memorysetup-allocator-temp-initial-block-size-worker=262144"
    "memorysetup-temp-allocator-size-preload-manager=33554432"
    "memorysetup-temp-allocator-size-gfx=262144"
[Licensing::IpcConnector] Successfully connected to: "LicenseClient-jangyoung-notifications" at "2026-09-10T10:53:14.737189Z"
    "memorysetup-temp-allocator-size-background-worker=32768"
    "memorysetup-temp-allocator-size-job-worker=262144"
    "memorysetup-bucket-allocator-granularity=16"
    "memorysetup-bucket-allocator-bucket-count=8"
    "memorysetup-bucket-allocator-block-size=33554432"
[Licensing::Module] Error: Access token is unavailable; failed to update
    "memorysetup-bucket-allocator-block-count=8"
    "memorysetup-main-allocator-block-size=16777216"
    "memorysetup-thread-allocator-block-size=16777216"
    "memorysetup-main-allocator-mimalloc-enabled=0"
    "memorysetup-gfx-main-allocator-block-size=16777216"
    "memorysetup-gfx-thread-allocator-block-size=16777216"
    "memorysetup-cache-allocator-block-size=4194304"
    "memorysetup-typetree-allocator-block-size=2097152"
    "memorysetup-profiler-bucket-allocator-granularity=16"
    "memorysetup-profiler-bucket-allocator-bucket-count=8"
    "memorysetup-profiler-bucket-allocator-block-size=33554432"
    "memorysetup-profiler-bucket-allocator-block-count=8"
    "memorysetup-profiler-allocator-block-size=16777216"
    "memorysetup-profiler-editor-allocator-block-size=1048576"
    "memorysetup-temp-allocator-size-main=16777216"
    "memorysetup-job-temp-allocator-block-size=2097152"
    "memorysetup-job-temp-allocator-block-size-background=1048576"
    "memorysetup-job-temp-allocator-reduction-small-platforms=262144"
Logging is directed to a specific file, skipping project log.[Licensing::Client] Successfully resolved entitlement details
[Licensing::Module] License group:
  Id: 4513980-UnityPersXXXX
  Product: Unity Personal
  Type: Assigned
  Expiration: Unlimited
[Licensing::Client] Successfully updated license, isAsync: True, time: 0.00
[Licensing::Module] Licensing Background thread has ended after 0.57s
Player connection [8594452736]  Target information:

Player connection [8594452736]  * "[IP] 192.168.219.124 [Port] 55505 [Flags] 2 [Guid] 3670692964 [EditorId] 3670692964 [Version] 1048832 [Id] OSXEditor(0,MacBook-Pro-2.local) [Debug] 1 [PackageName] OSXEditor [ProjectName] Editor" 

Player connection [8594452736]  * "[IP] 100.119.58.79 [Port] 55505 [Flags] 2 [Guid] 3670692964 [EditorId] 3670692964 [Version] 1048832 [Id] OSXEditor(0,MacBook-Pro-2.local) [Debug] 1 [PackageName] OSXEditor [ProjectName] Editor" 

Player connection [8594452736] Host joined multi-casting on [225.0.0.222:54997]...
Player connection [8594452736] Host joined alternative multi-casting on [225.0.0.222:34997]...
Input System module state changed to: Initialized.
[Physics::Module] Initialized fallback backend.
[Physics::Module] Id: 0xdecafbad
[Package Manager] Connected to IPC stream "Upm-58476" after 0.5 seconds.
[Licensing::Client] Successfully resolved entitlement details
Library Redirect Path: Library/
[Physics::Module] Selected backend.
[Physics::Module] Name: PhysX
[Physics::Module] Id: 0xf2b8ea05
[Physics::Module] SDK Version: 4.1.2
[Physics::Module] Integration Version: 1.0.0
[Physics::Module] Threading Mode: Multi-Threaded
Artifact Garbage Collection - Removed 1 unused hashed content files
Initialize engine version: 6000.5.6f1 (0e0577a1a2ac)
[Subsystems] Discovering subsystems at path /Applications/Unity/Hub/Editor/6000.5.6f1/Unity.app/Contents/Resources/UnitySubsystems
[Subsystems] Discovering subsystems at path /Users/jangyoung/orca/unknown/unity/Unknown/Assets
GfxDevice: creating device client; kGfxThreadingModeNonThreaded
 preferred device: Apple M2 Pro (high power)
Metal devices available: 1
0: Apple M2 Pro (high power)
Using device Apple M2 Pro (high power)
Initializing Metal device caps: Apple M2 Pro
Mac GPU Family: 2
Apple GPU Family: 8
MSL Version: 3.0
Has Float MSAA: 1
Has Float Filtering: 1
ReadWrite Texture Tier: 2
Initialize mono
Mono path[0] = '/Applications/Unity/Hub/Editor/6000.5.6f1/Unity.app/Contents/Resources/Scripting/Managed'
Mono path[1] = '/Applications/Unity/Hub/Editor/6000.5.6f1/Unity.app/Contents/Resources/Scripting/BCLExtensions/runtime/netstandard2.1'
Mono path[2] = '/Applications/Unity/Hub/Editor/6000.5.6f1/Unity.app/Contents/Resources/Scripting/MonoBleedingEdge/lib/mono/unityjit-macos'
Mono config path = '/Applications/Unity/Hub/Editor/6000.5.6f1/Unity.app/Contents/Resources/Scripting/MonoBleedingEdge/etc'
Using monoOptions --debugger-agent=transport=dt_socket,embedding=1,server=y,suspend=n,address=127.0.0.1:56476
CodeReloadManager initialized
ImportWorker Server TCP listen port: 0
AcceleratorClientConnectionCallback - disconnected - :0
Begin MonoManager ReloadAssembly
Registering precompiled unity dll's ...
Register platform support module: /Applications/Unity/Hub/Editor/6000.5.6f1/PlaybackEngines/WebGLSupport/UnityEditor.WebGL.Extensions.dll
Register platform support module: /Applications/Unity/Hub/Editor/6000.5.6f1/PlaybackEngines/MacStandaloneSupport/UnityEditor.OSXStandalone.Extensions.dll
Registered in 0.001841 seconds.
Native extension for OSXStandalone target not found
Native extension for WebGL target not found
Package Manager log level set to [2]
ScheduleIndexationOnStartup MainProcess:False IndexOnStartup:True
Mono: successfully reloaded assembly
- Finished resetting the current domain, in  0.304 seconds
Domain Reload Profiling: 724ms
	BeginReloadAssembly (117ms)
		CreateAndSetChildDomain (6ms)
	RebuildCommonClasses (4ms)
	RebuildNativeTypeToScriptingClass (19ms)
	initialDomainReloadingComplete (49ms)
	LoadAllAssembliesAndSetupDomain (229ms)
		LoadAssemblies (112ms)
		AnalyzeDomain (174ms)
			TypeCache.Refresh (173ms)
				TypeCache.ScanAssembly (156ms)
	FinalizeReload (306ms)
		SetupLoadedEditorAssemblies (0ms)
			BeforeProcessingInitializeOnLoad (63ms)
			ProcessInitializeOnLoadAttributes (72ms)
			ProcessInitializeOnLoadMethodAttributes (117ms)
[Licensing::Client] Successfully resolved entitlement details
Application.AssetDatabase Initial Refresh Start
[Package Manager] Restoring resolved packages state from cache
[Licensing::Client] Successfully resolved entitlement details
[Package Manager] Registered 55 packages:
  Packages from [https://packages.unity.com]:
    com.unity.inputsystem@1.20.0 (location: /Users/jangyoung/orca/unknown/unity/Unknown/Library/PackageCache/com.unity.inputsystem@7a4e1a2a8194)
    com.unity.localization@1.5.13 (location: /Users/jangyoung/orca/unknown/unity/Unknown/Library/PackageCache/com.unity.localization@ef5a0677859d)
    com.unity.addressables@2.9.1 (location: /Users/jangyoung/orca/unknown/unity/Unknown/Library/PackageCache/com.unity.addressables@8460f1c9c927)
    com.unity.nuget.newtonsoft-json@3.2.2 (location: /Users/jangyoung/orca/unknown/unity/Unknown/Library/PackageCache/com.unity.nuget.newtonsoft-json@4dfd81071c64)
    com.unity.searcher@4.9.4 (location: /Users/jangyoung/orca/unknown/unity/Unknown/Library/PackageCache/com.unity.searcher@d45a78918735)
    com.unity.burst@1.8.29 (location: /Users/jangyoung/orca/unknown/unity/Unknown/Library/PackageCache/com.unity.burst@6bb9aca3ef38)
    com.unity.profiling.core@1.0.3 (location: /Users/jangyoung/orca/unknown/unity/Unknown/Library/PackageCache/com.unity.profiling.core@8a49f7027d06)
    com.unity.scriptablebuildpipeline@2.6.1 (location: /Users/jangyoung/orca/unknown/unity/Unknown/Library/PackageCache/com.unity.scriptablebuildpipeline@36e3b5898ee2)
    com.unity.nuget.mono-cecil@1.11.6 (location: /Users/jangyoung/orca/unknown/unity/Unknown/Library/PackageCache/com.unity.nuget.mono-cecil@ecb9724e46ff)
    com.unity.test-framework.performance@3.5.0 (location: /Users/jangyoung/orca/unknown/unity/Unknown/Library/PackageCache/com.unity.test-framework.performance@8b56083ec0f0)
  Built-in packages:
    com.unity.render-pipelines.universal@17.5.0 (location: /Users/jangyoung/orca/unknown/unity/Unknown/Library/PackageCache/com.unity.render-pipelines.universal@73b4c4ff130e)
    com.unity.test-framework@1.7.0 (location: /Users/jangyoung/orca/unknown/unity/Unknown/Library/PackageCache/com.unity.test-framework@1405238725ab)
    com.unity.ugui@2.5.0 (location: /Users/jangyoung/orca/unknown/unity/Unknown/Library/PackageCache/com.unity.ugui@67707a67a4ab)
    com.unity.modules.accessibility@1.0.0 (location: /Users/jangyoung/orca/unknown/unity/Unknown/Library/PackageCache/com.unity.modules.accessibility)
    com.unity.modules.adaptiveperformance@1.0.0 (location: /Users/jangyoung/orca/unknown/unity/Unknown/Library/PackageCache/com.unity.modules.adaptiveperformance)
    com.unity.modules.ai@1.0.0 (location: /Users/jangyoung/orca/unknown/unity/Unknown/Library/PackageCache/com.unity.modules.ai)
    com.unity.modules.androidjni@1.0.0 (location: /Users/jangyoung/orca/unknown/unity/Unknown/Library/PackageCache/com.unity.modules.androidjni)
    com.unity.modules.animation@1.0.0 (location: /Users/jangyoung/orca/unknown/unity/Unknown/Library/PackageCache/com.unity.modules.animation)
    com.unity.modules.assetbundle@1.0.0 (location: /Users/jangyoung/orca/unknown/unity/Unknown/Library/PackageCache/com.unity.modules.assetbundle)
    com.unity.modules.audio@1.0.0 (location: /Users/jangyoung/orca/unknown/unity/Unknown/Library/PackageCache/com.unity.modules.audio)
    com.unity.modules.cloth@1.0.0 (location: /Users/jangyoung/orca/unknown/unity/Unknown/Library/PackageCache/com.unity.modules.cloth)
    com.unity.modules.director@1.0.0 (location: /Users/jangyoung/orca/unknown/unity/Unknown/Library/PackageCache/com.unity.modules.director)
    com.unity.modules.imageconversion@1.0.0 (location: /Users/jangyoung/orca/unknown/unity/Unknown/Library/PackageCache/com.unity.modules.imageconversion)
    com.unity.modules.imgui@1.0.0 (location: /Users/jangyoung/orca/unknown/unity/Unknown/Library/PackageCache/com.unity.modules.imgui)
    com.unity.modules.jsonserialize@1.0.0 (location: /Users/jangyoung/orca/unknown/unity/Unknown/Library/PackageCache/com.unity.modules.jsonserialize)
    com.unity.modules.particlesystem@1.0.0 (location: /Users/jangyoung/orca/unknown/unity/Unknown/Library/PackageCache/com.unity.modules.particlesystem)
    com.unity.modules.physics@1.0.0 (location: /Users/jangyoung/orca/unknown/unity/Unknown/Library/PackageCache/com.unity.modules.physics)
    com.unity.modules.physics2d@1.0.0 (location: /Users/jangyoung/orca/unknown/unity/Unknown/Library/PackageCache/com.unity.modules.physics2d)
    com.unity.modules.physicscore2d@1.0.0 (location: /Users/jangyoung/orca/unknown/unity/Unknown/Library/PackageCache/com.unity.modules.physicscore2d)
    com.unity.modules.screencapture@1.0.0 (location: /Users/jangyoung/orca/unknown/unity/Unknown/Library/PackageCache/com.unity.modules.screencapture)
    com.unity.modules.terrain@1.0.0 (location: /Users/jangyoung/orca/unknown/unity/Unknown/Library/PackageCache/com.unity.modules.terrain)
    com.unity.modules.terrainphysics@1.0.0 (location: /Users/jangyoung/orca/unknown/unity/Unknown/Library/PackageCache/com.unity.modules.terrainphysics)
    com.unity.modules.tilemap@1.0.0 (location: /Users/jangyoung/orca/unknown/unity/Unknown/Library/PackageCache/com.unity.modules.tilemap)
    com.unity.modules.ui@1.0.0 (location: /Users/jangyoung/orca/unknown/unity/Unknown/Library/PackageCache/com.unity.modules.ui)
    com.unity.modules.uielements@1.0.0 (location: /Users/jangyoung/orca/unknown/unity/Unknown/Library/PackageCache/com.unity.modules.uielements)
    com.unity.modules.umbra@1.0.0 (location: /Users/jangyoung/orca/unknown/unity/Unknown/Library/PackageCache/com.unity.modules.umbra)
    com.unity.modules.unityanalytics@1.0.0 (location: /Users/jangyoung/orca/unknown/unity/Unknown/Library/PackageCache/com.unity.modules.unityanalytics)
    com.unity.modules.unitywebrequest@1.0.0 (location: /Users/jangyoung/orca/unknown/unity/Unknown/Library/PackageCache/com.unity.modules.unitywebrequest)
    com.unity.modules.unitywebrequestassetbundle@1.0.0 (location: /Users/jangyoung/orca/unknown/unity/Unknown/Library/PackageCache/com.unity.modules.unitywebrequestassetbundle)
    com.unity.modules.unitywebrequestaudio@1.0.0 (location: /Users/jangyoung/orca/unknown/unity/Unknown/Library/PackageCache/com.unity.modules.unitywebrequestaudio)
    com.unity.modules.unitywebrequesttexture@1.0.0 (location: /Users/jangyoung/orca/unknown/unity/Unknown/Library/PackageCache/com.unity.modules.unitywebrequesttexture)
    com.unity.modules.unitywebrequestwww@1.0.0 (location: /Users/jangyoung/orca/unknown/unity/Unknown/Library/PackageCache/com.unity.modules.unitywebrequestwww)
    com.unity.modules.vectorgraphics@1.0.0 (location: /Users/jangyoung/orca/unknown/unity/Unknown/Library/PackageCache/com.unity.modules.vectorgraphics)
    com.unity.modules.vehicles@1.0.0 (location: /Users/jangyoung/orca/unknown/unity/Unknown/Library/PackageCache/com.unity.modules.vehicles)
    com.unity.modules.video@1.0.0 (location: /Users/jangyoung/orca/unknown/unity/Unknown/Library/PackageCache/com.unity.modules.video)
    com.unity.modules.wind@1.0.0 (location: /Users/jangyoung/orca/unknown/unity/Unknown/Library/PackageCache/com.unity.modules.wind)
    com.unity.modules.xr@1.0.0 (location: /Users/jangyoung/orca/unknown/unity/Unknown/Library/PackageCache/com.unity.modules.xr)
    com.unity.modules.subsystems@1.0.0 (location: /Users/jangyoung/orca/unknown/unity/Unknown/Library/PackageCache/com.unity.modules.subsystems)
    com.unity.modules.hierarchycore@1.0.0 (location: /Users/jangyoung/orca/unknown/unity/Unknown/Library/PackageCache/com.unity.modules.hierarchycore)
    com.unity.ext.nunit@2.1.0 (location: /Users/jangyoung/orca/unknown/unity/Unknown/Library/PackageCache/com.unity.ext.nunit@44f7d31723bd)
    com.unity.render-pipelines.core@17.5.0 (location: /Users/jangyoung/orca/unknown/unity/Unknown/Library/PackageCache/com.unity.render-pipelines.core@645717f21c5f)
    com.unity.shadergraph@17.5.0 (location: /Users/jangyoung/orca/unknown/unity/Unknown/Library/PackageCache/com.unity.shadergraph@8d7376ec43ee)
    com.unity.render-pipelines.universal-config@17.5.0 (location: /Users/jangyoung/orca/unknown/unity/Unknown/Library/PackageCache/com.unity.render-pipelines.universal-config@fdda01c80fe3)
    com.unity.collections@6.5.0 (location: /Users/jangyoung/orca/unknown/unity/Unknown/Library/PackageCache/com.unity.collections@a43cabe808ca)
    com.unity.mathematics@1.4.0 (location: /Users/jangyoung/orca/unknown/unity/Unknown/Library/PackageCache/com.unity.mathematics@981956d94fb6)
[Subsystems] No new subsystems found in resolved package list.
[Package Manager] Done registering packages in 0.01 seconds
[ScriptCompilation] Requested script compilation because: AssetDatabase observed changes in script compilation related files
info: Microsoft.Hosting.Lifetime[14]
      Now listening on: http://unix:/tmp/ilpp.sock-91ce4cc105a82451580320b8034fc51a
info: Microsoft.Hosting.Lifetime[0]
      Application started. Press Ctrl+C to shut down.
info: Microsoft.Hosting.Lifetime[0]
      Hosting environment: Production
info: Microsoft.Hosting.Lifetime[0]
      Content root path: /Users/jangyoung/orca/unknown/unity/Unknown
info: Microsoft.AspNetCore.Hosting.Diagnostics[1]
      Request starting HTTP/2 POST http://ilpp/UnityILPP.PostProcessing/Ping - application/grpc -
info: Microsoft.AspNetCore.Routing.EndpointMiddleware[0]
      Executing endpoint 'gRPC - /UnityILPP.PostProcessing/Ping'
info: Microsoft.AspNetCore.Routing.EndpointMiddleware[1]
      Executed endpoint 'gRPC - /UnityILPP.PostProcessing/Ping'
info: Microsoft.AspNetCore.Hosting.Diagnostics[2]
      Request finished HTTP/2 POST http://ilpp/UnityILPP.PostProcessing/Ping - 200 - application/grpc 33.9455ms
Starting: /Applications/Unity/Hub/Editor/6000.5.6f1/Unity.app/Contents/Resources/BuildPipeline/bee_backend --ipc --defer-dag-verification --dagfile="Library/Bee/200b0aEDbg.dag" --continue-on-failure --profile="Library/Bee/backend1.traceevents" ScriptAssemblies
WorkingDir: /Users/jangyoung/orca/unknown/unity/Unknown
ExitCode: 4 Duration: 0s26ms
[             ] Require frontend run.  Library/Bee/200b0aEDbg.dag couldn't be loaded
DisplayProgressbar: Compiling Scripts
Starting: /Applications/Unity/Hub/Editor/6000.5.6f1/Unity.app/Contents/Resources/Scripting/netcorerun/netcorerun "/Applications/Unity/Hub/Editor/6000.5.6f1/Unity.app/Contents/Resources/BuildPipeline/ScriptCompilationBuildProgram.exe" "Library/Bee/200b0aEDbg.dag.json" "Library/Bee/200b0aEDbg-inputdata.json" "Library/Bee/buildprogram0.traceevents"
WorkingDir: /Users/jangyoung/orca/unknown/unity/Unknown
ExitCode: 0 Duration: 2s46ms
Starting: /Applications/Unity/Hub/Editor/6000.5.6f1/Unity.app/Contents/Resources/BuildPipeline/bee_backend --ipc --defer-dag-verification --dagfile="Library/Bee/200b0aEDbg.dag" --continue-on-failure --dagfilejson="Library/Bee/200b0aEDbg.dag.json" --profile="Library/Bee/backend2.traceevents" ScriptAssemblies
WorkingDir: /Users/jangyoung/orca/unknown/unity/Unknown
info: Microsoft.AspNetCore.Hosting.Diagnostics[1]
      Request starting HTTP/2 POST http://ilpp/UnityILPP.PostProcessing/ConfigurePostProcessors - application/grpc -
info: Microsoft.AspNetCore.Routing.EndpointMiddleware[0]
      Executing endpoint 'gRPC - /UnityILPP.PostProcessing/ConfigurePostProcessors'
warn: Unity.ILPP.Runner.PostProcessingAssemblyLoadContext[0]
      Assembly system.runtime.interopservices.windowsruntime has duplicate hint path. Ignoring "/Applications/Unity/Hub/Editor/6000.5.6f1/Unity.app/Contents/Resources/Scripting/UnityReferenceAssemblies/unity-4.8-api/Facades/System.Runtime.InteropServices.WindowsRuntime.dll" in favor of "/Applications/Unity/Hub/Editor/6000.5.6f1/Unity.app/Contents/Resources/Scripting/NetStandard/Extensions/2.0.0/System.Runtime.InteropServices.WindowsRuntime.dll"
warn: Unity.ILPP.Runner.PostProcessingAssemblyLoadContext[0]
      Assembly system.componentmodel.composition has duplicate hint path. Ignoring "/Applications/Unity/Hub/Editor/6000.5.6f1/Unity.app/Contents/Resources/Scripting/UnityReferenceAssemblies/unity-4.8-api/System.ComponentModel.Composition.dll" in favor of "/Applications/Unity/Hub/Editor/6000.5.6f1/Unity.app/Contents/Resources/Scripting/NetStandard/compat/2.1.0/shims/netfx/System.ComponentModel.Composition.dll"
info: Unity.ILPP.Runner.PostProcessingAssemblyLoadContext[0]
      Resolved Unity.Burst.Cecil, Version=0.11.6.0, Culture=neutral, PublicKeyToken=50cebf1cceb9d05e with Library/PackageCache/com.unity.burst@6bb9aca3ef38/Unity.Burst.CodeGen/Unity.Burst.Cecil.dll
info: Unity.ILPP.Runner.PostProcessingAssemblyLoadContext[0]
      Resolved Mono.Cecil, Version=0.11.5.0, Culture=neutral, PublicKeyToken=50cebf1cceb9d05e with Library/PackageCache/com.unity.nuget.mono-cecil@ecb9724e46ff/Mono.Cecil.dll
info: Microsoft.AspNetCore.Routing.EndpointMiddleware[1]
      Executed endpoint 'gRPC - /UnityILPP.PostProcessing/ConfigurePostProcessors'
info: Microsoft.AspNetCore.Hosting.Diagnostics[2]
      Request finished HTTP/2 POST http://ilpp/UnityILPP.PostProcessing/ConfigurePostProcessors - 200 - application/grpc 27.2580ms
info: Microsoft.AspNetCore.Hosting.Diagnostics[1]
      Request starting HTTP/2 POST http://ilpp/UnityILPP.PostProcessing/PostProcessAssembly - application/grpc -
info: Microsoft.AspNetCore.Routing.EndpointMiddleware[0]
      Executing endpoint 'gRPC - /UnityILPP.PostProcessing/PostProcessAssembly'
info: Microsoft.AspNetCore.Hosting.Diagnostics[1]
      Request starting HTTP/2 POST http://ilpp/UnityILPP.PostProcessing/PostProcessAssembly - application/grpc -
info: Microsoft.AspNetCore.Hosting.Diagnostics[1]
      Request starting HTTP/2 POST http://ilpp/UnityILPP.PostProcessing/PostProcessAssembly - application/grpc -
info: Microsoft.AspNetCore.Routing.EndpointMiddleware[0]
      Executing endpoint 'gRPC - /UnityILPP.PostProcessing/PostProcessAssembly'
info: Microsoft.AspNetCore.Hosting.Diagnostics[1]
      Request starting HTTP/2 POST http://ilpp/UnityILPP.PostProcessing/PostProcessAssembly - application/grpc -
info: Microsoft.AspNetCore.Routing.EndpointMiddleware[0]
      Executing endpoint 'gRPC - /UnityILPP.PostProcessing/PostProcessAssembly'
info: Microsoft.AspNetCore.Routing.EndpointMiddleware[0]
      Executing endpoint 'gRPC - /UnityILPP.PostProcessing/PostProcessAssembly'
info: Microsoft.AspNetCore.Hosting.Diagnostics[1]
      Request starting HTTP/2 POST http://ilpp/UnityILPP.PostProcessing/PostProcessAssembly - application/grpc -
info: Microsoft.AspNetCore.Routing.EndpointMiddleware[0]
      Executing endpoint 'gRPC - /UnityILPP.PostProcessing/PostProcessAssembly'
info: Microsoft.AspNetCore.Hosting.Diagnostics[1]
      Request starting HTTP/2 POST http://ilpp/UnityILPP.PostProcessing/PostProcessAssembly - application/grpc -
info: Microsoft.AspNetCore.Routing.EndpointMiddleware[0]
      Executing endpoint 'gRPC - /UnityILPP.PostProcessing/PostProcessAssembly'
info: Microsoft.AspNetCore.Hosting.Diagnostics[1]
      Request starting HTTP/2 POST http://ilpp/UnityILPP.PostProcessing/PostProcessAssembly - application/grpc -
info: Microsoft.AspNetCore.Routing.EndpointMiddleware[0]
      Executing endpoint 'gRPC - /UnityILPP.PostProcessing/PostProcessAssembly'
info: Microsoft.AspNetCore.Hosting.Diagnostics[1]
      Request starting HTTP/2 POST http://ilpp/UnityILPP.PostProcessing/PostProcessAssembly - application/grpc -
info: Microsoft.AspNetCore.Routing.EndpointMiddleware[0]
      Executing endpoint 'gRPC - /UnityILPP.PostProcessing/PostProcessAssembly'
info: Unity.ILPP.Runner.PostProcessingPipeline[0]
      Processing assembly Library/Bee/artifacts/200b0aEDbg.dag/Unity.Collections.dll, with 139 defines and 289 references
info: Unity.ILPP.Runner.PostProcessingPipeline[0]
      Processing assembly Library/Bee/artifacts/200b0aEDbg.dag/Unity.Addressables.dll, with 137 defines and 288 references
info: Unity.ILPP.Runner.PostProcessingPipeline[0]
      Processing assembly Library/Bee/artifacts/200b0aEDbg.dag/UnityEngine.UI.dll, with 143 defines and 285 references
info: Unity.ILPP.Runner.PostProcessingPipeline[0]
      processors: Unity.Jobs.CodeGen.JobsILPostProcessor, zzzUnity.Burst.CodeGen.BurstILPostProcessor
info: Unity.ILPP.Runner.PostProcessingPipeline[0]
      processors: Unity.Jobs.CodeGen.JobsILPostProcessor, zzzUnity.Burst.CodeGen.BurstILPostProcessor
info: Unity.ILPP.Runner.PostProcessingPipeline[0]
      processors: Unity.Jobs.CodeGen.JobsILPostProcessor, zzzUnity.Burst.CodeGen.BurstILPostProcessor
info: Unity.ILPP.Runner.PostProcessingPipeline[0]
      running Unity.Jobs.CodeGen.JobsILPostProcessor
info: Unity.ILPP.Runner.PostProcessingPipeline[0]
      running Unity.Jobs.CodeGen.JobsILPostProcessor
info: Microsoft.AspNetCore.Hosting.Diagnostics[1]
      Request starting HTTP/2 POST http://ilpp/UnityILPP.PostProcessing/PostProcessAssembly - application/grpc -
info: Microsoft.AspNetCore.Routing.EndpointMiddleware[0]
      Executing endpoint 'gRPC - /UnityILPP.PostProcessing/PostProcessAssembly'
info: Unity.ILPP.Runner.PostProcessingPipeline[0]
      Processing assembly Library/Bee/artifacts/200b0aEDbg.dag/Unity.InternalAPIEngineBridge.013.dll, with 137 defines and 287 references
info: Unity.ILPP.Runner.PostProcessingPipeline[0]
      processors: Unity.Jobs.CodeGen.JobsILPostProcessor, zzzUnity.Burst.CodeGen.BurstILPostProcessor
info: Unity.ILPP.Runner.PostProcessingPipeline[0]
      running Unity.Jobs.CodeGen.JobsILPostProcessor
info: Unity.ILPP.Runner.PostProcessingPipeline[0]
      running zzzUnity.Burst.CodeGen.BurstILPostProcessor
info: Unity.ILPP.Runner.PostProcessingPipeline[0]
      running zzzUnity.Burst.CodeGen.BurstILPostProcessor
info: Unity.ILPP.Runner.PostProcessingAssemblyLoadContext[0]
      Resolved Unity.Collections, Version=0.0.0.0, Culture=neutral, PublicKeyToken=null with Library/Bee/artifacts/200b0aEDbg.dag/Unity.Collections.dll
info: Unity.ILPP.Runner.PostProcessingPipeline[0]
      Processing assembly Library/Bee/artifacts/200b0aEDbg.dag/Unity.InternalAPIEngineBridge.004.dll, with 137 defines and 287 references
info: Unity.ILPP.Runner.PostProcessingPipeline[0]
      processors: Unity.Jobs.CodeGen.JobsILPostProcessor, zzzUnity.Burst.CodeGen.BurstILPostProcessor
info: Unity.ILPP.Runner.PostProcessingPipeline[0]
      running Unity.Jobs.CodeGen.JobsILPostProcessor
info: Unity.ILPP.Runner.PostProcessingPipeline[0]
      running zzzUnity.Burst.CodeGen.BurstILPostProcessor
info: Unity.ILPP.Runner.PostProcessingPipeline[0]
      Processing assembly Library/Bee/artifacts/200b0aEDbg.dag/Unity.Profiling.Core.dll, with 137 defines and 287 references
info: Unity.ILPP.Runner.PostProcessingPipeline[0]
      processors: Unity.Jobs.CodeGen.JobsILPostProcessor, zzzUnity.Burst.CodeGen.BurstILPostProcessor
info: Unity.ILPP.Runner.PostProcessingPipeline[0]
      Processing assembly Library/Bee/artifacts/200b0aEDbg.dag/Unity.RenderPipelines.Core.ShaderLibrary.dll, with 137 defines and 287 references
info: Unity.ILPP.Runner.PostProcessingPipeline[0]
      processors: Unity.Jobs.CodeGen.JobsILPostProcessor, zzzUnity.Burst.CodeGen.BurstILPostProcessor
info: Unity.ILPP.Runner.PostProcessingPipeline[0]
      running Unity.Jobs.CodeGen.JobsILPostProcessor
info: Unity.ILPP.Runner.PostProcessingPipeline[0]
      running zzzUnity.Burst.CodeGen.BurstILPostProcessor
info: Unity.ILPP.Runner.PostProcessingPipeline[0]
      running Unity.Jobs.CodeGen.JobsILPostProcessor
info: Unity.ILPP.Runner.PostProcessingPipeline[0]
      running zzzUnity.Burst.CodeGen.BurstILPostProcessor
info: Unity.ILPP.Runner.PostProcessingPipeline[0]
      Processing assembly Library/Bee/artifacts/200b0aEDbg.dag/Unity.UnifiedRayTracing.Runtime.dll, with 138 defines and 290 references
info: Unity.ILPP.Runner.PostProcessingPipeline[0]
      processors: Unity.Jobs.CodeGen.JobsILPostProcessor, zzzUnity.Burst.CodeGen.BurstILPostProcessor
info: Unity.ILPP.Runner.PostProcessingPipeline[0]
      running Unity.Jobs.CodeGen.JobsILPostProcessor
info: Unity.ILPP.Runner.PostProcessingPipeline[0]
      running Unity.Jobs.CodeGen.JobsILPostProcessor
info: Unity.ILPP.Runner.PostProcessingPipeline[0]
      running zzzUnity.Burst.CodeGen.BurstILPostProcessor
info: Microsoft.AspNetCore.Routing.EndpointMiddleware[1]
      Executed endpoint 'gRPC - /UnityILPP.PostProcessing/PostProcessAssembly'
info: Microsoft.AspNetCore.Hosting.Diagnostics[2]
      Request finished HTTP/2 POST http://ilpp/UnityILPP.PostProcessing/PostProcessAssembly - 200 - application/grpc 102.0356ms
info: Microsoft.AspNetCore.Routing.EndpointMiddleware[1]
      Executed endpoint 'gRPC - /UnityILPP.PostProcessing/PostProcessAssembly'
info: Microsoft.AspNetCore.Hosting.Diagnostics[2]
      Request finished HTTP/2 POST http://ilpp/UnityILPP.PostProcessing/PostProcessAssembly - 200 - application/grpc 109.7119ms
info: Microsoft.AspNetCore.Routing.EndpointMiddleware[1]
      Executed endpoint 'gRPC - /UnityILPP.PostProcessing/PostProcessAssembly'
info: Microsoft.AspNetCore.Hosting.Diagnostics[2]
      Request finished HTTP/2 POST http://ilpp/UnityILPP.PostProcessing/PostProcessAssembly - 200 - application/grpc 122.1088ms
info: Microsoft.AspNetCore.Routing.EndpointMiddleware[1]
      Executed endpoint 'gRPC - /UnityILPP.PostProcessing/PostProcessAssembly'
info: Microsoft.AspNetCore.Hosting.Diagnostics[2]
      Request finished HTTP/2 POST http://ilpp/UnityILPP.PostProcessing/PostProcessAssembly - 200 - application/grpc 117.1323ms
info: Microsoft.AspNetCore.Routing.EndpointMiddleware[1]
      Executed endpoint 'gRPC - /UnityILPP.PostProcessing/PostProcessAssembly'
info: Microsoft.AspNetCore.Hosting.Diagnostics[2]
      Request finished HTTP/2 POST http://ilpp/UnityILPP.PostProcessing/PostProcessAssembly - 200 - application/grpc 121.7972ms
info: Microsoft.AspNetCore.Routing.EndpointMiddleware[1]
      Executed endpoint 'gRPC - /UnityILPP.PostProcessing/PostProcessAssembly'
info: Microsoft.AspNetCore.Hosting.Diagnostics[2]
      Request finished HTTP/2 POST http://ilpp/UnityILPP.PostProcessing/PostProcessAssembly - 200 - application/grpc 109.5093ms
info: Unity.ILPP.Runner.PostProcessingPipeline[0]
      Processing assembly Library/Bee/artifacts/200b0aEDbg.dag/Unity.InputSystem.dll, with 150 defines and 287 references
info: Unity.ILPP.Runner.PostProcessingPipeline[0]
      processors: Unity.Jobs.CodeGen.JobsILPostProcessor, zzzUnity.Burst.CodeGen.BurstILPostProcessor
info: Unity.ILPP.Runner.PostProcessingPipeline[0]
      running Unity.Jobs.CodeGen.JobsILPostProcessor
info: Unity.ILPP.Runner.PostProcessingPipeline[0]
      running zzzUnity.Burst.CodeGen.BurstILPostProcessor
info: Microsoft.AspNetCore.Routing.EndpointMiddleware[1]
      Executed endpoint 'gRPC - /UnityILPP.PostProcessing/PostProcessAssembly'
info: Microsoft.AspNetCore.Hosting.Diagnostics[2]
      Request finished HTTP/2 POST http://ilpp/UnityILPP.PostProcessing/PostProcessAssembly - 200 - application/grpc 109.9296ms
info: Unity.ILPP.Runner.PostProcessingAssemblyLoadContext[0]
      Resolved UnityEditor.CoreModule, Version=0.0.0.0, Culture=neutral, PublicKeyToken=null with /Applications/Unity/Hub/Editor/6000.5.6f1/Unity.app/Contents/Resources/Scripting/Managed/UnityEngine/UnityEditor.CoreModule.dll
info: Unity.ILPP.Runner.PostProcessingAssemblyLoadContext[0]
      Resolved UnityEngine.CoreModule, Version=0.0.0.0, Culture=neutral, PublicKeyToken=null with /Applications/Unity/Hub/Editor/6000.5.6f1/Unity.app/Contents/Resources/Scripting/Managed/UnityEngine/UnityEngine.CoreModule.dll
info: Unity.ILPP.Runner.PostProcessingAssemblyLoadContext[0]
      Resolved Unity.Scripting, Version=0.0.0.0, Culture=neutral, PublicKeyToken=null with /Applications/Unity/Hub/Editor/6000.5.6f1/Unity.app/Contents/Resources/Scripting/Managed/UnityEngine/Unity.Scripting.dll
info: Unity.ILPP.Runner.PostProcessingAssemblyLoadContext[0]
      Resolved Mono.Cecil.Rocks, Version=0.11.5.0, Culture=neutral, PublicKeyToken=50cebf1cceb9d05e with Library/PackageCache/com.unity.nuget.mono-cecil@ecb9724e46ff/Mono.Cecil.Rocks.dll
info: Microsoft.AspNetCore.Hosting.Diagnostics[1]
      Request starting HTTP/2 POST http://ilpp/UnityILPP.PostProcessing/PostProcessAssembly - application/grpc -
info: Microsoft.AspNetCore.Routing.EndpointMiddleware[0]
      Executing endpoint 'gRPC - /UnityILPP.PostProcessing/PostProcessAssembly'
info: Unity.ILPP.Runner.PostProcessingPipeline[0]
      Processing assembly Library/Bee/artifacts/200b0aEDbg.dag/Unity.InputSystem.ForUI.dll, with 137 defines and 288 references
info: Unity.ILPP.Runner.PostProcessingPipeline[0]
      processors: Unity.Jobs.CodeGen.JobsILPostProcessor, zzzUnity.Burst.CodeGen.BurstILPostProcessor
info: Unity.ILPP.Runner.PostProcessingPipeline[0]
      running Unity.Jobs.CodeGen.JobsILPostProcessor
info: Unity.ILPP.Runner.PostProcessingPipeline[0]
      running zzzUnity.Burst.CodeGen.BurstILPostProcessor
info: Microsoft.AspNetCore.Routing.EndpointMiddleware[1]
      Executed endpoint 'gRPC - /UnityILPP.PostProcessing/PostProcessAssembly'
info: Microsoft.AspNetCore.Hosting.Diagnostics[2]
      Request finished HTTP/2 POST http://ilpp/UnityILPP.PostProcessing/PostProcessAssembly - 200 - application/grpc 5.7550ms
info: Unity.ILPP.Runner.PostProcessingPipeline[0]
      running zzzUnity.Burst.CodeGen.BurstILPostProcessor
info: Unity.ILPP.Runner.PostProcessingPipeline[0]
      running zzzUnity.Burst.CodeGen.BurstILPostProcessor
info: Microsoft.AspNetCore.Hosting.Diagnostics[1]
      Request starting HTTP/2 POST http://ilpp/UnityILPP.PostProcessing/PostProcessAssembly - application/grpc -
info: Microsoft.AspNetCore.Routing.EndpointMiddleware[0]
      Executing endpoint 'gRPC - /UnityILPP.PostProcessing/PostProcessAssembly'
info: Unity.ILPP.Runner.PostProcessingPipeline[0]
      Processing assembly Library/Bee/artifacts/200b0aEDbg.dag/Tide.Input.dll, with 137 defines and 289 references
info: Unity.ILPP.Runner.PostProcessingPipeline[0]
      processors: Unity.Jobs.CodeGen.JobsILPostProcessor, zzzUnity.Burst.CodeGen.BurstILPostProcessor
info: Unity.ILPP.Runner.PostProcessingPipeline[0]
      running Unity.Jobs.CodeGen.JobsILPostProcessor
info: Unity.ILPP.Runner.PostProcessingPipeline[0]
      running zzzUnity.Burst.CodeGen.BurstILPostProcessor
info: Microsoft.AspNetCore.Routing.EndpointMiddleware[1]
      Executed endpoint 'gRPC - /UnityILPP.PostProcessing/PostProcessAssembly'
info: Microsoft.AspNetCore.Hosting.Diagnostics[2]
      Request finished HTTP/2 POST http://ilpp/UnityILPP.PostProcessing/PostProcessAssembly - 200 - application/grpc 21.4257ms
info: Microsoft.AspNetCore.Hosting.Diagnostics[1]
      Request starting HTTP/2 POST http://ilpp/UnityILPP.PostProcessing/PostProcessAssembly - application/grpc -
info: Microsoft.AspNetCore.Routing.EndpointMiddleware[0]
      Executing endpoint 'gRPC - /UnityILPP.PostProcessing/PostProcessAssembly'
info: Unity.ILPP.Runner.PostProcessingPipeline[0]
      Processing assembly Library/Bee/artifacts/200b0aEDbg.dag/Tide.Sim.dll, with 137 defines and 137 references
info: Unity.ILPP.Runner.PostProcessingPipeline[0]
      processors: Unity.Jobs.CodeGen.JobsILPostProcessor, zzzUnity.Burst.CodeGen.BurstILPostProcessor
info: Unity.ILPP.Runner.PostProcessingPipeline[0]
      running Unity.Jobs.CodeGen.JobsILPostProcessor
info: Unity.ILPP.Runner.PostProcessingPipeline[0]
      running zzzUnity.Burst.CodeGen.BurstILPostProcessor
info: Microsoft.AspNetCore.Routing.EndpointMiddleware[1]
      Executed endpoint 'gRPC - /UnityILPP.PostProcessing/PostProcessAssembly'
info: Microsoft.AspNetCore.Hosting.Diagnostics[2]
      Request finished HTTP/2 POST http://ilpp/UnityILPP.PostProcessing/PostProcessAssembly - 200 - application/grpc 1.6852ms
info: Unity.ILPP.Runner.PostProcessingAssemblyLoadContext[0]
      Resolved Unity.Burst.Cecil.Rocks, Version=0.11.6.0, Culture=neutral, PublicKeyToken=50cebf1cceb9d05e with Library/PackageCache/com.unity.burst@6bb9aca3ef38/Unity.Burst.CodeGen/Unity.Burst.Cecil.Rocks.dll
info: Microsoft.AspNetCore.Hosting.Diagnostics[1]
      Request starting HTTP/2 POST http://ilpp/UnityILPP.PostProcessing/PostProcessAssembly - application/grpc -
info: Microsoft.AspNetCore.Routing.EndpointMiddleware[0]
      Executing endpoint 'gRPC - /UnityILPP.PostProcessing/PostProcessAssembly'
info: Microsoft.AspNetCore.Hosting.Diagnostics[1]
      Request starting HTTP/2 POST http://ilpp/UnityILPP.PostProcessing/PostProcessAssembly - application/grpc -
info: Microsoft.AspNetCore.Routing.EndpointMiddleware[0]
      Executing endpoint 'gRPC - /UnityILPP.PostProcessing/PostProcessAssembly'
info: Unity.ILPP.Runner.PostProcessingPipeline[0]
      Processing assembly Library/Bee/artifacts/200b0aEDbg.dag/Unity.PathTracing.Runtime.dll, with 138 defines and 291 references
info: Unity.ILPP.Runner.PostProcessingPipeline[0]
      processors: Unity.Jobs.CodeGen.JobsILPostProcessor, zzzUnity.Burst.CodeGen.BurstILPostProcessor
info: Unity.ILPP.Runner.PostProcessingPipeline[0]
      running Unity.Jobs.CodeGen.JobsILPostProcessor
info: Unity.ILPP.Runner.PostProcessingPipeline[0]
      Processing assembly Library/Bee/artifacts/200b0aEDbg.dag/Unity.RenderPipelines.Universal.2D.Runtime.dll, with 139 defines and 292 references
info: Unity.ILPP.Runner.PostProcessingPipeline[0]
      processors: Unity.Jobs.CodeGen.JobsILPostProcessor, zzzUnity.Burst.CodeGen.BurstILPostProcessor
info: Unity.ILPP.Runner.PostProcessingPipeline[0]
      running Unity.Jobs.CodeGen.JobsILPostProcessor
info: Unity.ILPP.Runner.PostProcessingPipeline[0]
      running zzzUnity.Burst.CodeGen.BurstILPostProcessor
info: Microsoft.AspNetCore.Routing.EndpointMiddleware[1]
      Executed endpoint 'gRPC - /UnityILPP.PostProcessing/PostProcessAssembly'
info: Microsoft.AspNetCore.Hosting.Diagnostics[2]
      Request finished HTTP/2 POST http://ilpp/UnityILPP.PostProcessing/PostProcessAssembly - 200 - application/grpc 720.5385ms
info: Unity.ILPP.Runner.PostProcessingPipeline[0]
      running zzzUnity.Burst.CodeGen.BurstILPostProcessor
info: Microsoft.AspNetCore.Routing.EndpointMiddleware[1]
      Executed endpoint 'gRPC - /UnityILPP.PostProcessing/PostProcessAssembly'
info: Microsoft.AspNetCore.Hosting.Diagnostics[2]
      Request finished HTTP/2 POST http://ilpp/UnityILPP.PostProcessing/PostProcessAssembly - 200 - application/grpc 87.6068ms
info: Microsoft.AspNetCore.Hosting.Diagnostics[1]
      Request starting HTTP/2 POST http://ilpp/UnityILPP.PostProcessing/PostProcessAssembly - application/grpc -
info: Microsoft.AspNetCore.Routing.EndpointMiddleware[0]
      Executing endpoint 'gRPC - /UnityILPP.PostProcessing/PostProcessAssembly'
info: Microsoft.AspNetCore.Hosting.Diagnostics[1]
      Request starting HTTP/2 POST http://ilpp/UnityILPP.PostProcessing/PostProcessAssembly - application/grpc -
info: Microsoft.AspNetCore.Hosting.Diagnostics[1]
      Request starting HTTP/2 POST http://ilpp/UnityILPP.PostProcessing/PostProcessAssembly - application/grpc -
info: Microsoft.AspNetCore.Hosting.Diagnostics[1]
      Request starting HTTP/2 POST http://ilpp/UnityILPP.PostProcessing/PostProcessAssembly - application/grpc -
info: Microsoft.AspNetCore.Routing.EndpointMiddleware[0]
      Executing endpoint 'gRPC - /UnityILPP.PostProcessing/PostProcessAssembly'
info: Microsoft.AspNetCore.Routing.EndpointMiddleware[0]
      Executing endpoint 'gRPC - /UnityILPP.PostProcessing/PostProcessAssembly'
info: Microsoft.AspNetCore.Routing.EndpointMiddleware[0]
      Executing endpoint 'gRPC - /UnityILPP.PostProcessing/PostProcessAssembly'
info: Microsoft.AspNetCore.Hosting.Diagnostics[1]
      Request starting HTTP/2 POST http://ilpp/UnityILPP.PostProcessing/PostProcessAssembly - application/grpc -
info: Microsoft.AspNetCore.Routing.EndpointMiddleware[0]
      Executing endpoint 'gRPC - /UnityILPP.PostProcessing/PostProcessAssembly'
info: Unity.ILPP.Runner.PostProcessingPipeline[0]
      Processing assembly Library/Bee/artifacts/200b0aEDbg.dag/Unity.RenderPipeline.Universal.ShaderLibrary.dll, with 137 defines and 288 references
info: Unity.ILPP.Runner.PostProcessingPipeline[0]
      processors: Unity.Jobs.CodeGen.JobsILPostProcessor, zzzUnity.Burst.CodeGen.BurstILPostProcessor
info: Unity.ILPP.Runner.PostProcessingPipeline[0]
      running Unity.Jobs.CodeGen.JobsILPostProcessor
info: Unity.ILPP.Runner.PostProcessingPipeline[0]
      Processing assembly Library/Bee/artifacts/200b0aEDbg.dag/Unity.RenderPipelines.Universal.Config.Runtime.dll, with 137 defines and 288 references
info: Unity.ILPP.Runner.PostProcessingPipeline[0]
      processors: Unity.Jobs.CodeGen.JobsILPostProcessor, zzzUnity.Burst.CodeGen.BurstILPostProcessor
info: Unity.ILPP.Runner.PostProcessingPipeline[0]
      running zzzUnity.Burst.CodeGen.BurstILPostProcessor
info: Unity.ILPP.Runner.PostProcessingPipeline[0]
      Processing assembly Library/Bee/artifacts/200b0aEDbg.dag/Unity.ResourceManager.dll, with 138 defines and 288 references
info: Unity.ILPP.Runner.PostProcessingPipeline[0]
      processors: Unity.Jobs.CodeGen.JobsILPostProcessor, zzzUnity.Burst.CodeGen.BurstILPostProcessor
info: Unity.ILPP.Runner.PostProcessingPipeline[0]
      Processing assembly Library/Bee/artifacts/200b0aEDbg.dag/Unity.RenderPipelines.GPUDriven.Runtime.dll, with 137 defines and 291 references
info: Unity.ILPP.Runner.PostProcessingPipeline[0]
      processors: Unity.Jobs.CodeGen.JobsILPostProcessor, zzzUnity.Burst.CodeGen.BurstILPostProcessor
info: Unity.ILPP.Runner.PostProcessingPipeline[0]
      running Unity.Jobs.CodeGen.JobsILPostProcessor
info: Unity.ILPP.Runner.PostProcessingPipeline[0]
      running zzzUnity.Burst.CodeGen.BurstILPostProcessor
info: Unity.ILPP.Runner.PostProcessingPipeline[0]
      running Unity.Jobs.CodeGen.JobsILPostProcessor
info: Unity.ILPP.Runner.PostProcessingPipeline[0]
      Processing assembly Library/Bee/artifacts/200b0aEDbg.dag/Unity.SurfaceCache.Runtime.dll, with 137 defines and 291 references
info: Unity.ILPP.Runner.PostProcessingPipeline[0]
      processors: Unity.Jobs.CodeGen.JobsILPostProcessor, zzzUnity.Burst.CodeGen.BurstILPostProcessor
info: Unity.ILPP.Runner.PostProcessingPipeline[0]
      running Unity.Jobs.CodeGen.JobsILPostProcessor
info: Unity.ILPP.Runner.PostProcessingPipeline[0]
      running zzzUnity.Burst.CodeGen.BurstILPostProcessor
info: Unity.ILPP.Runner.PostProcessingPipeline[0]
      running Unity.Jobs.CodeGen.JobsILPostProcessor
info: Unity.ILPP.Runner.PostProcessingPipeline[0]
      running zzzUnity.Burst.CodeGen.BurstILPostProcessor
info: Microsoft.AspNetCore.Routing.EndpointMiddleware[1]
      Executed endpoint 'gRPC - /UnityILPP.PostProcessing/PostProcessAssembly'
info: Microsoft.AspNetCore.Hosting.Diagnostics[2]
      Request finished HTTP/2 POST http://ilpp/UnityILPP.PostProcessing/PostProcessAssembly - 200 - application/grpc 6.6795ms
info: Microsoft.AspNetCore.Routing.EndpointMiddleware[1]
      Executed endpoint 'gRPC - /UnityILPP.PostProcessing/PostProcessAssembly'
info: Microsoft.AspNetCore.Hosting.Diagnostics[2]
      Request finished HTTP/2 POST http://ilpp/UnityILPP.PostProcessing/PostProcessAssembly - 200 - application/grpc 7.2307ms
info: Microsoft.AspNetCore.Routing.EndpointMiddleware[1]
      Executed endpoint 'gRPC - /UnityILPP.PostProcessing/PostProcessAssembly'
info: Microsoft.AspNetCore.Hosting.Diagnostics[2]
      Request finished HTTP/2 POST http://ilpp/UnityILPP.PostProcessing/PostProcessAssembly - 200 - application/grpc 7.3724ms
info: Microsoft.AspNetCore.Routing.EndpointMiddleware[1]
      Executed endpoint 'gRPC - /UnityILPP.PostProcessing/PostProcessAssembly'
info: Microsoft.AspNetCore.Hosting.Diagnostics[2]
      Request finished HTTP/2 POST http://ilpp/UnityILPP.PostProcessing/PostProcessAssembly - 200 - application/grpc 12.7347ms
info: Microsoft.AspNetCore.Hosting.Diagnostics[1]
      Request starting HTTP/2 POST http://ilpp/UnityILPP.PostProcessing/PostProcessAssembly - application/grpc -
info: Microsoft.AspNetCore.Routing.EndpointMiddleware[0]
      Executing endpoint 'gRPC - /UnityILPP.PostProcessing/PostProcessAssembly'
info: Unity.ILPP.Runner.PostProcessingPipeline[0]
      Processing assembly Library/Bee/artifacts/200b0aEDbg.dag/Unity.Localization.dll, with 142 defines and 291 references
info: Unity.ILPP.Runner.PostProcessingPipeline[0]
      processors: Unity.Jobs.CodeGen.JobsILPostProcessor, zzzUnity.Burst.CodeGen.BurstILPostProcessor
info: Unity.ILPP.Runner.PostProcessingPipeline[0]
      running Unity.Jobs.CodeGen.JobsILPostProcessor
info: Unity.ILPP.Runner.PostProcessingPipeline[0]
      running zzzUnity.Burst.CodeGen.BurstILPostProcessor
info: Microsoft.AspNetCore.Routing.EndpointMiddleware[1]
      Executed endpoint 'gRPC - /UnityILPP.PostProcessing/PostProcessAssembly'
info: Microsoft.AspNetCore.Hosting.Diagnostics[2]
      Request finished HTTP/2 POST http://ilpp/UnityILPP.PostProcessing/PostProcessAssembly - 200 - application/grpc 4.4284ms
info: Unity.ILPP.Runner.PostProcessingPipeline[0]
      running zzzUnity.Burst.CodeGen.BurstILPostProcessor
info: Microsoft.AspNetCore.Hosting.Diagnostics[1]
      Request starting HTTP/2 POST http://ilpp/UnityILPP.PostProcessing/PostProcessAssembly - application/grpc -
info: Microsoft.AspNetCore.Hosting.Diagnostics[1]
      Request starting HTTP/2 POST http://ilpp/UnityILPP.PostProcessing/PostProcessAssembly - application/grpc -
info: Microsoft.AspNetCore.Routing.EndpointMiddleware[0]
      Executing endpoint 'gRPC - /UnityILPP.PostProcessing/PostProcessAssembly'
info: Microsoft.AspNetCore.Routing.EndpointMiddleware[0]
      Executing endpoint 'gRPC - /UnityILPP.PostProcessing/PostProcessAssembly'
info: Unity.ILPP.Runner.PostProcessingPipeline[0]
      Processing assembly Library/Bee/artifacts/200b0aEDbg.dag/Unity.RenderPipelines.Universal.Shaders.dll, with 137 defines and 287 references
info: Unity.ILPP.Runner.PostProcessingPipeline[0]
      processors: Unity.Jobs.CodeGen.JobsILPostProcessor, zzzUnity.Burst.CodeGen.BurstILPostProcessor
info: Unity.ILPP.Runner.PostProcessingPipeline[0]
      Processing assembly Library/Bee/artifacts/200b0aEDbg.dag/Tide.Data.dll, with 137 defines and 288 references
info: Unity.ILPP.Runner.PostProcessingPipeline[0]
      processors: Unity.Jobs.CodeGen.JobsILPostProcessor, zzzUnity.Burst.CodeGen.BurstILPostProcessor
info: Unity.ILPP.Runner.PostProcessingPipeline[0]
      running Unity.Jobs.CodeGen.JobsILPostProcessor
info: Unity.ILPP.Runner.PostProcessingPipeline[0]
      running zzzUnity.Burst.CodeGen.BurstILPostProcessor
info: Unity.ILPP.Runner.PostProcessingPipeline[0]
      running Unity.Jobs.CodeGen.JobsILPostProcessor
info: Unity.ILPP.Runner.PostProcessingPipeline[0]
      running zzzUnity.Burst.CodeGen.BurstILPostProcessor
info: Microsoft.AspNetCore.Routing.EndpointMiddleware[1]
      Executed endpoint 'gRPC - /UnityILPP.PostProcessing/PostProcessAssembly'
info: Microsoft.AspNetCore.Routing.EndpointMiddleware[1]
      Executed endpoint 'gRPC - /UnityILPP.PostProcessing/PostProcessAssembly'
info: Microsoft.AspNetCore.Hosting.Diagnostics[2]
      Request finished HTTP/2 POST http://ilpp/UnityILPP.PostProcessing/PostProcessAssembly - 200 - application/grpc 60.6921ms
info: Microsoft.AspNetCore.Hosting.Diagnostics[2]
      Request finished HTTP/2 POST http://ilpp/UnityILPP.PostProcessing/PostProcessAssembly - 200 - application/grpc 60.7355ms
info: Microsoft.AspNetCore.Hosting.Diagnostics[1]
      Request starting HTTP/2 POST http://ilpp/UnityILPP.PostProcessing/PostProcessAssembly - application/grpc -
info: Microsoft.AspNetCore.Routing.EndpointMiddleware[0]
      Executing endpoint 'gRPC - /UnityILPP.PostProcessing/PostProcessAssembly'
info: Unity.ILPP.Runner.PostProcessingPipeline[0]
      Processing assembly Library/Bee/artifacts/200b0aEDbg.dag/Tide.Save.dll, with 137 defines and 288 references
info: Unity.ILPP.Runner.PostProcessingPipeline[0]
      processors: Unity.Jobs.CodeGen.JobsILPostProcessor, zzzUnity.Burst.CodeGen.BurstILPostProcessor
info: Unity.ILPP.Runner.PostProcessingPipeline[0]
      running Unity.Jobs.CodeGen.JobsILPostProcessor
info: Unity.ILPP.Runner.PostProcessingPipeline[0]
      running zzzUnity.Burst.CodeGen.BurstILPostProcessor
info: Microsoft.AspNetCore.Routing.EndpointMiddleware[1]
      Executed endpoint 'gRPC - /UnityILPP.PostProcessing/PostProcessAssembly'
info: Microsoft.AspNetCore.Hosting.Diagnostics[2]
      Request finished HTTP/2 POST http://ilpp/UnityILPP.PostProcessing/PostProcessAssembly - 200 - application/grpc 8.3103ms
info: Microsoft.AspNetCore.Routing.EndpointMiddleware[1]
      Executed endpoint 'gRPC - /UnityILPP.PostProcessing/PostProcessAssembly'
info: Microsoft.AspNetCore.Hosting.Diagnostics[2]
      Request finished HTTP/2 POST http://ilpp/UnityILPP.PostProcessing/PostProcessAssembly - 200 - application/grpc 471.7651ms
info: Microsoft.AspNetCore.Routing.EndpointMiddleware[1]
      Executed endpoint 'gRPC - /UnityILPP.PostProcessing/PostProcessAssembly'
info: Microsoft.AspNetCore.Routing.EndpointMiddleware[1]
      Executed endpoint 'gRPC - /UnityILPP.PostProcessing/PostProcessAssembly'
info: Microsoft.AspNetCore.Hosting.Diagnostics[2]
      Request finished HTTP/2 POST http://ilpp/UnityILPP.PostProcessing/PostProcessAssembly - 200 - application/grpc 1138.0210ms
info: Microsoft.AspNetCore.Hosting.Diagnostics[2]
      Request finished HTTP/2 POST http://ilpp/UnityILPP.PostProcessing/PostProcessAssembly - 200 - application/grpc 320.4782ms
info: Microsoft.AspNetCore.Hosting.Diagnostics[1]
      Request starting HTTP/2 POST http://ilpp/UnityILPP.PostProcessing/PostProcessAssembly - application/grpc -
info: Microsoft.AspNetCore.Routing.EndpointMiddleware[0]
      Executing endpoint 'gRPC - /UnityILPP.PostProcessing/PostProcessAssembly'
info: Microsoft.AspNetCore.Hosting.Diagnostics[1]
      Request starting HTTP/2 POST http://ilpp/UnityILPP.PostProcessing/PostProcessAssembly - application/grpc -
info: Microsoft.AspNetCore.Routing.EndpointMiddleware[0]
      Executing endpoint 'gRPC - /UnityILPP.PostProcessing/PostProcessAssembly'
info: Microsoft.AspNetCore.Hosting.Diagnostics[1]
      Request starting HTTP/2 POST http://ilpp/UnityILPP.PostProcessing/PostProcessAssembly - application/grpc -
info: Microsoft.AspNetCore.Routing.EndpointMiddleware[0]
      Executing endpoint 'gRPC - /UnityILPP.PostProcessing/PostProcessAssembly'
info: Unity.ILPP.Runner.PostProcessingPipeline[0]
      Processing assembly Library/Bee/artifacts/200b0aEDbg.dag/Tide.Tests.Play.dll, with 138 defines and 292 references
info: Unity.ILPP.Runner.PostProcessingPipeline[0]
      processors: Unity.Jobs.CodeGen.JobsILPostProcessor, zzzUnity.Burst.CodeGen.BurstILPostProcessor
info: Unity.ILPP.Runner.PostProcessingPipeline[0]
      running Unity.Jobs.CodeGen.JobsILPostProcessor
info: Unity.ILPP.Runner.PostProcessingPipeline[0]
      running zzzUnity.Burst.CodeGen.BurstILPostProcessor
info: Microsoft.AspNetCore.Routing.EndpointMiddleware[1]
      Executed endpoint 'gRPC - /UnityILPP.PostProcessing/PostProcessAssembly'
info: Microsoft.AspNetCore.Hosting.Diagnostics[2]
      Request finished HTTP/2 POST http://ilpp/UnityILPP.PostProcessing/PostProcessAssembly - 200 - application/grpc 22.4009ms
info: Microsoft.AspNetCore.Hosting.Diagnostics[1]
      Request starting HTTP/2 POST http://ilpp/UnityILPP.PostProcessing/PostProcessAssembly - application/grpc -
info: Microsoft.AspNetCore.Routing.EndpointMiddleware[0]
      Executing endpoint 'gRPC - /UnityILPP.PostProcessing/PostProcessAssembly'
info: Unity.ILPP.Runner.PostProcessingPipeline[0]
      Processing assembly Library/Bee/artifacts/200b0aEDbg.dag/Unity.TextMeshPro.dll, with 138 defines and 288 references
info: Unity.ILPP.Runner.PostProcessingPipeline[0]
      processors: Unity.Jobs.CodeGen.JobsILPostProcessor, zzzUnity.Burst.CodeGen.BurstILPostProcessor
info: Unity.ILPP.Runner.PostProcessingPipeline[0]
      Processing assembly Library/Bee/artifacts/200b0aEDbg.dag/Unity.Burst.dll, with 137 defines and 284 references
info: Unity.ILPP.Runner.PostProcessingPipeline[0]
      processors: Unity.Jobs.CodeGen.JobsILPostProcessor, zzzUnity.Burst.CodeGen.BurstILPostProcessor
info: Microsoft.AspNetCore.Hosting.Diagnostics[1]
      Request starting HTTP/2 POST http://ilpp/UnityILPP.PostProcessing/PostProcessAssembly - application/grpc -
info: Unity.ILPP.Runner.PostProcessingPipeline[0]
      running Unity.Jobs.CodeGen.JobsILPostProcessor
info: Microsoft.AspNetCore.Routing.EndpointMiddleware[0]
      Executing endpoint 'gRPC - /UnityILPP.PostProcessing/PostProcessAssembly'
info: Unity.ILPP.Runner.PostProcessingPipeline[0]
      running zzzUnity.Burst.CodeGen.BurstILPostProcessor
info: Unity.ILPP.Runner.PostProcessingPipeline[0]
      running Unity.Jobs.CodeGen.JobsILPostProcessor
info: Unity.ILPP.Runner.PostProcessingPipeline[0]
      running zzzUnity.Burst.CodeGen.BurstILPostProcessor
info: Unity.ILPP.Runner.PostProcessingPipeline[0]
      Processing assembly Library/Bee/artifacts/200b0aEDbg.dag/Tide.App.dll, with 137 defines and 294 references
info: Unity.ILPP.Runner.PostProcessingPipeline[0]
      processors: Unity.Jobs.CodeGen.JobsILPostProcessor, zzzUnity.Burst.CodeGen.BurstILPostProcessor
info: Unity.ILPP.Runner.PostProcessingPipeline[0]
      running Unity.Jobs.CodeGen.JobsILPostProcessor
info: Unity.ILPP.Runner.PostProcessingPipeline[0]
      running zzzUnity.Burst.CodeGen.BurstILPostProcessor
info: Microsoft.AspNetCore.Hosting.Diagnostics[1]
      Request starting HTTP/2 POST http://ilpp/UnityILPP.PostProcessing/PostProcessAssembly - application/grpc -
info: Microsoft.AspNetCore.Routing.EndpointMiddleware[0]
      Executing endpoint 'gRPC - /UnityILPP.PostProcessing/PostProcessAssembly'
info: Microsoft.AspNetCore.Hosting.Diagnostics[1]
      Request starting HTTP/2 POST http://ilpp/UnityILPP.PostProcessing/PostProcessAssembly - application/grpc -
info: Microsoft.AspNetCore.Routing.EndpointMiddleware[0]
      Executing endpoint 'gRPC - /UnityILPP.PostProcessing/PostProcessAssembly'
info: Microsoft.AspNetCore.Hosting.Diagnostics[1]
      Request starting HTTP/2 POST http://ilpp/UnityILPP.PostProcessing/PostProcessAssembly - application/grpc -
info: Microsoft.AspNetCore.Routing.EndpointMiddleware[0]
      Executing endpoint 'gRPC - /UnityILPP.PostProcessing/PostProcessAssembly'
info: Unity.ILPP.Runner.PostProcessingPipeline[0]
      Processing assembly Library/Bee/artifacts/200b0aEDbg.dag/Tide.Presentation.dll, with 137 defines and 288 references
info: Unity.ILPP.Runner.PostProcessingPipeline[0]
      processors: Unity.Jobs.CodeGen.JobsILPostProcessor, zzzUnity.Burst.CodeGen.BurstILPostProcessor
info: Unity.ILPP.Runner.PostProcessingPipeline[0]
      running Unity.Jobs.CodeGen.JobsILPostProcessor
info: Unity.ILPP.Runner.PostProcessingPipeline[0]
      running zzzUnity.Burst.CodeGen.BurstILPostProcessor
info: Microsoft.AspNetCore.Routing.EndpointMiddleware[1]
      Executed endpoint 'gRPC - /UnityILPP.PostProcessing/PostProcessAssembly'
info: Microsoft.AspNetCore.Hosting.Diagnostics[2]
      Request finished HTTP/2 POST http://ilpp/UnityILPP.PostProcessing/PostProcessAssembly - 200 - application/grpc 41.8879ms
info: Microsoft.AspNetCore.Routing.EndpointMiddleware[1]
      Executed endpoint 'gRPC - /UnityILPP.PostProcessing/PostProcessAssembly'
info: Microsoft.AspNetCore.Hosting.Diagnostics[2]
      Request finished HTTP/2 POST http://ilpp/UnityILPP.PostProcessing/PostProcessAssembly - 200 - application/grpc 32.7852ms
info: Microsoft.AspNetCore.Hosting.Diagnostics[1]
      Request starting HTTP/2 POST http://ilpp/UnityILPP.PostProcessing/PostProcessAssembly - application/grpc -
info: Microsoft.AspNetCore.Routing.EndpointMiddleware[0]
      Executing endpoint 'gRPC - /UnityILPP.PostProcessing/PostProcessAssembly'
info: Unity.ILPP.Runner.PostProcessingPipeline[0]
      Processing assembly Library/Bee/artifacts/200b0aEDbg.dag/Tide.UI.dll, with 137 defines and 289 references
info: Unity.ILPP.Runner.PostProcessingPipeline[0]
      processors: Unity.Jobs.CodeGen.JobsILPostProcessor, zzzUnity.Burst.CodeGen.BurstILPostProcessor
info: Unity.ILPP.Runner.PostProcessingPipeline[0]
      running Unity.Jobs.CodeGen.JobsILPostProcessor
info: Unity.ILPP.Runner.PostProcessingPipeline[0]
      running zzzUnity.Burst.CodeGen.BurstILPostProcessor
info: Unity.ILPP.Runner.PostProcessingPipeline[0]
      Processing assembly Library/Bee/artifacts/200b0aEDbg.dag/Unity.RenderPipelines.Core.Runtime.Shared.dll, with 137 defines and 290 references
info: Unity.ILPP.Runner.PostProcessingPipeline[0]
      processors: Unity.Jobs.CodeGen.JobsILPostProcessor, zzzUnity.Burst.CodeGen.BurstILPostProcessor
info: Microsoft.AspNetCore.Routing.EndpointMiddleware[1]
      Executed endpoint 'gRPC - /UnityILPP.PostProcessing/PostProcessAssembly'
info: Microsoft.AspNetCore.Hosting.Diagnostics[2]
      Request finished HTTP/2 POST http://ilpp/UnityILPP.PostProcessing/PostProcessAssembly - 200 - application/grpc 37.7411ms
info: Unity.ILPP.Runner.PostProcessingPipeline[0]
      running Unity.Jobs.CodeGen.JobsILPostProcessor
info: Unity.ILPP.Runner.PostProcessingPipeline[0]
      Processing assembly Library/Bee/artifacts/200b0aEDbg.dag/Unity.PerformanceTesting.dll, with 138 defines and 282 references
info: Unity.ILPP.Runner.PostProcessingPipeline[0]
      processors: Unity.Jobs.CodeGen.JobsILPostProcessor, zzzUnity.Burst.CodeGen.BurstILPostProcessor
info: Microsoft.AspNetCore.Routing.EndpointMiddleware[1]
      Executed endpoint 'gRPC - /UnityILPP.PostProcessing/PostProcessAssembly'
info: Microsoft.AspNetCore.Hosting.Diagnostics[2]
      Request finished HTTP/2 POST http://ilpp/UnityILPP.PostProcessing/PostProcessAssembly - 200 - application/grpc 22.9525ms
info: Unity.ILPP.Runner.PostProcessingPipeline[0]
      running Unity.Jobs.CodeGen.JobsILPostProcessor
info: Unity.ILPP.Runner.PostProcessingPipeline[0]
      running zzzUnity.Burst.CodeGen.BurstILPostProcessor
info: Microsoft.AspNetCore.Routing.EndpointMiddleware[1]
      Executed endpoint 'gRPC - /UnityILPP.PostProcessing/PostProcessAssembly'
info: Microsoft.AspNetCore.Hosting.Diagnostics[2]
      Request finished HTTP/2 POST http://ilpp/UnityILPP.PostProcessing/PostProcessAssembly - 200 - application/grpc 40.6273ms
info: Unity.ILPP.Runner.PostProcessingPipeline[0]
      Processing assembly Library/Bee/artifacts/200b0aEDbg.dag/Unity.RenderPipelines.Core.Runtime.dll, with 141 defines and 291 references
info: Unity.ILPP.Runner.PostProcessingPipeline[0]
      processors: Unity.Jobs.CodeGen.JobsILPostProcessor, zzzUnity.Burst.CodeGen.BurstILPostProcessor
info: Unity.ILPP.Runner.PostProcessingPipeline[0]
      running Unity.Jobs.CodeGen.JobsILPostProcessor
info: Unity.ILPP.Runner.PostProcessingPipeline[0]
      running zzzUnity.Burst.CodeGen.BurstILPostProcessor
info: Microsoft.AspNetCore.Hosting.Diagnostics[1]
      Request starting HTTP/2 POST http://ilpp/UnityILPP.PostProcessing/PostProcessAssembly - application/grpc -
info: Microsoft.AspNetCore.Routing.EndpointMiddleware[0]
      Executing endpoint 'gRPC - /UnityILPP.PostProcessing/PostProcessAssembly'
info: Microsoft.AspNetCore.Routing.EndpointMiddleware[1]
      Executed endpoint 'gRPC - /UnityILPP.PostProcessing/PostProcessAssembly'
info: Microsoft.AspNetCore.Hosting.Diagnostics[2]
      Request finished HTTP/2 POST http://ilpp/UnityILPP.PostProcessing/PostProcessAssembly - 200 - application/grpc 54.2316ms
info: Unity.ILPP.Runner.PostProcessingPipeline[0]
      Processing assembly Library/Bee/artifacts/200b0aEDbg.dag/Unity.InputSystem.TestFramework.dll, with 139 defines and 284 references
info: Unity.ILPP.Runner.PostProcessingPipeline[0]
      processors: Unity.Jobs.CodeGen.JobsILPostProcessor, zzzUnity.Burst.CodeGen.BurstILPostProcessor
info: Unity.ILPP.Runner.PostProcessingPipeline[0]
      running Unity.Jobs.CodeGen.JobsILPostProcessor
info: Unity.ILPP.Runner.PostProcessingPipeline[0]
      running zzzUnity.Burst.CodeGen.BurstILPostProcessor
info: Microsoft.AspNetCore.Routing.EndpointMiddleware[1]
      Executed endpoint 'gRPC - /UnityILPP.PostProcessing/PostProcessAssembly'
info: Microsoft.AspNetCore.Hosting.Diagnostics[2]
      Request finished HTTP/2 POST http://ilpp/UnityILPP.PostProcessing/PostProcessAssembly - 200 - application/grpc 40.4275ms
info: Unity.ILPP.Runner.PostProcessingPipeline[0]
      running zzzUnity.Burst.CodeGen.BurstILPostProcessor
info: Microsoft.AspNetCore.Routing.EndpointMiddleware[1]
      Executed endpoint 'gRPC - /UnityILPP.PostProcessing/PostProcessAssembly'
info: Microsoft.AspNetCore.Hosting.Diagnostics[2]
      Request finished HTTP/2 POST http://ilpp/UnityILPP.PostProcessing/PostProcessAssembly - 200 - application/grpc 226.4092ms
info: Microsoft.AspNetCore.Routing.EndpointMiddleware[1]
      Executed endpoint 'gRPC - /UnityILPP.PostProcessing/PostProcessAssembly'
info: Microsoft.AspNetCore.Hosting.Diagnostics[2]
      Request finished HTTP/2 POST http://ilpp/UnityILPP.PostProcessing/PostProcessAssembly - 200 - application/grpc 279.3988ms
info: Microsoft.AspNetCore.Hosting.Diagnostics[1]
      Request starting HTTP/2 POST http://ilpp/UnityILPP.PostProcessing/PostProcessAssembly - application/grpc -
info: Microsoft.AspNetCore.Routing.EndpointMiddleware[0]
      Executing endpoint 'gRPC - /UnityILPP.PostProcessing/PostProcessAssembly'
info: Microsoft.AspNetCore.Hosting.Diagnostics[1]
      Request starting HTTP/2 POST http://ilpp/UnityILPP.PostProcessing/PostProcessAssembly - application/grpc -
info: Microsoft.AspNetCore.Routing.EndpointMiddleware[0]
      Executing endpoint 'gRPC - /UnityILPP.PostProcessing/PostProcessAssembly'
info: Unity.ILPP.Runner.PostProcessingPipeline[0]
      Processing assembly Library/Bee/artifacts/200b0aEDbg.dag/Unity.RenderPipelines.ShaderGraph.ShaderGraphLibrary.dll, with 137 defines and 287 references
info: Unity.ILPP.Runner.PostProcessingPipeline[0]
      processors: Unity.Jobs.CodeGen.JobsILPostProcessor, zzzUnity.Burst.CodeGen.BurstILPostProcessor
info: Unity.ILPP.Runner.PostProcessingPipeline[0]
      running Unity.Jobs.CodeGen.JobsILPostProcessor
info: Unity.ILPP.Runner.PostProcessingPipeline[0]
      running zzzUnity.Burst.CodeGen.BurstILPostProcessor
info: Microsoft.AspNetCore.Hosting.Diagnostics[1]
      Request starting HTTP/2 POST http://ilpp/UnityILPP.PostProcessing/PostProcessAssembly - application/grpc -
info: Microsoft.AspNetCore.Routing.EndpointMiddleware[0]
      Executing endpoint 'gRPC - /UnityILPP.PostProcessing/PostProcessAssembly'
info: Microsoft.AspNetCore.Routing.EndpointMiddleware[1]
      Executed endpoint 'gRPC - /UnityILPP.PostProcessing/PostProcessAssembly'
info: Microsoft.AspNetCore.Hosting.Diagnostics[2]
      Request finished HTTP/2 POST http://ilpp/UnityILPP.PostProcessing/PostProcessAssembly - 200 - application/grpc 27.3942ms
info: Unity.ILPP.Runner.PostProcessingPipeline[0]
      Processing assembly Library/Bee/artifacts/200b0aEDbg.dag/Unity.InternalAPIEngineBridge.RenderPipelines.Core.Runtime.Shared.dll, with 137 defines and 287 references
info: Unity.ILPP.Runner.PostProcessingPipeline[0]
      processors: Unity.Jobs.CodeGen.JobsILPostProcessor, zzzUnity.Burst.CodeGen.BurstILPostProcessor
info: Unity.ILPP.Runner.PostProcessingPipeline[0]
      running Unity.Jobs.CodeGen.JobsILPostProcessor
info: Unity.ILPP.Runner.PostProcessingPipeline[0]
      running zzzUnity.Burst.CodeGen.BurstILPostProcessor
info: Unity.ILPP.Runner.PostProcessingPipeline[0]
      Processing assembly Library/Bee/artifacts/200b0aEDbg.dag/Unity.ScriptableBuildPipeline.dll, with 137 defines and 287 references
info: Unity.ILPP.Runner.PostProcessingPipeline[0]
      processors: Unity.Jobs.CodeGen.JobsILPostProcessor, zzzUnity.Burst.CodeGen.BurstILPostProcessor
info: Unity.ILPP.Runner.PostProcessingPipeline[0]
      running Unity.Jobs.CodeGen.JobsILPostProcessor
info: Unity.ILPP.Runner.PostProcessingPipeline[0]
      running zzzUnity.Burst.CodeGen.BurstILPostProcessor
info: Microsoft.AspNetCore.Routing.EndpointMiddleware[1]
      Executed endpoint 'gRPC - /UnityILPP.PostProcessing/PostProcessAssembly'
info: Microsoft.AspNetCore.Hosting.Diagnostics[2]
      Request finished HTTP/2 POST http://ilpp/UnityILPP.PostProcessing/PostProcessAssembly - 200 - application/grpc 35.9267ms
info: Microsoft.AspNetCore.Routing.EndpointMiddleware[1]
      Executed endpoint 'gRPC - /UnityILPP.PostProcessing/PostProcessAssembly'
info: Microsoft.AspNetCore.Hosting.Diagnostics[2]
      Request finished HTTP/2 POST http://ilpp/UnityILPP.PostProcessing/PostProcessAssembly - 200 - application/grpc 40.0925ms
info: Microsoft.AspNetCore.Hosting.Diagnostics[1]
      Request starting HTTP/2 POST http://ilpp/UnityILPP.PostProcessing/PostProcessAssembly - application/grpc -
info: Microsoft.AspNetCore.Routing.EndpointMiddleware[0]
      Executing endpoint 'gRPC - /UnityILPP.PostProcessing/PostProcessAssembly'
info: Microsoft.AspNetCore.Hosting.Diagnostics[1]
      Request starting HTTP/2 POST http://ilpp/UnityILPP.PostProcessing/PostProcessAssembly - application/grpc -
info: Microsoft.AspNetCore.Routing.EndpointMiddleware[0]
      Executing endpoint 'gRPC - /UnityILPP.PostProcessing/PostProcessAssembly'
info: Unity.ILPP.Runner.PostProcessingPipeline[0]
      Processing assembly Library/Bee/artifacts/200b0aEDbg.dag/Unity.Mathematics.dll, with 137 defines and 287 references
info: Unity.ILPP.Runner.PostProcessingPipeline[0]
      processors: Unity.Jobs.CodeGen.JobsILPostProcessor, zzzUnity.Burst.CodeGen.BurstILPostProcessor
info: Unity.ILPP.Runner.PostProcessingPipeline[0]
      running Unity.Jobs.CodeGen.JobsILPostProcessor
info: Unity.ILPP.Runner.PostProcessingPipeline[0]
      running zzzUnity.Burst.CodeGen.BurstILPostProcessor
info: Microsoft.AspNetCore.Hosting.Diagnostics[1]
      Request starting HTTP/2 POST http://ilpp/UnityILPP.PostProcessing/PostProcessAssembly - application/grpc -
info: Microsoft.AspNetCore.Routing.EndpointMiddleware[0]
      Executing endpoint 'gRPC - /UnityILPP.PostProcessing/PostProcessAssembly'
info: Unity.ILPP.Runner.PostProcessingPipeline[0]
      Processing assembly Library/Bee/artifacts/200b0aEDbg.dag/Unity.RenderPipelines.Universal.Runtime.dll, with 143 defines and 297 references
info: Unity.ILPP.Runner.PostProcessingPipeline[0]
      processors: Unity.Jobs.CodeGen.JobsILPostProcessor, zzzUnity.Burst.CodeGen.BurstILPostProcessor
info: Unity.ILPP.Runner.PostProcessingPipeline[0]
      running Unity.Jobs.CodeGen.JobsILPostProcessor
info: Unity.ILPP.Runner.PostProcessingPipeline[0]
      running zzzUnity.Burst.CodeGen.BurstILPostProcessor
info: Microsoft.AspNetCore.Hosting.Diagnostics[1]
      Request starting HTTP/2 POST http://ilpp/UnityILPP.PostProcessing/PostProcessAssembly - application/grpc -
info: Microsoft.AspNetCore.Routing.EndpointMiddleware[0]
      Executing endpoint 'gRPC - /UnityILPP.PostProcessing/PostProcessAssembly'
info: Microsoft.AspNetCore.Routing.EndpointMiddleware[1]
      Executed endpoint 'gRPC - /UnityILPP.PostProcessing/PostProcessAssembly'
info: Microsoft.AspNetCore.Hosting.Diagnostics[2]
      Request finished HTTP/2 POST http://ilpp/UnityILPP.PostProcessing/PostProcessAssembly - 200 - application/grpc 25.0589ms
info: Unity.ILPP.Runner.PostProcessingPipeline[0]
      Processing assembly Library/Bee/artifacts/200b0aEDbg.dag/Unity.Localization.Editor.dll, with 144 defines and 299 references
info: Unity.ILPP.Runner.PostProcessingPipeline[0]
      processors: Unity.Jobs.CodeGen.JobsILPostProcessor, zzzUnity.Burst.CodeGen.BurstILPostProcessor
info: Unity.ILPP.Runner.PostProcessingPipeline[0]
      Processing assembly Library/Bee/artifacts/200b0aEDbg.dag/Unity.InternalAPIEditorBridge.013.dll, with 138 defines and 296 references
info: Unity.ILPP.Runner.PostProcessingPipeline[0]
      processors: Unity.Jobs.CodeGen.JobsILPostProcessor, zzzUnity.Burst.CodeGen.BurstILPostProcessor
info: Unity.ILPP.Runner.PostProcessingPipeline[0]
      running Unity.Jobs.CodeGen.JobsILPostProcessor
info: Unity.ILPP.Runner.PostProcessingPipeline[0]
      running zzzUnity.Burst.CodeGen.BurstILPostProcessor
info: Unity.ILPP.Runner.PostProcessingPipeline[0]
      running Unity.Jobs.CodeGen.JobsILPostProcessor
info: Unity.ILPP.Runner.PostProcessingPipeline[0]
      running zzzUnity.Burst.CodeGen.BurstILPostProcessor
info: Microsoft.AspNetCore.Hosting.Diagnostics[1]
      Request starting HTTP/2 POST http://ilpp/UnityILPP.PostProcessing/PostProcessAssembly - application/grpc -
info: Microsoft.AspNetCore.Routing.EndpointMiddleware[0]
      Executing endpoint 'gRPC - /UnityILPP.PostProcessing/PostProcessAssembly'
info: Microsoft.AspNetCore.Routing.EndpointMiddleware[1]
      Executed endpoint 'gRPC - /UnityILPP.PostProcessing/PostProcessAssembly'
info: Microsoft.AspNetCore.Hosting.Diagnostics[2]
      Request finished HTTP/2 POST http://ilpp/UnityILPP.PostProcessing/PostProcessAssembly - 200 - application/grpc 9.5640ms
info: Microsoft.AspNetCore.Routing.EndpointMiddleware[1]
      Executed endpoint 'gRPC - /UnityILPP.PostProcessing/PostProcessAssembly'
info: Microsoft.AspNetCore.Hosting.Diagnostics[2]
      Request finished HTTP/2 POST http://ilpp/UnityILPP.PostProcessing/PostProcessAssembly - 200 - application/grpc 14.6597ms
info: Unity.ILPP.Runner.PostProcessingPipeline[0]
      Processing assembly Library/Bee/artifacts/200b0aEDbg.dag/Tide.EditorTools.dll, with 135 defines and 305 references
info: Unity.ILPP.Runner.PostProcessingPipeline[0]
      processors: Unity.Jobs.CodeGen.JobsILPostProcessor, zzzUnity.Burst.CodeGen.BurstILPostProcessor
info: Unity.ILPP.Runner.PostProcessingPipeline[0]
      running Unity.Jobs.CodeGen.JobsILPostProcessor
info: Unity.ILPP.Runner.PostProcessingPipeline[0]
      running zzzUnity.Burst.CodeGen.BurstILPostProcessor
info: Microsoft.AspNetCore.Routing.EndpointMiddleware[1]
      Executed endpoint 'gRPC - /UnityILPP.PostProcessing/PostProcessAssembly'
info: Microsoft.AspNetCore.Hosting.Diagnostics[2]
      Request finished HTTP/2 POST http://ilpp/UnityILPP.PostProcessing/PostProcessAssembly - 200 - application/grpc 28.9088ms
info: Microsoft.AspNetCore.Hosting.Diagnostics[1]
      Request starting HTTP/2 POST http://ilpp/UnityILPP.PostProcessing/PostProcessAssembly - application/grpc -
info: Microsoft.AspNetCore.Routing.EndpointMiddleware[0]
      Executing endpoint 'gRPC - /UnityILPP.PostProcessing/PostProcessAssembly'
info: Microsoft.AspNetCore.Hosting.Diagnostics[1]
      Request starting HTTP/2 POST http://ilpp/UnityILPP.PostProcessing/PostProcessAssembly - application/grpc -
info: Microsoft.AspNetCore.Routing.EndpointMiddleware[0]
      Executing endpoint 'gRPC - /UnityILPP.PostProcessing/PostProcessAssembly'
info: Unity.ILPP.Runner.PostProcessingPipeline[0]
      Processing assembly Library/Bee/artifacts/200b0aEDbg.dag/Unity.InputSystem.DocCodeSamples.dll, with 135 defines and 293 references
info: Unity.ILPP.Runner.PostProcessingPipeline[0]
      processors: Unity.Jobs.CodeGen.JobsILPostProcessor, zzzUnity.Burst.CodeGen.BurstILPostProcessor
info: Unity.ILPP.Runner.PostProcessingPipeline[0]
      running Unity.Jobs.CodeGen.JobsILPostProcessor
info: Unity.ILPP.Runner.PostProcessingPipeline[0]
      running zzzUnity.Burst.CodeGen.BurstILPostProcessor
info: Microsoft.AspNetCore.Routing.EndpointMiddleware[1]
      Executed endpoint 'gRPC - /UnityILPP.PostProcessing/PostProcessAssembly'
info: Unity.ILPP.Runner.PostProcessingPipeline[0]
      Processing assembly Library/Bee/artifacts/200b0aEDbg.dag/Unity.PathTracing.Editor.dll, with 136 defines and 300 references
info: Unity.ILPP.Runner.PostProcessingPipeline[0]
      processors: Unity.Jobs.CodeGen.JobsILPostProcessor, zzzUnity.Burst.CodeGen.BurstILPostProcessor
info: Microsoft.AspNetCore.Hosting.Diagnostics[2]
      Request finished HTTP/2 POST http://ilpp/UnityILPP.PostProcessing/PostProcessAssembly - 200 - application/grpc 5.6057ms
info: Unity.ILPP.Runner.PostProcessingPipeline[0]
      running Unity.Jobs.CodeGen.JobsILPostProcessor
info: Unity.ILPP.Runner.PostProcessingPipeline[0]
      running zzzUnity.Burst.CodeGen.BurstILPostProcessor
info: Microsoft.AspNetCore.Routing.EndpointMiddleware[1]
      Executed endpoint 'gRPC - /UnityILPP.PostProcessing/PostProcessAssembly'
info: Microsoft.AspNetCore.Hosting.Diagnostics[2]
      Request finished HTTP/2 POST http://ilpp/UnityILPP.PostProcessing/PostProcessAssembly - 200 - application/grpc 5.1809ms
info: Microsoft.AspNetCore.Hosting.Diagnostics[1]
      Request starting HTTP/2 POST http://ilpp/UnityILPP.PostProcessing/PostProcessAssembly - application/grpc -
info: Microsoft.AspNetCore.Hosting.Diagnostics[1]
      Request starting HTTP/2 POST http://ilpp/UnityILPP.PostProcessing/PostProcessAssembly - application/grpc -
info: Microsoft.AspNetCore.Routing.EndpointMiddleware[0]
      Executing endpoint 'gRPC - /UnityILPP.PostProcessing/PostProcessAssembly'
info: Microsoft.AspNetCore.Routing.EndpointMiddleware[0]
      Executing endpoint 'gRPC - /UnityILPP.PostProcessing/PostProcessAssembly'
info: Unity.ILPP.Runner.PostProcessingPipeline[0]
      Processing assembly Library/Bee/artifacts/200b0aEDbg.dag/Unity.ShaderGraph.Editor.dll, with 135 defines and 301 references
info: Unity.ILPP.Runner.PostProcessingPipeline[0]
      processors: Unity.Jobs.CodeGen.JobsILPostProcessor, zzzUnity.Burst.CodeGen.BurstILPostProcessor
info: Unity.ILPP.Runner.PostProcessingPipeline[0]
      Processing assembly Library/Bee/artifacts/200b0aEDbg.dag/Tide.Tests.Sim.dll, with 136 defines and 301 references
info: Unity.ILPP.Runner.PostProcessingPipeline[0]
      processors: Unity.Jobs.CodeGen.JobsILPostProcessor, zzzUnity.Burst.CodeGen.BurstILPostProcessor
info: Unity.ILPP.Runner.PostProcessingPipeline[0]
      running Unity.Jobs.CodeGen.JobsILPostProcessor
info: Unity.ILPP.Runner.PostProcessingPipeline[0]
      running zzzUnity.Burst.CodeGen.BurstILPostProcessor
info: Unity.ILPP.Runner.PostProcessingPipeline[0]
      running Unity.Jobs.CodeGen.JobsILPostProcessor
info: Unity.ILPP.Runner.PostProcessingPipeline[0]
      running zzzUnity.Burst.CodeGen.BurstILPostProcessor
info: Microsoft.AspNetCore.Routing.EndpointMiddleware[1]
      Executed endpoint 'gRPC - /UnityILPP.PostProcessing/PostProcessAssembly'
info: Microsoft.AspNetCore.Routing.EndpointMiddleware[1]
      Executed endpoint 'gRPC - /UnityILPP.PostProcessing/PostProcessAssembly'
info: Microsoft.AspNetCore.Hosting.Diagnostics[2]
      Request finished HTTP/2 POST http://ilpp/UnityILPP.PostProcessing/PostProcessAssembly - 200 - application/grpc 3.2330ms
info: Microsoft.AspNetCore.Hosting.Diagnostics[2]
      Request finished HTTP/2 POST http://ilpp/UnityILPP.PostProcessing/PostProcessAssembly - 200 - application/grpc 131.8427ms
info: Microsoft.AspNetCore.Routing.EndpointMiddleware[1]
      Executed endpoint 'gRPC - /UnityILPP.PostProcessing/PostProcessAssembly'
info: Microsoft.AspNetCore.Hosting.Diagnostics[2]
      Request finished HTTP/2 POST http://ilpp/UnityILPP.PostProcessing/PostProcessAssembly - 200 - application/grpc 4.1400ms
info: Microsoft.AspNetCore.Hosting.Diagnostics[1]
      Request starting HTTP/2 POST http://ilpp/UnityILPP.PostProcessing/PostProcessAssembly - application/grpc -
info: Microsoft.AspNetCore.Routing.EndpointMiddleware[0]
      Executing endpoint 'gRPC - /UnityILPP.PostProcessing/PostProcessAssembly'
info: Unity.ILPP.Runner.PostProcessingPipeline[0]
      Processing assembly Library/Bee/artifacts/200b0aEDbg.dag/UnityEditor.UI.Analytics.dll, with 135 defines and 297 references
info: Unity.ILPP.Runner.PostProcessingPipeline[0]
      processors: Unity.Jobs.CodeGen.JobsILPostProcessor, zzzUnity.Burst.CodeGen.BurstILPostProcessor
info: Unity.ILPP.Runner.PostProcessingPipeline[0]
      running Unity.Jobs.CodeGen.JobsILPostProcessor
info: Unity.ILPP.Runner.PostProcessingPipeline[0]
      running zzzUnity.Burst.CodeGen.BurstILPostProcessor
info: Microsoft.AspNetCore.Routing.EndpointMiddleware[1]
      Executed endpoint 'gRPC - /UnityILPP.PostProcessing/PostProcessAssembly'
info: Microsoft.AspNetCore.Hosting.Diagnostics[2]
      Request finished HTTP/2 POST http://ilpp/UnityILPP.PostProcessing/PostProcessAssembly - 200 - application/grpc 48.7290ms
info: Microsoft.AspNetCore.Hosting.Diagnostics[1]
      Request starting HTTP/2 POST http://ilpp/UnityILPP.PostProcessing/PostProcessAssembly - application/grpc -
info: Microsoft.AspNetCore.Routing.EndpointMiddleware[0]
      Executing endpoint 'gRPC - /UnityILPP.PostProcessing/PostProcessAssembly'
info: Unity.ILPP.Runner.PostProcessingPipeline[0]
      Processing assembly Library/Bee/artifacts/200b0aEDbg.dag/Unity.TextMeshPro.Editor.dll, with 135 defines and 298 references
info: Unity.ILPP.Runner.PostProcessingPipeline[0]
      processors: Unity.Jobs.CodeGen.JobsILPostProcessor, zzzUnity.Burst.CodeGen.BurstILPostProcessor
info: Unity.ILPP.Runner.PostProcessingPipeline[0]
      running Unity.Jobs.CodeGen.JobsILPostProcessor
info: Unity.ILPP.Runner.PostProcessingPipeline[0]
      running zzzUnity.Burst.CodeGen.BurstILPostProcessor
info: Microsoft.AspNetCore.Routing.EndpointMiddleware[1]
      Executed endpoint 'gRPC - /UnityILPP.PostProcessing/PostProcessAssembly'
info: Microsoft.AspNetCore.Hosting.Diagnostics[2]
      Request finished HTTP/2 POST http://ilpp/UnityILPP.PostProcessing/PostProcessAssembly - 200 - application/grpc 31.1715ms
info: Microsoft.AspNetCore.Hosting.Diagnostics[1]
      Request starting HTTP/2 POST http://ilpp/UnityILPP.PostProcessing/PostProcessAssembly - application/grpc -
info: Microsoft.AspNetCore.Routing.EndpointMiddleware[0]
      Executing endpoint 'gRPC - /UnityILPP.PostProcessing/PostProcessAssembly'
info: Microsoft.AspNetCore.Hosting.Diagnostics[1]
      Request starting HTTP/2 POST http://ilpp/UnityILPP.PostProcessing/PostProcessAssembly - application/grpc -
info: Microsoft.AspNetCore.Routing.EndpointMiddleware[0]
      Executing endpoint 'gRPC - /UnityILPP.PostProcessing/PostProcessAssembly'
info: Microsoft.AspNetCore.Hosting.Diagnostics[1]
      Request starting HTTP/2 POST http://ilpp/UnityILPP.PostProcessing/PostProcessAssembly - application/grpc -
info: Microsoft.AspNetCore.Routing.EndpointMiddleware[0]
      Executing endpoint 'gRPC - /UnityILPP.PostProcessing/PostProcessAssembly'
info: Microsoft.AspNetCore.Hosting.Diagnostics[1]
      Request starting HTTP/2 POST http://ilpp/UnityILPP.PostProcessing/PostProcessAssembly - application/grpc -
info: Microsoft.AspNetCore.Routing.EndpointMiddleware[0]
      Executing endpoint 'gRPC - /UnityILPP.PostProcessing/PostProcessAssembly'
info: Microsoft.AspNetCore.Hosting.Diagnostics[1]
      Request starting HTTP/2 POST http://ilpp/UnityILPP.PostProcessing/PostProcessAssembly - application/grpc -
info: Microsoft.AspNetCore.Routing.EndpointMiddleware[0]
      Executing endpoint 'gRPC - /UnityILPP.PostProcessing/PostProcessAssembly'
info: Microsoft.AspNetCore.Hosting.Diagnostics[1]
      Request starting HTTP/2 POST http://ilpp/UnityILPP.PostProcessing/PostProcessAssembly - application/grpc -
info: Microsoft.AspNetCore.Routing.EndpointMiddleware[0]
      Executing endpoint 'gRPC - /UnityILPP.PostProcessing/PostProcessAssembly'
info: Unity.ILPP.Runner.PostProcessingPipeline[0]
      Processing assembly Library/Bee/artifacts/200b0aEDbg.dag/Unity.RenderPipelines.Universal.2D.Editor.Overrides.dll, with 136 defines and 305 references
info: Unity.ILPP.Runner.PostProcessingPipeline[0]
      processors: Unity.Jobs.CodeGen.JobsILPostProcessor, zzzUnity.Burst.CodeGen.BurstILPostProcessor
info: Unity.ILPP.Runner.PostProcessingPipeline[0]
      running Unity.Jobs.CodeGen.JobsILPostProcessor
info: Unity.ILPP.Runner.PostProcessingPipeline[0]
      running zzzUnity.Burst.CodeGen.BurstILPostProcessor
info: Microsoft.AspNetCore.Routing.EndpointMiddleware[1]
      Executed endpoint 'gRPC - /UnityILPP.PostProcessing/PostProcessAssembly'
info: Microsoft.AspNetCore.Hosting.Diagnostics[2]
      Request finished HTTP/2 POST http://ilpp/UnityILPP.PostProcessing/PostProcessAssembly - 200 - application/grpc 16.1686ms
info: Microsoft.AspNetCore.Hosting.Diagnostics[1]
      Request starting HTTP/2 POST http://ilpp/UnityILPP.PostProcessing/PostProcessAssembly - application/grpc -
info: Microsoft.AspNetCore.Routing.EndpointMiddleware[0]
      Executing endpoint 'gRPC - /UnityILPP.PostProcessing/PostProcessAssembly'
info: Unity.ILPP.Runner.PostProcessingPipeline[0]
      Processing assembly Library/Bee/artifacts/200b0aEDbg.dag/UnityEditor.UI.dll, with 138 defines and 295 references
info: Unity.ILPP.Runner.PostProcessingPipeline[0]
      processors: Unity.Jobs.CodeGen.JobsILPostProcessor, zzzUnity.Burst.CodeGen.BurstILPostProcessor
info: Microsoft.AspNetCore.Hosting.Diagnostics[1]
      Request starting HTTP/2 POST http://ilpp/UnityILPP.PostProcessing/PostProcessAssembly - application/grpc -
info: Microsoft.AspNetCore.Hosting.Diagnostics[1]
      Request starting HTTP/2 POST http://ilpp/UnityILPP.PostProcessing/PostProcessAssembly - application/grpc -
info: Microsoft.AspNetCore.Routing.EndpointMiddleware[0]
      Executing endpoint 'gRPC - /UnityILPP.PostProcessing/PostProcessAssembly'
info: Microsoft.AspNetCore.Routing.EndpointMiddleware[0]
      Executing endpoint 'gRPC - /UnityILPP.PostProcessing/PostProcessAssembly'
info: Unity.ILPP.Runner.PostProcessingPipeline[0]
      Processing assembly Library/Bee/artifacts/200b0aEDbg.dag/Unity.Burst.Editor.dll, with 135 defines and 297 references
info: Unity.ILPP.Runner.PostProcessingPipeline[0]
      processors: Unity.Jobs.CodeGen.JobsILPostProcessor, zzzUnity.Burst.CodeGen.BurstILPostProcessor
info: Unity.ILPP.Runner.PostProcessingPipeline[0]
      running Unity.Jobs.CodeGen.JobsILPostProcessor
info: Unity.ILPP.Runner.PostProcessingPipeline[0]
      Processing assembly Library/Bee/artifacts/200b0aEDbg.dag/Unity.ScriptableBuildPipeline.Editor.dll, with 138 defines and 297 references
info: Unity.ILPP.Runner.PostProcessingPipeline[0]
      running zzzUnity.Burst.CodeGen.BurstILPostProcessor
info: Unity.ILPP.Runner.PostProcessingPipeline[0]
      processors: Unity.Jobs.CodeGen.JobsILPostProcessor, zzzUnity.Burst.CodeGen.BurstILPostProcessor
info: Unity.ILPP.Runner.PostProcessingPipeline[0]
      running Unity.Jobs.CodeGen.JobsILPostProcessor
info: Unity.ILPP.Runner.PostProcessingPipeline[0]
      running zzzUnity.Burst.CodeGen.BurstILPostProcessor
info: Unity.ILPP.Runner.PostProcessingPipeline[0]
      running Unity.Jobs.CodeGen.JobsILPostProcessor
info: Unity.ILPP.Runner.PostProcessingPipeline[0]
      running zzzUnity.Burst.CodeGen.BurstILPostProcessor
info: Microsoft.AspNetCore.Routing.EndpointMiddleware[1]
      Executed endpoint 'gRPC - /UnityILPP.PostProcessing/PostProcessAssembly'
info: Unity.ILPP.Runner.PostProcessingPipeline[0]
      Processing assembly Library/Bee/artifacts/200b0aEDbg.dag/Unity.Rendering.LightTransport.Editor.dll, with 135 defines and 296 references
info: Unity.ILPP.Runner.PostProcessingPipeline[0]
      processors: Unity.Jobs.CodeGen.JobsILPostProcessor, zzzUnity.Burst.CodeGen.BurstILPostProcessor
info: Microsoft.AspNetCore.Hosting.Diagnostics[2]
      Request finished HTTP/2 POST http://ilpp/UnityILPP.PostProcessing/PostProcessAssembly - 200 - application/grpc 36.8272ms
info: Unity.ILPP.Runner.PostProcessingPipeline[0]
      running Unity.Jobs.CodeGen.JobsILPostProcessor
info: Unity.ILPP.Runner.PostProcessingPipeline[0]
      running zzzUnity.Burst.CodeGen.BurstILPostProcessor
info: Microsoft.AspNetCore.Routing.EndpointMiddleware[1]
      Executed endpoint 'gRPC - /UnityILPP.PostProcessing/PostProcessAssembly'
info: Microsoft.AspNetCore.Hosting.Diagnostics[2]
      Request finished HTTP/2 POST http://ilpp/UnityILPP.PostProcessing/PostProcessAssembly - 200 - application/grpc 16.5887ms
info: Microsoft.AspNetCore.Routing.EndpointMiddleware[1]
      Executed endpoint 'gRPC - /UnityILPP.PostProcessing/PostProcessAssembly'
info: Microsoft.AspNetCore.Hosting.Diagnostics[2]
      Request finished HTTP/2 POST http://ilpp/UnityILPP.PostProcessing/PostProcessAssembly - 200 - application/grpc 13.2266ms
info: Unity.ILPP.Runner.PostProcessingPipeline[0]
      Processing assembly Library/Bee/artifacts/200b0aEDbg.dag/Unity.RenderPipelines.Universal.Editor.dll, with 137 defines and 309 references
info: Unity.ILPP.Runner.PostProcessingPipeline[0]
      processors: Unity.Jobs.CodeGen.JobsILPostProcessor, zzzUnity.Burst.CodeGen.BurstILPostProcessor
info: Unity.ILPP.Runner.PostProcessingPipeline[0]
      running Unity.Jobs.CodeGen.JobsILPostProcessor
info: Unity.ILPP.Runner.PostProcessingPipeline[0]
      running zzzUnity.Burst.CodeGen.BurstILPostProcessor
info: Microsoft.AspNetCore.Hosting.Diagnostics[1]
      Request starting HTTP/2 POST http://ilpp/UnityILPP.PostProcessing/PostProcessAssembly - application/grpc -
info: Microsoft.AspNetCore.Routing.EndpointMiddleware[0]
      Executing endpoint 'gRPC - /UnityILPP.PostProcessing/PostProcessAssembly'
info: Microsoft.AspNetCore.Routing.EndpointMiddleware[1]
      Executed endpoint 'gRPC - /UnityILPP.PostProcessing/PostProcessAssembly'
info: Microsoft.AspNetCore.Hosting.Diagnostics[2]
      Request finished HTTP/2 POST http://ilpp/UnityILPP.PostProcessing/PostProcessAssembly - 200 - application/grpc 37.9655ms
info: Unity.ILPP.Runner.PostProcessingPipeline[0]
      Processing assembly Library/Bee/artifacts/200b0aEDbg.dag/Unity.Addressables.Editor.dll, with 136 defines and 300 references
info: Unity.ILPP.Runner.PostProcessingPipeline[0]
      processors: Unity.Jobs.CodeGen.JobsILPostProcessor, zzzUnity.Burst.CodeGen.BurstILPostProcessor
info: Unity.ILPP.Runner.PostProcessingPipeline[0]
      Processing assembly Library/Bee/artifacts/200b0aEDbg.dag/Unity.InternalAPIEditorBridge.ShaderGraph.Editor.dll, with 135 defines and 296 references
info: Unity.ILPP.Runner.PostProcessingPipeline[0]
      processors: Unity.Jobs.CodeGen.JobsILPostProcessor, zzzUnity.Burst.CodeGen.BurstILPostProcessor
info: Unity.ILPP.Runner.PostProcessingPipeline[0]
      running Unity.Jobs.CodeGen.JobsILPostProcessor
info: Unity.ILPP.Runner.PostProcessingPipeline[0]
      running zzzUnity.Burst.CodeGen.BurstILPostProcessor
info: Unity.ILPP.Runner.PostProcessingPipeline[0]
      running Unity.Jobs.CodeGen.JobsILPostProcessor
info: Unity.ILPP.Runner.PostProcessingPipeline[0]
      running zzzUnity.Burst.CodeGen.BurstILPostProcessor
info: Unity.ILPP.Runner.PostProcessingPipeline[0]
      Processing assembly Library/Bee/artifacts/200b0aEDbg.dag/Unity.PerformanceTesting.Editor.dll, with 136 defines and 293 references
info: Unity.ILPP.Runner.PostProcessingPipeline[0]
      processors: Unity.Jobs.CodeGen.JobsILPostProcessor, zzzUnity.Burst.CodeGen.BurstILPostProcessor
info: Microsoft.AspNetCore.Routing.EndpointMiddleware[1]
      Executed endpoint 'gRPC - /UnityILPP.PostProcessing/PostProcessAssembly'
info: Microsoft.AspNetCore.Hosting.Diagnostics[2]
      Request finished HTTP/2 POST http://ilpp/UnityILPP.PostProcessing/PostProcessAssembly - 200 - application/grpc 39.0923ms
info: Unity.ILPP.Runner.PostProcessingPipeline[0]
      running Unity.Jobs.CodeGen.JobsILPostProcessor
info: Unity.ILPP.Runner.PostProcessingPipeline[0]
      running zzzUnity.Burst.CodeGen.BurstILPostProcessor
info: Microsoft.AspNetCore.Routing.EndpointMiddleware[1]
      Executed endpoint 'gRPC - /UnityILPP.PostProcessing/PostProcessAssembly'
info: Unity.ILPP.Runner.PostProcessingPipeline[0]
      Processing assembly Library/Bee/artifacts/200b0aEDbg.dag/Unity.InputSystem.ForUI.Editor.dll, with 135 defines and 298 references
info: Unity.ILPP.Runner.PostProcessingPipeline[0]
      processors: Unity.Jobs.CodeGen.JobsILPostProcessor, zzzUnity.Burst.CodeGen.BurstILPostProcessor
info: Microsoft.AspNetCore.Hosting.Diagnostics[2]
      Request finished HTTP/2 POST http://ilpp/UnityILPP.PostProcessing/PostProcessAssembly - 200 - application/grpc 43.0647ms
info: Microsoft.AspNetCore.Routing.EndpointMiddleware[1]
      Executed endpoint 'gRPC - /UnityILPP.PostProcessing/PostProcessAssembly'
info: Microsoft.AspNetCore.Hosting.Diagnostics[2]
      Request finished HTTP/2 POST http://ilpp/UnityILPP.PostProcessing/PostProcessAssembly - 200 - application/grpc 12.6930ms
info: Microsoft.AspNetCore.Routing.EndpointMiddleware[1]
      Executed endpoint 'gRPC - /UnityILPP.PostProcessing/PostProcessAssembly'
info: Microsoft.AspNetCore.Hosting.Diagnostics[2]
      Request finished HTTP/2 POST http://ilpp/UnityILPP.PostProcessing/PostProcessAssembly - 200 - application/grpc 75.5419ms
info: Unity.ILPP.Runner.PostProcessingPipeline[0]
      running Unity.Jobs.CodeGen.JobsILPostProcessor
info: Unity.ILPP.Runner.PostProcessingPipeline[0]
      running zzzUnity.Burst.CodeGen.BurstILPostProcessor
info: Microsoft.AspNetCore.Routing.EndpointMiddleware[1]
      Executed endpoint 'gRPC - /UnityILPP.PostProcessing/PostProcessAssembly'
info: Microsoft.AspNetCore.Hosting.Diagnostics[2]
      Request finished HTTP/2 POST http://ilpp/UnityILPP.PostProcessing/PostProcessAssembly - 200 - application/grpc 50.1819ms
info: Microsoft.AspNetCore.Hosting.Diagnostics[1]
      Request starting HTTP/2 POST http://ilpp/UnityILPP.PostProcessing/PostProcessAssembly - application/grpc -
info: Microsoft.AspNetCore.Routing.EndpointMiddleware[0]
      Executing endpoint 'gRPC - /UnityILPP.PostProcessing/PostProcessAssembly'
info: Unity.ILPP.Runner.PostProcessingPipeline[0]
      Processing assembly Library/Bee/artifacts/200b0aEDbg.dag/Unity.InternalAPIEngineBridge.RenderPipelines.Core.Editor.dll, with 135 defines and 296 references
info: Unity.ILPP.Runner.PostProcessingPipeline[0]
      processors: Unity.Jobs.CodeGen.JobsILPostProcessor, zzzUnity.Burst.CodeGen.BurstILPostProcessor
info: Unity.ILPP.Runner.PostProcessingPipeline[0]
      running Unity.Jobs.CodeGen.JobsILPostProcessor
info: Unity.ILPP.Runner.PostProcessingPipeline[0]
      running zzzUnity.Burst.CodeGen.BurstILPostProcessor
info: Microsoft.AspNetCore.Routing.EndpointMiddleware[1]
      Executed endpoint 'gRPC - /UnityILPP.PostProcessing/PostProcessAssembly'
info: Microsoft.AspNetCore.Hosting.Diagnostics[2]
      Request finished HTTP/2 POST http://ilpp/UnityILPP.PostProcessing/PostProcessAssembly - 200 - application/grpc 22.5733ms
info: Microsoft.AspNetCore.Hosting.Diagnostics[1]
      Request starting HTTP/2 POST http://ilpp/UnityILPP.PostProcessing/PostProcessAssembly - application/grpc -
info: Microsoft.AspNetCore.Routing.EndpointMiddleware[0]
      Executing endpoint 'gRPC - /UnityILPP.PostProcessing/PostProcessAssembly'
info: Unity.ILPP.Runner.PostProcessingPipeline[0]
      Processing assembly Library/Bee/artifacts/200b0aEDbg.dag/Unity.Addressables.DocExampleCode.Editor.Tests.dll, with 137 defines and 296 references
info: Unity.ILPP.Runner.PostProcessingPipeline[0]
      processors: Unity.Jobs.CodeGen.JobsILPostProcessor, zzzUnity.Burst.CodeGen.BurstILPostProcessor
info: Unity.ILPP.Runner.PostProcessingPipeline[0]
      running Unity.Jobs.CodeGen.JobsILPostProcessor
info: Unity.ILPP.Runner.PostProcessingPipeline[0]
      running zzzUnity.Burst.CodeGen.BurstILPostProcessor
info: Microsoft.AspNetCore.Routing.EndpointMiddleware[1]
      Executed endpoint 'gRPC - /UnityILPP.PostProcessing/PostProcessAssembly'
info: Microsoft.AspNetCore.Hosting.Diagnostics[2]
      Request finished HTTP/2 POST http://ilpp/UnityILPP.PostProcessing/PostProcessAssembly - 200 - application/grpc 2.7843ms
info: Microsoft.AspNetCore.Hosting.Diagnostics[1]
      Request starting HTTP/2 POST http://ilpp/UnityILPP.PostProcessing/PostProcessAssembly - application/grpc -
info: Microsoft.AspNetCore.Routing.EndpointMiddleware[0]
      Executing endpoint 'gRPC - /UnityILPP.PostProcessing/PostProcessAssembly'
info: Microsoft.AspNetCore.Hosting.Diagnostics[1]
      Request starting HTTP/2 POST http://ilpp/UnityILPP.PostProcessing/PostProcessAssembly - application/grpc -
info: Microsoft.AspNetCore.Routing.EndpointMiddleware[0]
      Executing endpoint 'gRPC - /UnityILPP.PostProcessing/PostProcessAssembly'
info: Microsoft.AspNetCore.Hosting.Diagnostics[1]
      Request starting HTTP/2 POST http://ilpp/UnityILPP.PostProcessing/PostProcessAssembly - application/grpc -
info: Microsoft.AspNetCore.Routing.EndpointMiddleware[0]
      Executing endpoint 'gRPC - /UnityILPP.PostProcessing/PostProcessAssembly'
info: Unity.ILPP.Runner.PostProcessingPipeline[0]
      Processing assembly Library/Bee/artifacts/200b0aEDbg.dag/Unity.AutoGroupGenerator.Editor.dll, with 135 defines and 298 references
info: Unity.ILPP.Runner.PostProcessingPipeline[0]
      processors: Unity.Jobs.CodeGen.JobsILPostProcessor, zzzUnity.Burst.CodeGen.BurstILPostProcessor
info: Unity.ILPP.Runner.PostProcessingPipeline[0]
      running Unity.Jobs.CodeGen.JobsILPostProcessor
info: Unity.ILPP.Runner.PostProcessingPipeline[0]
      running zzzUnity.Burst.CodeGen.BurstILPostProcessor
info: Microsoft.AspNetCore.Routing.EndpointMiddleware[1]
      Executed endpoint 'gRPC - /UnityILPP.PostProcessing/PostProcessAssembly'
info: Microsoft.AspNetCore.Hosting.Diagnostics[2]
      Request finished HTTP/2 POST http://ilpp/UnityILPP.PostProcessing/PostProcessAssembly - 200 - application/grpc 16.7290ms
info: Microsoft.AspNetCore.Hosting.Diagnostics[1]
      Request starting HTTP/2 POST http://ilpp/UnityILPP.PostProcessing/PostProcessAssembly - application/grpc -
info: Microsoft.AspNetCore.Routing.EndpointMiddleware[0]
      Executing endpoint 'gRPC - /UnityILPP.PostProcessing/PostProcessAssembly'
info: Microsoft.AspNetCore.Hosting.Diagnostics[1]
      Request starting HTTP/2 POST http://ilpp/UnityILPP.PostProcessing/PostProcessAssembly - application/grpc -
info: Microsoft.AspNetCore.Routing.EndpointMiddleware[0]
      Executing endpoint 'gRPC - /UnityILPP.PostProcessing/PostProcessAssembly'
info: Microsoft.AspNetCore.Hosting.Diagnostics[1]
      Request starting HTTP/2 POST http://ilpp/UnityILPP.PostProcessing/PostProcessAssembly - application/grpc -
info: Microsoft.AspNetCore.Routing.EndpointMiddleware[0]
      Executing endpoint 'gRPC - /UnityILPP.PostProcessing/PostProcessAssembly'
info: Unity.ILPP.Runner.PostProcessingPipeline[0]
      Processing assembly Library/Bee/artifacts/200b0aEDbg.dag/Unity.RenderPipelines.Core.Editor.Shared.dll, with 135 defines and 303 references
info: Unity.ILPP.Runner.PostProcessingPipeline[0]
      processors: Unity.Jobs.CodeGen.JobsILPostProcessor, zzzUnity.Burst.CodeGen.BurstILPostProcessor
info: Unity.ILPP.Runner.PostProcessingPipeline[0]
      running Unity.Jobs.CodeGen.JobsILPostProcessor
info: Unity.ILPP.Runner.PostProcessingPipeline[0]
      running zzzUnity.Burst.CodeGen.BurstILPostProcessor
info: Microsoft.AspNetCore.Routing.EndpointMiddleware[1]
      Executed endpoint 'gRPC - /UnityILPP.PostProcessing/PostProcessAssembly'
info: Microsoft.AspNetCore.Hosting.Diagnostics[2]
      Request finished HTTP/2 POST http://ilpp/UnityILPP.PostProcessing/PostProcessAssembly - 200 - application/grpc 14.5965ms
info: Unity.ILPP.Runner.PostProcessingPipeline[0]
      Processing assembly Library/Bee/artifacts/200b0aEDbg.dag/Unity.Collections.Editor.dll, with 136 defines and 297 references
info: Unity.ILPP.Runner.PostProcessingPipeline[0]
      processors: Unity.Jobs.CodeGen.JobsILPostProcessor, zzzUnity.Burst.CodeGen.BurstILPostProcessor
info: Unity.ILPP.Runner.PostProcessingPipeline[0]
      running Unity.Jobs.CodeGen.JobsILPostProcessor
info: Unity.ILPP.Runner.PostProcessingPipeline[0]
      Processing assembly Library/Bee/artifacts/200b0aEDbg.dag/Unity.RenderPipelines.Core.Editor.dll, with 138 defines and 305 references
info: Unity.ILPP.Runner.PostProcessingPipeline[0]
      processors: Unity.Jobs.CodeGen.JobsILPostProcessor, zzzUnity.Burst.CodeGen.BurstILPostProcessor
info: Unity.ILPP.Runner.PostProcessingPipeline[0]
      running zzzUnity.Burst.CodeGen.BurstILPostProcessor
info: Unity.ILPP.Runner.PostProcessingPipeline[0]
      Processing assembly Library/Bee/artifacts/200b0aEDbg.dag/Unity.ShaderGraph.Utilities.dll, with 135 defines and 296 references
info: Unity.ILPP.Runner.PostProcessingPipeline[0]
      processors: Unity.Jobs.CodeGen.JobsILPostProcessor, zzzUnity.Burst.CodeGen.BurstILPostProcessor
info: Unity.ILPP.Runner.PostProcessingPipeline[0]
      running Unity.Jobs.CodeGen.JobsILPostProcessor
info: Unity.ILPP.Runner.PostProcessingPipeline[0]
      running zzzUnity.Burst.CodeGen.BurstILPostProcessor
info: Unity.ILPP.Runner.PostProcessingPipeline[0]
      running Unity.Jobs.CodeGen.JobsILPostProcessor
info: Microsoft.AspNetCore.Routing.EndpointMiddleware[1]
      Executed endpoint 'gRPC - /UnityILPP.PostProcessing/PostProcessAssembly'
info: Microsoft.AspNetCore.Hosting.Diagnostics[2]
      Request finished HTTP/2 POST http://ilpp/UnityILPP.PostProcessing/PostProcessAssembly - 200 - application/grpc 20.4332ms
info: Microsoft.AspNetCore.Routing.EndpointMiddleware[1]
      Executed endpoint 'gRPC - /UnityILPP.PostProcessing/PostProcessAssembly'
info: Microsoft.AspNetCore.Hosting.Diagnostics[2]
      Request finished HTTP/2 POST http://ilpp/UnityILPP.PostProcessing/PostProcessAssembly - 200 - application/grpc 16.6205ms
info: Unity.ILPP.Runner.PostProcessingPipeline[0]
      Processing assembly Library/Bee/artifacts/200b0aEDbg.dag/Unity.Searcher.Editor.dll, with 135 defines and 296 references
info: Unity.ILPP.Runner.PostProcessingPipeline[0]
      processors: Unity.Jobs.CodeGen.JobsILPostProcessor, zzzUnity.Burst.CodeGen.BurstILPostProcessor
info: Unity.ILPP.Runner.PostProcessingPipeline[0]
      running Unity.Jobs.CodeGen.JobsILPostProcessor
info: Unity.ILPP.Runner.PostProcessingPipeline[0]
      running zzzUnity.Burst.CodeGen.BurstILPostProcessor
info: Microsoft.AspNetCore.Routing.EndpointMiddleware[1]
      Executed endpoint 'gRPC - /UnityILPP.PostProcessing/PostProcessAssembly'
info: Microsoft.AspNetCore.Hosting.Diagnostics[2]
      Request finished HTTP/2 POST http://ilpp/UnityILPP.PostProcessing/PostProcessAssembly - 200 - application/grpc 15.0229ms
info: Unity.ILPP.Runner.PostProcessingPipeline[0]
      running zzzUnity.Burst.CodeGen.BurstILPostProcessor
info: Microsoft.AspNetCore.Routing.EndpointMiddleware[1]
      Executed endpoint 'gRPC - /UnityILPP.PostProcessing/PostProcessAssembly'
info: Microsoft.AspNetCore.Hosting.Diagnostics[2]
      Request finished HTTP/2 POST http://ilpp/UnityILPP.PostProcessing/PostProcessAssembly - 200 - application/grpc 138.9879ms
ExitCode: 0 Duration: 8s216ms
Finished compiling graph: 823 nodes, 16154 flattened edges (13608 ToBuild, 138 ToUse), maximum node priority 892
[  1/820    0s] WriteText Library/Bee/artifacts/200b0aEDbg.dag/UnityEngine.TestRunner.rsp2
[  2/820    0s] WriteText Library/Bee/artifacts/200b0aEDbg.dag/UnityEngine.TestRunner.UnityAdditionalFile.txt
[  3/820    0s] MovedFromExtractor Library/Bee/artifacts/mvdfrm/UnityEditor.DiagnosticsModule.dll_FEE2077916EAD554.mvfrm
[  4/820    0s] MovedFromExtractor Library/Bee/artifacts/mvdfrm/UnityEditor.AccessibilityModule.dll_1A458AA0B05C5C46.mvfrm
[  5/820    0s] MovedFromExtractor Library/Bee/artifacts/mvdfrm/UnityEditor.AssetComplianceModule.dll_AE4663B1890818B3.mvfrm
[  6/820    0s] MovedFromExtractor Library/Bee/artifacts/mvdfrm/UnityEditor.CoreBusinessMetricsModule.dll_5A86AF7FD1E3A04C.mvfrm
[  7/820    0s] MovedFromExtractor Library/Bee/artifacts/mvdfrm/UnityEditor.BuildProfileModule.dll_11A112426EF65D47.mvfrm
[  8/820    0s] MovedFromExtractor Library/Bee/artifacts/mvdfrm/UnityEditor.ContentLoadModule.dll_612B45298E711E07.mvfrm
[  9/820    0s] MovedFromExtractor Library/Bee/artifacts/mvdfrm/UnityEditor.ClothModule.dll_47A167D61817BE42.mvfrm
[ 10/820    0s] MovedFromExtractor Library/Bee/artifacts/mvdfrm/UnityEditor.DeviceSimulatorModule.dll_756B53C30E4C3486.mvfrm
[ 11/820    0s] MovedFromExtractor Library/Bee/artifacts/mvdfrm/UnityEditor.AdaptivePerformanceModule.dll_DA9BB605AB9C7152.mvfrm
[ 12/820    0s] MovedFromExtractor Library/Bee/artifacts/mvdfrm/UnityEditor.iOS.Extensions.Xcode.dll_2A343854478371DF.mvfrm
[ 13/820    0s] MovedFromExtractor Library/Bee/artifacts/mvdfrm/UnityEditor.AIModule.dll_F74DC00EA7918154.mvfrm
[ 14/820    0s] MovedFromExtractor Library/Bee/artifacts/mvdfrm/UnityEditor.CoreModule.dll_110FDE6DF1097E2B.mvfrm
[ 15/820    0s] MovedFromExtractor Library/Bee/artifacts/mvdfrm/UnityEditor.HierarchyModule.dll_1CD7CA4E5381D56D.mvfrm
[ 16/820    0s] MovedFromExtractor Library/Bee/artifacts/mvdfrm/UnityEditor.GraphViewModule.dll_2F63C37295A296AB.mvfrm
[ 17/820    0s] MovedFromExtractor Library/Bee/artifacts/mvdfrm/UnityEditor.EditorToolbarModule.dll_5041A07329F20D96.mvfrm
[ 18/820    0s] MovedFromExtractor Library/Bee/artifacts/mvdfrm/UnityEditor.LightingModule.dll_510A16ABFA0ACE98.mvfrm
[ 19/820    0s] MovedFromExtractor Library/Bee/artifacts/mvdfrm/UnityEditor.GridModule.dll_EE80FA5C095E1422.mvfrm
[ 20/820    0s] MovedFromExtractor Library/Bee/artifacts/mvdfrm/UnityEditor.GraphicsStateCollectionSerializerModule.dll_1C6FCFF0D5C9C5EE.mvfrm
[ 21/820    0s] MovedFromExtractor Library/Bee/artifacts/mvdfrm/UnityEditor.GridAndSnapModule.dll_089AEDFA9A4F9243.mvfrm
[ 22/820    0s] MovedFromExtractor Library/Bee/artifacts/mvdfrm/UnityEditor.GenericRemoteModule.dll_B046E07C12008545.mvfrm
[ 23/820    0s] MovedFromExtractor Library/Bee/artifacts/mvdfrm/UnityEditor.EmbreeModule.dll_A47C8BA831B729D4.mvfrm
[ 24/820    0s] MovedFromExtractor Library/Bee/artifacts/mvdfrm/UnityEditor.GIModule.dll_8F8A091C4340696E.mvfrm
[ 25/820    0s] MovedFromExtractor Library/Bee/artifacts/mvdfrm/UnityEditor.MathematicsModule.dll_ED2999C234666D4E.mvfrm
[ 26/820    0s] MovedFromExtractor Library/Bee/artifacts/mvdfrm/UnityEditor.GraphToolkitModule.dll_2D7DF6ED5FA58BCC.mvfrm
[ 27/820    0s] MovedFromExtractor Library/Bee/artifacts/mvdfrm/UnityEditor.MediaModule.dll_AC79246CBC4767EC.mvfrm
[ 28/820    0s] MovedFromExtractor Library/Bee/artifacts/mvdfrm/UnityEditor.ProjectAuditorModule.dll_A23CF9B8615F6B91.mvfrm
[ 29/820    0s] MovedFromExtractor Library/Bee/artifacts/mvdfrm/UnityEditor.MultiplayerModule.dll_47BD087578B60392.mvfrm
[ 30/820    0s] MovedFromExtractor Library/Bee/artifacts/mvdfrm/UnityEditor.PropertiesModule.dll_B7677DAD5129463F.mvfrm
[ 31/820    0s] MovedFromExtractor Library/Bee/artifacts/mvdfrm/UnityEditor.QuickInstallModule.dll_F0806081B07CCB7A.mvfrm
[ 32/820    0s] MovedFromExtractor Library/Bee/artifacts/mvdfrm/UnityEditor.PhysicsCore2DModule.dll_0809624C0F015130.mvfrm
[ 33/820    0s] MovedFromExtractor Library/Bee/artifacts/mvdfrm/UnityEditor.PhysicsModule.dll_33D3D57E373F41EF.mvfrm
[ 34/820    0s] MovedFromExtractor Library/Bee/artifacts/mvdfrm/UnityEditor.PlayModeModule.dll_9CF690E945E814D3.mvfrm
[ 35/820    0s] MovedFromExtractor Library/Bee/artifacts/mvdfrm/UnityEditor.Physics2DModule.dll_94A93EA32B7CB101.mvfrm
[ 36/820    0s] MovedFromExtractor Library/Bee/artifacts/mvdfrm/UnityEditor.PresetsUIModule.dll_EAC9FC5497FAEEB0.mvfrm
[ 37/820    0s] MovedFromExtractor Library/Bee/artifacts/mvdfrm/UnityEditor.QuickSearchModule.dll_89F188866FC1D1AD.mvfrm
[ 38/820    0s] MovedFromExtractor Library/Bee/artifacts/mvdfrm/UnityEditor.SafeModeModule.dll_57029F2FA71F056C.mvfrm
[ 39/820    0s] MovedFromExtractor Library/Bee/artifacts/mvdfrm/UnityEditor.ShaderCompilationModule.dll_D2CF6B1001E0B026.mvfrm
[ 40/820    0s] MovedFromExtractor Library/Bee/artifacts/mvdfrm/UnityEditor.SceneTemplateModule.dll_73E1113128DEB7CE.mvfrm
[ 41/820    0s] MovedFromExtractor Library/Bee/artifacts/mvdfrm/UnityEditor.SceneViewModule.dll_6E13A67A8AC563B9.mvfrm
[ 42/820    0s] MovedFromExtractor Library/Bee/artifacts/mvdfrm/UnityEditor.ShaderFoundryModule.dll_B2C0E1744B8E345C.mvfrm
[ 43/820    0s] MovedFromExtractor Library/Bee/artifacts/mvdfrm/UnityEditor.ShaderBuildSettingsModule.dll_E2C1FCAE7E9BA294.mvfrm
[ 44/820    0s] MovedFromExtractor Library/Bee/artifacts/mvdfrm/UnityEditor.SpriteShapeModule.dll_E17619437590AE24.mvfrm
[ 45/820    0s] MovedFromExtractor Library/Bee/artifacts/mvdfrm/UnityEditor.SpriteMaskModule.dll_7358B0FEFFAD777D.mvfrm
[ 46/820    0s] MovedFromExtractor Library/Bee/artifacts/mvdfrm/UnityEditor.SubstanceModule.dll_D943504C255A6EB8.mvfrm
[ 47/820    0s] MovedFromExtractor Library/Bee/artifacts/mvdfrm/UnityEditor.SketchUpModule.dll_3F17847FF250A183.mvfrm
[ 48/820    0s] MovedFromExtractor Library/Bee/artifacts/mvdfrm/UnityEditor.TerrainModule.dll_4E1A50ED0CFD8ADD.mvfrm
[ 49/820    0s] MovedFromExtractor Library/Bee/artifacts/mvdfrm/UnityEditor.TextCoreFontEngineModule.dll_EFC2FAD76E02C349.mvfrm
[ 50/820    0s] MovedFromExtractor Library/Bee/artifacts/mvdfrm/UnityEditor.TextCoreTextEngineModule.dll_37AB3148FD867C67.mvfrm
[ 51/820    0s] MovedFromExtractor Library/Bee/artifacts/mvdfrm/UnityEditor.TextRenderingModule.dll_BD84336C7B3B6927.mvfrm
[ 52/820    0s] MovedFromExtractor Library/Bee/artifacts/mvdfrm/UnityEditor.U2DModule.dll_0DB8973856F6C8CF.mvfrm
[ 53/820    0s] MovedFromExtractor Library/Bee/artifacts/mvdfrm/UnityEditor.TreeModule.dll_6EBBD37C78CF136A.mvfrm
[ 54/820    0s] MovedFromExtractor Library/Bee/artifacts/mvdfrm/UnityEditor.UIAutomationModule.dll_C24201330B6A2607.mvfrm
[ 55/820    0s] MovedFromExtractor Library/Bee/artifacts/mvdfrm/UnityEditor.TilemapModule.dll_ED16B86E24BA6BE6.mvfrm
[ 56/820    0s] MovedFromExtractor Library/Bee/artifacts/mvdfrm/UnityEditor.UIElementsModule.dll_E24478C8D1219B87.mvfrm
[ 57/820    0s] MovedFromExtractor Library/Bee/artifacts/mvdfrm/UnityEditor.UmbraModule.dll_5B8DB6F3CB218AD1.mvfrm
[ 58/820    0s] MovedFromExtractor Library/Bee/artifacts/mvdfrm/UnityEditor.UIToolkitAuthoringModule.dll_23198F648C894709.mvfrm
[ 59/820    0s] MovedFromExtractor Library/Bee/artifacts/mvdfrm/UnityEditor.UIBuilderModule.dll_83EC708F085B0FDF.mvfrm
[ 60/820    0s] MovedFromExtractor Library/Bee/artifacts/mvdfrm/UnityEditor.UIElementsSamplesModule.dll_C70108981EDCBB56.mvfrm
[ 61/820    0s] MovedFromExtractor Library/Bee/artifacts/mvdfrm/UnityEditor.UnityConnectModule.dll_0CDB1FB893DA4261.mvfrm
[ 62/820    0s] MovedFromExtractor Library/Bee/artifacts/mvdfrm/UnityEditor.VFXModule.dll_E1DFEC55215A6870.mvfrm
[ 63/820    0s] MovedFromExtractor Library/Bee/artifacts/mvdfrm/UnityEditor.VectorGraphicsModule.dll_EECF85879ECD1C7A.mvfrm
[ 64/820    0s] MovedFromExtractor Library/Bee/artifacts/mvdfrm/UnityEditor.VideoModule.dll_05C28F46008CFB03.mvfrm
[ 65/820    0s] MovedFromExtractor Library/Bee/artifacts/mvdfrm/UnityEditor.dll_2DDD9BA3FDC7B37A.mvfrm
[ 66/820    0s] MovedFromExtractor Library/Bee/artifacts/mvdfrm/UnityEngine.VFXModule.dll_EE018EA8910A7675.mvfrm
[ 67/820    0s] MovedFromExtractor Library/Bee/artifacts/mvdfrm/UnityEngine.VideoModule.dll_CBEF4BAA320A2BA8.mvfrm
[ 68/820    0s] MovedFromExtractor Library/Bee/artifacts/mvdfrm/UnityEditor.XRModule.dll_785247C62ECD59D6.mvfrm
[ 69/820    0s] MovedFromExtractor Library/Bee/artifacts/mvdfrm/UnityEngine.ARModule.dll_EF2F16A1702C13E8.mvfrm
[ 70/820    0s] MovedFromExtractor Library/Bee/artifacts/mvdfrm/UnityEngine.AIModule.dll_35BC519E130EB51F.mvfrm
[ 71/820    0s] MovedFromExtractor Library/Bee/artifacts/mvdfrm/UnityEngine.VehiclesModule.dll_C9DC5B2FA513AC8E.mvfrm
[ 72/820    0s] MovedFromExtractor Library/Bee/artifacts/mvdfrm/UnityEngine.VectorGraphicsModule.dll_A9F3E722BAB9B085.mvfrm
[ 73/820    0s] MovedFromExtractor Library/Bee/artifacts/mvdfrm/UnityEngine.AccessibilityModule.dll_A6867CC82954DF6B.mvfrm
[ 74/820    0s] MovedFromExtractor Library/Bee/artifacts/mvdfrm/UnityEngine.AdaptivePerformanceModule.dll_9B2B4ABBE6E1C457.mvfrm
[ 75/820    0s] MovedFromExtractor Library/Bee/artifacts/mvdfrm/UnityEngine.AndroidJNIModule.dll_608D619C1A410A5D.mvfrm
[ 76/820    0s] MovedFromExtractor Library/Bee/artifacts/mvdfrm/UnityEngine.AnimationModule.dll_FDE93F9B6FFF6B51.mvfrm
[ 77/820    0s] MovedFromExtractor Library/Bee/artifacts/mvdfrm/UnityEngine.AssetBundleModule.dll_CDDABB77D228869F.mvfrm
[ 78/820    0s] MovedFromExtractor Library/Bee/artifacts/mvdfrm/UnityEngine.ClothModule.dll_0DCE243A4994EEE7.mvfrm
[ 79/820    0s] MovedFromExtractor Library/Bee/artifacts/mvdfrm/UnityEngine.AudioModule.dll_A6E5C73F6F781003.mvfrm
[ 80/820    0s] MovedFromExtractor Library/Bee/artifacts/mvdfrm/UnityEngine.ClusterInputModule.dll_8C7794CE45621527.mvfrm
[ 81/820    0s] MovedFromExtractor Library/Bee/artifacts/mvdfrm/UnityEngine.ClusterRendererModule.dll_7B1816347E07420A.mvfrm
[ 82/820    0s] MovedFromExtractor Library/Bee/artifacts/mvdfrm/UnityEngine.ContentLoadModule.dll_66F114B8A0AB2E8C.mvfrm
[ 83/820    0s] MovedFromExtractor Library/Bee/artifacts/mvdfrm/UnityEngine.CoreModule.dll_3430B1C0990EE956.mvfrm
[ 84/820    0s] MovedFromExtractor Library/Bee/artifacts/mvdfrm/UnityEngine.CrashReportingModule.dll_BF9A67A1BAA1AEAE.mvfrm
[ 85/820    0s] MovedFromExtractor Library/Bee/artifacts/mvdfrm/UnityEngine.DirectorModule.dll_521961B02AE9DCF3.mvfrm
[ 86/820    0s] MovedFromExtractor Library/Bee/artifacts/mvdfrm/UnityEngine.DSPGraphModule.dll_576AC3199D4AAE14.mvfrm
[ 87/820    0s] MovedFromExtractor Library/Bee/artifacts/mvdfrm/UnityEngine.GraphicsStateCollectionSerializerModule.dll_25639CE0A2C90F53.mvfrm
[ 88/820    0s] MovedFromExtractor Library/Bee/artifacts/mvdfrm/UnityEngine.GameCenterModule.dll_8ADAABB6E081FB4E.mvfrm
[ 89/820    0s] MovedFromExtractor Library/Bee/artifacts/mvdfrm/UnityEngine.VirtualTexturingModule.dll_D6D35F11B065C474.mvfrm
[ 90/820    0s] MovedFromExtractor Library/Bee/artifacts/mvdfrm/UnityEngine.GIModule.dll_CDF89AABAEBD9D39.mvfrm
[ 91/820    0s] MovedFromExtractor Library/Bee/artifacts/mvdfrm/UnityEngine.GridModule.dll_11A1CDAEB1637F4D.mvfrm
[ 92/820    0s] MovedFromExtractor Library/Bee/artifacts/mvdfrm/UnityEngine.WindModule.dll_AA7F8CE92A4567BF.mvfrm
[ 93/820    0s] MovedFromExtractor Library/Bee/artifacts/mvdfrm/UnityEngine.dll_6081E27C5C3B405F.mvfrm
[ 94/820    0s] MovedFromExtractor Library/Bee/artifacts/mvdfrm/UnityEngine.UnityWebRequestWWWModule.dll_80CCF1F80043F79E.mvfrm
[ 95/820    0s] MovedFromExtractor Library/Bee/artifacts/mvdfrm/UnityEngine.XRModule.dll_B6C0D9559A4A8DA1.mvfrm
[ 96/820    0s] MovedFromExtractor Library/Bee/artifacts/mvdfrm/Unity.Scripting.dll_F513369C63A5C7A6.mvfrm
[ 97/820    0s] MovedFromExtractor Library/Bee/artifacts/mvdfrm/UnityEngine.HierarchyCoreModule.dll_1DA119A298023861.mvfrm
[ 98/820    0s] MovedFromExtractor Library/Bee/artifacts/mvdfrm/UnityEngine.UnityWebRequestAudioModule.dll_143A480495C41EAD.mvfrm
[ 99/820    0s] MovedFromExtractor Library/Bee/artifacts/mvdfrm/UnityEngine.UnityWebRequestAssetBundleModule.dll_CE8ABF2FA9AF1909.mvfrm
[100/820    0s] MovedFromExtractor Library/Bee/artifacts/mvdfrm/UnityEngine.HotReloadModule.dll_7F31FDA14B3286D3.mvfrm
[101/820    0s] MovedFromExtractor Library/Bee/artifacts/mvdfrm/UnityEngine.UnityConnectModule.dll_FA3AA3C78E62430C.mvfrm
[102/820    0s] MovedFromExtractor Library/Bee/artifacts/mvdfrm/UnityEngine.UnityConsentModule.dll_CBE03AF39B6CD95C.mvfrm
[103/820    0s] MovedFromExtractor Library/Bee/artifacts/mvdfrm/UnityEngine.UnityCurlModule.dll_3105E0CCE0135D3E.mvfrm
[104/820    0s] MovedFromExtractor Library/Bee/artifacts/mvdfrm/UnityEngine.UnityAnalyticsModule.dll_324C21B7D4DA8C38.mvfrm
[105/820    0s] MovedFromExtractor Library/Bee/artifacts/mvdfrm/UnityEngine.UmbraModule.dll_21BA7357FC9EBB76.mvfrm
[106/820    0s] MovedFromExtractor Library/Bee/artifacts/mvdfrm/UnityEngine.UnityAnalyticsCommonModule.dll_377CB16A2941F273.mvfrm
[107/820    0s] MovedFromExtractor Library/Bee/artifacts/mvdfrm/UnityEngine.UIModule.dll_312FEFCB6F55BACB.mvfrm
[108/820    0s] MovedFromExtractor Library/Bee/artifacts/mvdfrm/UnityEngine.UnityWebRequestModule.dll_F8A91B8F0B20947D.mvfrm
[109/820    0s] MovedFromExtractor Library/Bee/artifacts/mvdfrm/UnityEngine.UIElementsModule.dll_E2F2E610D365B4D2.mvfrm
[110/820    0s] MovedFromExtractor Library/Bee/artifacts/mvdfrm/UnityEngine.U2DRuntimeModule.dll_AF90D56FA094EEE8.mvfrm
[111/820    0s] MovedFromExtractor Library/Bee/artifacts/mvdfrm/UnityEngine.TilemapModule.dll_DF91711889C9532B.mvfrm
[112/820    0s] MovedFromExtractor Library/Bee/artifacts/mvdfrm/UnityEngine.TextRenderingModule.dll_49C52593F433EC4C.mvfrm
[113/820    0s] MovedFromExtractor Library/Bee/artifacts/mvdfrm/UnityEngine.ImageConversionModule.dll_E70A13E5002BF9FE.mvfrm
[114/820    0s] MovedFromExtractor Library/Bee/artifacts/mvdfrm/UnityEngine.IdentifiersModule.dll_A664436D94A154B7.mvfrm
[115/820    0s] MovedFromExtractor Library/Bee/artifacts/mvdfrm/UnityEngine.IMGUIModule.dll_DF4566A635A9A3E4.mvfrm
[116/820    0s] MovedFromExtractor Library/Bee/artifacts/mvdfrm/UnityEngine.InputLegacyModule.dll_5F1FD6966A1A3C90.mvfrm
[117/820    0s] MovedFromExtractor Library/Bee/artifacts/mvdfrm/UnityEngine.InputForUIModule.dll_8D8D05D040A2980A.mvfrm
[118/820    0s] MovedFromExtractor Library/Bee/artifacts/mvdfrm/UnityEngine.InsightsModule.dll_EBE02A40B5672C72.mvfrm
[119/820    0s] MovedFromExtractor Library/Bee/artifacts/mvdfrm/UnityEngine.InputModule.dll_0D5B8EEFE5B034A7.mvfrm
[120/820    0s] MovedFromExtractor Library/Bee/artifacts/mvdfrm/UnityEngine.JSONSerializeModule.dll_069E060428903FF5.mvfrm
[121/820    0s] MovedFromExtractor Library/Bee/artifacts/mvdfrm/UnityEngine.MathematicsModule.dll_F2EF695146A07DD3.mvfrm
[122/820    0s] MovedFromExtractor Library/Bee/artifacts/mvdfrm/UnityEngine.LocalizationModule.dll_CAC45F20DCDE0820.mvfrm
[123/820    0s] MovedFromExtractor Library/Bee/artifacts/mvdfrm/UnityEngine.MarshallingModule.dll_76435A0CB650B3F1.mvfrm
[124/820    0s] MovedFromExtractor Library/Bee/artifacts/mvdfrm/UnityEngine.MultiplayerModule.dll_4D82D8048AF01417.mvfrm
[125/820    0s] MovedFromExtractor Library/Bee/artifacts/mvdfrm/UnityEngine.PerformanceReportingModule.dll_9C3DF4260F595415.mvfrm
[126/820    0s] MovedFromExtractor Library/Bee/artifacts/mvdfrm/UnityEngine.ParticleSystemModule.dll_12ACB0EE28B33A3C.mvfrm
[127/820    0s] MovedFromExtractor Library/Bee/artifacts/mvdfrm/UnityEngine.Physics2DModule.dll_4A8F2F8C10FC62E6.mvfrm
[128/820    0s] MovedFromExtractor Library/Bee/artifacts/mvdfrm/UnityEngine.PhysicsBackendPhysXModule.dll_753F3248C99E0716.mvfrm
[129/820    0s] MovedFromExtractor Library/Bee/artifacts/mvdfrm/UnityEngine.PhysicsModule.dll_264E8E289C4E2934.mvfrm
[130/820    0s] MovedFromExtractor Library/Bee/artifacts/mvdfrm/UnityEngine.PhysicsCore2DModule.dll_944A547387F9D455.mvfrm
[131/820    0s] MovedFromExtractor Library/Bee/artifacts/mvdfrm/UnityEngine.TextCoreTextEngineModule.dll_B60AAC9C10843B32.mvfrm
[132/820    0s] MovedFromExtractor Library/Bee/artifacts/mvdfrm/UnityEngine.TextCoreFontEngineModule.dll_6E22762A81008214.mvfrm
[133/820    0s] MovedFromExtractor Library/Bee/artifacts/mvdfrm/UnityEngine.TerrainPhysicsModule.dll_132759C141F634C9.mvfrm
[134/820    0s] MovedFromExtractor Library/Bee/artifacts/mvdfrm/UnityEngine.RenderAs2DModule.dll_F94DAD7B32C7A9C1.mvfrm
[135/820    0s] MovedFromExtractor Library/Bee/artifacts/mvdfrm/UnityEngine.PropertiesModule.dll_B815EAF5536D5F8A.mvfrm
[136/820    0s] MovedFromExtractor Library/Bee/artifacts/mvdfrm/UnityEngine.TerrainModule.dll_40950997720C7222.mvfrm
[137/820    0s] MovedFromExtractor Library/Bee/artifacts/mvdfrm/UnityEngine.ScreenCaptureModule.dll_2085B3893CFC6C57.mvfrm
[138/820    0s] MovedFromExtractor Library/Bee/artifacts/mvdfrm/UnityEngine.RuntimeInitializeOnLoadManagerInitializerModule.dll_FE490C77DA989FAF.mvfrm
[139/820    0s] MovedFromExtractor Library/Bee/artifacts/mvdfrm/UnityEngine.TLSModule.dll_6D22F639BA9D0D08.mvfrm
[140/820    0s] WriteText Library/Bee/artifacts/200b0aEDbg.dag/UnityEngine.UI.UnityAdditionalFile.txt
[141/820    0s] WriteText Library/Bee/artifacts/200b0aEDbg.dag/UnityEngine.UI.rsp2
[142/820    0s] WriteText Library/Bee/artifacts/200b0aEDbg.dag/UnityEngine.TestRunner.dll.mvfrm.rsp
[143/820    0s] WriteText Library/Bee/artifacts/200b0aEDbg.dag/UnityEngine.TestRunner.rsp
[144/820    0s] MovedFromExtractor Library/Bee/artifacts/mvdfrm/UnityEngine.SubsystemsModule.dll_DEB484A8D03978DB.mvfrm
[145/820    0s] MovedFromExtractor Library/Bee/artifacts/mvdfrm/UnityEngine.StreamingModule.dll_B27E2CEBBF87228F.mvfrm
[146/820    0s] WriteText Library/Bee/artifacts/200b0aEDbg.dag/UnityEditor.TestRunner.UnityAdditionalFile.txt
[147/820    0s] WriteText Library/Bee/artifacts/200b0aEDbg.dag/UnityEditor.TestRunner.rsp2
[148/820    0s] WriteText Library/Bee/artifacts/200b0aEDbg.dag/UnityEngine.UI.dll.mvfrm.rsp
[149/820    0s] WriteText Library/Bee/artifacts/200b0aEDbg.dag/UnityEngine.UI.rsp
[150/820    0s] MovedFromExtractor Library/Bee/artifacts/mvdfrm/UnityEngine.SubstanceModule.dll_8F2941350ADA209D.mvfrm
[151/820    0s] MovedFromExtractor Library/Bee/artifacts/mvdfrm/UnityEngine.SpriteShapeModule.dll_E73BE8D287CABEA9.mvfrm
[152/820    0s] MovedFromExtractor Library/Bee/artifacts/mvdfrm/UnityEngine.SharedInternalsModule.dll_6B1B52BA7759F54E.mvfrm
[153/820    0s] WriteText Library/Bee/artifacts/200b0aEDbg.dag/UnityEditor.TestRunner.dll.mvfrm.rsp
[154/820    0s] WriteText Library/Bee/artifacts/200b0aEDbg.dag/UnityEditor.TestRunner.rsp
[155/820    0s] WriteText Library/Bee/artifacts/200b0aEDbg.dag/UnityEditor.UI.rsp2
[156/820    0s] WriteText Library/Bee/artifacts/200b0aEDbg.dag/UnityEditor.UI.UnityAdditionalFile.txt
[157/820    0s] WriteText Library/Bee/artifacts/200b0aEDbg.dag/UnityEditor.UI.dll.mvfrm.rsp
[158/820    0s] WriteText Library/Bee/artifacts/200b0aEDbg.dag/UnityEditor.UI.rsp
[159/820    0s] WriteText Library/Bee/artifacts/200b0aEDbg.dag/Unity.Burst.rsp2
[160/820    0s] WriteText Library/Bee/artifacts/200b0aEDbg.dag/Unity.Mathematics.UnityAdditionalFile.txt
[161/820    0s] WriteText Library/Bee/artifacts/200b0aEDbg.dag/Unity.Mathematics.rsp2
[162/820    0s] WriteText Library/Bee/artifacts/200b0aEDbg.dag/Unity.Burst.UnityAdditionalFile.txt
[163/820    0s] MovedFromExtractor Library/Bee/artifacts/mvdfrm/UnityEngine.SpriteMaskModule.dll_74071E4701F190C8.mvfrm
[164/820    0s] WriteText Library/Bee/artifacts/200b0aEDbg.dag/Unity.Burst.dll.mvfrm.rsp
[165/820    0s] MovedFromExtractor Library/Bee/artifacts/mvdfrm/UnityEditor.WebGL.Extensions.dll_8D0D003EFE711FF1.mvfrm
[166/820    0s] MovedFromExtractor Library/Bee/artifacts/mvdfrm/UnityEngine.UnityWebRequestTextureModule.dll_9A9A06B2E90DFC22.mvfrm
[167/820    0s] WriteText Library/Bee/artifacts/200b0aEDbg.dag/Unity.Mathematics.dll.mvfrm.rsp
[168/820    0s] WriteText Library/Bee/artifacts/200b0aEDbg.dag/Unity.Mathematics.rsp
[169/820    0s] WriteText Library/Bee/artifacts/200b0aEDbg.dag/Unity.Collections.UnityAdditionalFile.txt
[170/820    0s] WriteText Library/Bee/artifacts/200b0aEDbg.dag/Unity.Collections.rsp2
[171/820    0s] WriteText Library/Bee/artifacts/200b0aEDbg.dag/Unity.Burst.rsp
[172/820    0s] WriteText Library/Bee/artifacts/200b0aEDbg.dag/Unity.InputSystem.UnityAdditionalFile.txt
[173/820    0s] WriteText Library/Bee/artifacts/200b0aEDbg.dag/Unity.InputSystem.rsp2
[174/820    0s] WriteText Library/Bee/artifacts/200b0aEDbg.dag/Unity.Collections.dll.mvfrm.rsp
[175/820    0s] WriteText Library/Bee/artifacts/200b0aEDbg.dag/Unity.Burst.CodeGen.UnityAdditionalFile.txt
[176/820    0s] WriteText Library/Bee/artifacts/200b0aEDbg.dag/Unity.Burst.CodeGen.rsp2
[177/820    0s] MovedFromExtractor Library/Bee/artifacts/mvdfrm/UnityEngine.ScriptingModule.dll_150A9861EF871A04.mvfrm
[178/820    0s] WriteText Library/Bee/artifacts/200b0aEDbg.dag/Unity.Collections.CodeGen.UnityAdditionalFile.txt
[179/820    0s] MovedFromExtractor Library/Bee/artifacts/mvdfrm/UnityEditor.Graphs.dll_76CDE359714C1D5D.mvfrm
[180/820    0s] WriteText Library/Bee/artifacts/200b0aEDbg.dag/Unity.InputSystem.rsp
[181/820    0s] MovedFromExtractor Library/Bee/artifacts/mvdfrm/UnityEditor.OSXStandalone.Extensions.dll_422578B06E86D98C.mvfrm
[182/820    0s] WriteText Library/Bee/artifacts/200b0aEDbg.dag/Unity.InputSystem.dll.mvfrm.rsp
[183/820    0s] WriteText Library/Bee/artifacts/200b0aEDbg.dag/Unity.Collections.CodeGen.rsp2
[184/820    0s] WriteText Library/Bee/artifacts/200b0aEDbg.dag/Unity.Collections.rsp
[185/820    0s] WriteText Library/Bee/artifacts/200b0aEDbg.dag/Unity.RenderPipelines.Core.Runtime.dll.mvfrm.rsp
[186/820    0s] WriteText Library/Bee/artifacts/200b0aEDbg.dag/Unity.RenderPipelines.Core.Runtime.UnityAdditionalFile.txt
[187/820    0s] WriteText Library/Bee/artifacts/200b0aEDbg.dag/Unity.RenderPipelines.Core.Runtime.rsp2
[188/820    0s] WriteText Library/Bee/artifacts/200b0aEDbg.dag/Unity.Collections.CodeGen.dll.mvfrm.rsp
[189/820    0s] WriteText Library/Bee/artifacts/200b0aEDbg.dag/Unity.Burst.CodeGen.dll.mvfrm.rsp
[190/820    0s] MovedFromExtractor Library/Bee/artifacts/mvdfrm/UnityEngine.ShaderVariantAnalyticsModule.dll_5B54246394DA379D.mvfrm
[191/820    0s] WriteText Library/Bee/artifacts/200b0aEDbg.dag/Unity.RenderPipelines.Core.Runtime.rsp
[192/820    0s] WriteText Library/Bee/artifacts/200b0aEDbg.dag/Unity.Collections.CodeGen.rsp
[193/820    0s] WriteText Library/Bee/artifacts/200b0aEDbg.dag/Unity.UnifiedRayTracing.Runtime.UnityAdditionalFile.txt
[194/820    0s] WriteText Library/Bee/artifacts/200b0aEDbg.dag/Unity.Burst.CodeGen.rsp
[195/820    0s] MovedFromExtractor Library/Bee/artifacts/mvdfrm/Unity.Collections.LowLevel.ILSupport.dll_1F35A6B2AE06B873.mvfrm
[196/820    0s] WriteText Library/Bee/artifacts/200b0aEDbg.dag/Unity.UnifiedRayTracing.Runtime.rsp2
[197/820    0s] WriteText Library/Bee/artifacts/200b0aEDbg.dag/Unity.UnifiedRayTracing.Runtime.dll.mvfrm.rsp
[198/820    0s] MovedFromExtractor Library/Bee/artifacts/mvdfrm/UnityEngine.AMDModule.dll_6E9332D4936C91B5.mvfrm
[199/820    0s] WriteText Library/Bee/artifacts/200b0aEDbg.dag/Unity.PathTracing.Runtime.rsp2
[200/820    0s] WriteText Library/Bee/artifacts/200b0aEDbg.dag/Unity.UnifiedRayTracing.Runtime.rsp
[201/820    0s] WriteText Library/Bee/artifacts/200b0aEDbg.dag/Unity.PathTracing.Runtime.UnityAdditionalFile.txt
[202/820    0s] WriteText Library/Bee/artifacts/200b0aEDbg.dag/Unity.Profiling.Core.UnityAdditionalFile.txt
[203/820    0s] WriteText Library/Bee/artifacts/200b0aEDbg.dag/Unity.Profiling.Core.rsp2
[204/820    0s] WriteText Library/Bee/artifacts/200b0aEDbg.dag/Unity.PathTracing.Runtime.dll.mvfrm.rsp
[205/820    0s] WriteText Library/Bee/artifacts/200b0aEDbg.dag/Unity.PathTracing.Runtime.rsp
[206/820    0s] WriteText Library/Bee/artifacts/200b0aEDbg.dag/Unity.Profiling.Core.dll.mvfrm.rsp
[207/820    0s] WriteText Library/Bee/artifacts/200b0aEDbg.dag/Unity.InternalAPIEngineBridge.RenderPipelines.Core.Runtime.Shared.rsp2
[208/820    0s] WriteText Library/Bee/artifacts/200b0aEDbg.dag/Unity.InternalAPIEngineBridge.RenderPipelines.Core.Runtime.Shared.UnityAdditionalFile.txt
[209/820    0s] WriteText Library/Bee/artifacts/200b0aEDbg.dag/Unity.Profiling.Core.rsp
[210/820    0s] WriteText Library/Bee/artifacts/200b0aEDbg.dag/Unity.RenderPipelines.GPUDriven.Runtime.UnityAdditionalFile.txt
[211/820    0s] WriteText Library/Bee/artifacts/200b0aEDbg.dag/Unity.RenderPipelines.GPUDriven.Runtime.rsp2
[212/820    0s] WriteText Library/Bee/artifacts/200b0aEDbg.dag/Unity.ResourceManager.rsp2
[213/820    0s] WriteText Library/Bee/artifacts/200b0aEDbg.dag/Unity.ResourceManager.UnityAdditionalFile.txt
[214/820    0s] WriteText Library/Bee/artifacts/200b0aEDbg.dag/Tide.Sim.UnityAdditionalFile.txt
[215/820    0s] WriteText Library/Bee/artifacts/200b0aEDbg.dag/Tide.Sim.rsp2
[216/820    0s] MovedFromExtractor Library/Bee/artifacts/mvdfrm/UnityEngine.HierarchyModule.dll_D2BDBB3739018752.mvfrm
[217/820    0s] WriteText Library/Bee/artifacts/200b0aEDbg.dag/Unity.InternalAPIEngineBridge.RenderPipelines.Core.Runtime.Shared.rsp
[218/820    0s] WriteText Library/Bee/artifacts/200b0aEDbg.dag/Unity.RenderPipelines.Core.Runtime.Shared.UnityAdditionalFile.txt
[219/820    0s] WriteText Library/Bee/artifacts/200b0aEDbg.dag/Unity.RenderPipelines.Core.Runtime.Shared.rsp2
[220/820    0s] WriteText Library/Bee/artifacts/200b0aEDbg.dag/Unity.InternalAPIEngineBridge.RenderPipelines.Core.Runtime.Shared.dll.mvfrm.rsp
[221/820    0s] MovedFromExtractor Library/Bee/artifacts/mvdfrm/UnityEngine.NVIDIAModule.dll_FC8DA38F8F544482.mvfrm
[222/820    0s] WriteText Library/Bee/artifacts/200b0aEDbg.dag/Unity.ResourceManager.dll.mvfrm.rsp
[223/820    0s] WriteText Library/Bee/artifacts/200b0aEDbg.dag/Unity.RenderPipelines.GPUDriven.Runtime.dll.mvfrm.rsp
[224/820    0s] WriteText Library/Bee/artifacts/200b0aEDbg.dag/Unity.InternalAPIEngineBridge.RenderPipelines.Core.Editor.rsp2
[225/820    0s] WriteText Library/Bee/artifacts/200b0aEDbg.dag/Unity.RenderPipeline.Universal.ShaderLibrary.UnityAdditionalFile.txt
[226/820    0s] WriteText Library/Bee/artifacts/200b0aEDbg.dag/Unity.RenderPipeline.Universal.ShaderLibrary.rsp2
[227/820    0s] WriteText Library/Bee/artifacts/200b0aEDbg.dag/Unity.SurfaceCache.Runtime.rsp2
[228/820    0s] WriteText Library/Bee/artifacts/200b0aEDbg.dag/Unity.ResourceManager.rsp
[229/820    0s] WriteText Library/Bee/artifacts/200b0aEDbg.dag/Unity.InternalAPIEngineBridge.RenderPipelines.Core.Editor.UnityAdditionalFile.txt
[230/820    0s] WriteText Library/Bee/artifacts/200b0aEDbg.dag/Unity.SurfaceCache.Runtime.UnityAdditionalFile.txt
[231/820    0s] WriteText Library/Bee/artifacts/200b0aEDbg.dag/Unity.RenderPipelines.GPUDriven.Runtime.rsp
[232/820    0s] WriteText Library/Bee/artifacts/200b0aEDbg.dag/Unity.RenderPipelines.Universal.Config.Runtime.rsp2
[233/820    0s] WriteText Library/Bee/artifacts/200b0aEDbg.dag/Unity.PathTracing.Editor.rsp2
[234/820    0s] WriteText Library/Bee/artifacts/200b0aEDbg.dag/Unity.ScriptableBuildPipeline.rsp2
[235/820    0s] WriteText Library/Bee/artifacts/200b0aEDbg.dag/Unity.ScriptableBuildPipeline.UnityAdditionalFile.txt
[236/820    0s] WriteText Library/Bee/artifacts/200b0aEDbg.dag/Unity.RenderPipelines.Universal.Config.Runtime.UnityAdditionalFile.txt
[237/820    0s] WriteText Library/Bee/artifacts/200b0aEDbg.dag/Unity.PathTracing.Editor.UnityAdditionalFile.txt
[238/820    0s] WriteText Library/Bee/artifacts/200b0aEDbg.dag/Unity.RenderPipelines.Core.Runtime.Shared.dll.mvfrm.rsp
[239/820    0s] WriteText Library/Bee/artifacts/200b0aEDbg.dag/Tide.Sim.dll.mvfrm.rsp
[240/820    0s] WriteText Library/Bee/artifacts/200b0aEDbg.dag/Unity.SurfaceCache.Runtime.dll.mvfrm.rsp
[241/820    0s] WriteText Library/Bee/artifacts/200b0aEDbg.dag/Unity.RenderPipelines.Core.Runtime.Shared.rsp
[242/820    0s] WriteText Library/Bee/artifacts/200b0aEDbg.dag/Unity.RenderPipeline.Universal.ShaderLibrary.dll.mvfrm.rsp
[243/820    0s] WriteText Library/Bee/artifacts/200b0aEDbg.dag/Tide.Sim.rsp
[244/820    0s] WriteText Library/Bee/artifacts/200b0aEDbg.dag/Unity.InternalAPIEngineBridge.RenderPipelines.Core.Editor.dll.mvfrm.rsp
[245/820    0s] WriteText Library/Bee/artifacts/200b0aEDbg.dag/Unity.InternalAPIEngineBridge.004.rsp2
[246/820    0s] WriteText Library/Bee/artifacts/200b0aEDbg.dag/Unity.InternalAPIEngineBridge.004.UnityAdditionalFile.txt
[247/820    0s] WriteText Library/Bee/artifacts/200b0aEDbg.dag/Unity.SurfaceCache.Runtime.rsp
[248/820    0s] WriteText Library/Bee/artifacts/200b0aEDbg.dag/Unity.RenderPipelines.Universal.Config.Runtime.dll.mvfrm.rsp
[249/820    0s] WriteText Library/Bee/artifacts/200b0aEDbg.dag/Unity.Addressables.rsp2
[250/820    0s] WriteText Library/Bee/artifacts/200b0aEDbg.dag/Unity.Addressables.UnityAdditionalFile.txt
[251/820    0s] WriteText Library/Bee/artifacts/200b0aEDbg.dag/Unity.PathTracing.Editor.dll.mvfrm.rsp
[252/820    0s] WriteText Library/Bee/artifacts/200b0aEDbg.dag/Unity.RenderPipeline.Universal.ShaderLibrary.rsp
[253/820    0s] MovedFromExtractor Library/Bee/artifacts/mvdfrm/Unity.Burst.Unsafe.dll_21890BB978BF4350.mvfrm
[254/820    0s] WriteText Library/Bee/artifacts/200b0aEDbg.dag/Unity.ScriptableBuildPipeline.dll.mvfrm.rsp
[255/820    0s] WriteText Library/Bee/artifacts/200b0aEDbg.dag/Unity.ScriptableBuildPipeline.rsp
[256/820    0s] WriteText Library/Bee/artifacts/200b0aEDbg.dag/Unity.InternalAPIEngineBridge.004.dll.mvfrm.rsp
[257/820    0s] WriteText Library/Bee/artifacts/200b0aEDbg.dag/Unity.RenderPipelines.Universal.Runtime.UnityAdditionalFile.txt
[258/820    0s] WriteText Library/Bee/artifacts/200b0aEDbg.dag/Unity.InternalAPIEngineBridge.RenderPipelines.Core.Editor.rsp
[259/820    0s] WriteText Library/Bee/artifacts/200b0aEDbg.dag/Unity.RenderPipelines.Universal.Config.Runtime.rsp
[260/820    0s] WriteText Library/Bee/artifacts/200b0aEDbg.dag/Unity.RenderPipelines.Universal.Runtime.rsp2
[261/820    0s] WriteText Library/Bee/artifacts/200b0aEDbg.dag/Unity.PathTracing.Editor.rsp
[262/820    0s] WriteText Library/Bee/artifacts/200b0aEDbg.dag/Unity.RenderPipelines.Core.Editor.UnityAdditionalFile.txt
[263/820    0s] WriteText Library/Bee/artifacts/200b0aEDbg.dag/Unity.RenderPipelines.Core.Editor.rsp2
[264/820    0s] WriteText Library/Bee/artifacts/200b0aEDbg.dag/Tide.Presentation.UnityAdditionalFile.txt
[265/820    0s] WriteText Library/Bee/artifacts/200b0aEDbg.dag/Unity.TextMeshPro.rsp2
[266/820    0s] WriteText Library/Bee/artifacts/200b0aEDbg.dag/Tide.Presentation.rsp2
[267/820    0s] WriteText Library/Bee/artifacts/200b0aEDbg.dag/Unity.TextMeshPro.UnityAdditionalFile.txt
[268/820    0s] WriteText Library/Bee/artifacts/200b0aEDbg.dag/Unity.ScriptableBuildPipeline.Editor.rsp2
[269/820    0s] WriteText Library/Bee/artifacts/200b0aEDbg.dag/Unity.InternalAPIEngineBridge.004.rsp
[270/820    0s] WriteText Library/Bee/artifacts/200b0aEDbg.dag/Unity.Addressables.dll.mvfrm.rsp
[271/820    0s] WriteText Library/Bee/artifacts/200b0aEDbg.dag/Unity.Addressables.rsp
[272/820    0s] WriteText Library/Bee/artifacts/200b0aEDbg.dag/Unity.RenderPipelines.Core.Editor.dll.mvfrm.rsp
[273/820    0s] WriteText Library/Bee/artifacts/200b0aEDbg.dag/Unity.ScriptableBuildPipeline.Editor.UnityAdditionalFile.txt
[274/820    0s] WriteText Library/Bee/artifacts/200b0aEDbg.dag/Unity.RenderPipelines.Universal.Runtime.dll.mvfrm.rsp
[275/820    0s] WriteText Library/Bee/artifacts/200b0aEDbg.dag/Unity.RenderPipelines.Universal.Runtime.rsp
[276/820    0s] WriteText Library/Bee/artifacts/200b0aEDbg.dag/Tide.Presentation.rsp
[277/820    0s] WriteText Library/Bee/artifacts/200b0aEDbg.dag/Unity.ScriptableBuildPipeline.Editor.dll.mvfrm.rsp
[278/820    0s] WriteText Library/Bee/artifacts/200b0aEDbg.dag/Tide.Presentation.dll.mvfrm.rsp
[279/820    0s] WriteText Library/Bee/artifacts/200b0aEDbg.dag/Tide.Data.rsp2
[280/820    0s] WriteText Library/Bee/artifacts/200b0aEDbg.dag/Tide.Data.UnityAdditionalFile.txt
[281/820    0s] WriteText Library/Bee/artifacts/200b0aEDbg.dag/Unity.InternalAPIEditorBridge.ShaderGraph.Editor.UnityAdditionalFile.txt
[282/820    0s] WriteText Library/Bee/artifacts/200b0aEDbg.dag/Unity.Searcher.Editor.UnityAdditionalFile.txt
[283/820    0s] WriteText Library/Bee/artifacts/200b0aEDbg.dag/Unity.InternalAPIEditorBridge.ShaderGraph.Editor.rsp2
[284/820    0s] WriteText Library/Bee/artifacts/200b0aEDbg.dag/Unity.RenderPipelines.Core.Editor.rsp
[285/820    0s] WriteText Library/Bee/artifacts/200b0aEDbg.dag/Unity.ShaderGraph.Utilities.UnityAdditionalFile.txt
[286/820    0s] WriteText Library/Bee/artifacts/200b0aEDbg.dag/Unity.Searcher.Editor.rsp2
[287/820    0s] WriteText Library/Bee/artifacts/200b0aEDbg.dag/Tide.Save.UnityAdditionalFile.txt
[288/820    0s] WriteText Library/Bee/artifacts/200b0aEDbg.dag/Tide.Input.rsp2
[289/820    0s] WriteText Library/Bee/artifacts/200b0aEDbg.dag/Tide.Save.rsp2
[290/820    0s] WriteText Library/Bee/artifacts/200b0aEDbg.dag/Tide.UI.UnityAdditionalFile.txt
[291/820    0s] WriteText Library/Bee/artifacts/200b0aEDbg.dag/Tide.UI.rsp2
[292/820    0s] WriteText Library/Bee/artifacts/200b0aEDbg.dag/Unity.ShaderGraph.Utilities.rsp2
[293/820    0s] WriteText Library/Bee/artifacts/200b0aEDbg.dag/Tide.Input.UnityAdditionalFile.txt
[294/820    0s] WriteText Library/Bee/artifacts/200b0aEDbg.dag/Unity.TextMeshPro.dll.mvfrm.rsp
[295/820    0s] WriteText Library/Bee/artifacts/200b0aEDbg.dag/Unity.ShaderGraph.Utilities.dll.mvfrm.rsp
[296/820    0s] WriteText Library/Bee/artifacts/200b0aEDbg.dag/Unity.TextMeshPro.rsp
[297/820    0s] WriteText Library/Bee/artifacts/200b0aEDbg.dag/Unity.InternalAPIEngineBridge.013.UnityAdditionalFile.txt
[298/820    0s] WriteText Library/Bee/artifacts/200b0aEDbg.dag/Unity.InternalAPIEngineBridge.013.rsp2
[299/820    0s] WriteText Library/Bee/artifacts/200b0aEDbg.dag/Unity.InternalAPIEditorBridge.ShaderGraph.Editor.dll.mvfrm.rsp
[300/820    0s] WriteText Library/Bee/artifacts/200b0aEDbg.dag/Unity.Searcher.Editor.dll.mvfrm.rsp
[301/820    0s] WriteText Library/Bee/artifacts/200b0aEDbg.dag/Unity.ShaderGraph.Utilities.rsp
[302/820    0s] WriteText Library/Bee/artifacts/200b0aEDbg.dag/Unity.ScriptableBuildPipeline.Editor.rsp
[303/820    0s] WriteText Library/Bee/artifacts/200b0aEDbg.dag/Unity.Searcher.Editor.rsp
[304/820    0s] WriteText Library/Bee/artifacts/200b0aEDbg.dag/Tide.Save.dll.mvfrm.rsp
[305/820    0s] WriteText Library/Bee/artifacts/200b0aEDbg.dag/Unity.InternalAPIEditorBridge.ShaderGraph.Editor.rsp
[306/820    0s] MovedFromExtractor Library/Bee/artifacts/mvdfrm/Unity.Burst.Cecil.Rocks.dll_4860FB3DE0B45A53.mvfrm
[307/820    0s] MovedFromExtractor Library/Bee/artifacts/mvdfrm/Unity.Burst.Cecil.Mdb.dll_2CFFC6FBE2DD1050.mvfrm
[308/820    0s] WriteText Library/Bee/artifacts/200b0aEDbg.dag/Unity.Addressables.Editor.rsp2
[309/820    0s] WriteText Library/Bee/artifacts/200b0aEDbg.dag/Tide.Data.dll.mvfrm.rsp
[310/820    0s] WriteText Library/Bee/artifacts/200b0aEDbg.dag/Unity.Addressables.Editor.UnityAdditionalFile.txt
[311/820    0s] WriteText Library/Bee/artifacts/200b0aEDbg.dag/Tide.UI.dll.mvfrm.rsp
[312/820    0s] WriteText Library/Bee/artifacts/200b0aEDbg.dag/Unity.InternalAPIEngineBridge.013.dll.mvfrm.rsp
[313/820    0s] MovedFromExtractor-Combine Library/Bee/artifacts/200b0aEDbg.dag/UnityEngine.TestRunner.dll.mvfrm
[314/820    0s] WriteText Library/Bee/artifacts/200b0aEDbg.dag/Tide.Input.rsp
[315/820    0s] WriteText Library/Bee/artifacts/200b0aEDbg.dag/Tide.Data.rsp
[316/820    0s] WriteText Library/Bee/artifacts/200b0aEDbg.dag/Tide.App.UnityAdditionalFile.txt
[317/820    0s] WriteText Library/Bee/artifacts/200b0aEDbg.dag/Unity.InternalAPIEngineBridge.013.rsp
[318/820    0s] WriteText Library/Bee/artifacts/200b0aEDbg.dag/Tide.Save.rsp
[319/820    0s] WriteText Library/Bee/artifacts/200b0aEDbg.dag/Tide.Input.dll.mvfrm.rsp
[320/820    0s] WriteText Library/Bee/artifacts/200b0aEDbg.dag/Tide.UI.rsp
[321/820    0s] WriteText Library/Bee/artifacts/200b0aEDbg.dag/Tide.App.rsp2
[322/820    0s] WriteText Library/Bee/artifacts/200b0aEDbg.dag/Unity.Burst.Editor.UnityAdditionalFile.txt
[323/820    0s] WriteText Library/Bee/artifacts/200b0aEDbg.dag/Unity.Burst.Editor.rsp2
[324/820    0s] WriteText Library/Bee/artifacts/200b0aEDbg.dag/Unity.RenderPipelines.Core.Editor.Shared.rsp2
[325/820    0s] WriteText Library/Bee/artifacts/200b0aEDbg.dag/Unity.RenderPipelines.Core.Editor.Shared.UnityAdditionalFile.txt
[326/820    0s] MovedFromExtractor Library/Bee/artifacts/mvdfrm/Unity.CompilationPipeline.Common.dll_DADD924AE156A379.mvfrm
[327/820    0s] WriteText Library/Bee/artifacts/200b0aEDbg.dag/Unity.RenderPipelines.Universal.2D.Runtime.rsp2
[328/820    0s] MovedFromExtractor Library/Bee/artifacts/mvdfrm/Unity.Burst.Cecil.Pdb.dll_44523F6B619211D3.mvfrm
[329/820    0s] MovedFromExtractor Library/Bee/artifacts/mvdfrm/Unity.Burst.Cecil.dll_FAA4E5A1BE03D053.mvfrm
[330/820    0s] WriteText Library/Bee/artifacts/200b0aEDbg.dag/Unity.RenderPipelines.Universal.2D.Runtime.UnityAdditionalFile.txt
[331/820    0s] WriteText Library/Bee/artifacts/200b0aEDbg.dag/Unity.ShaderGraph.Editor.UnityAdditionalFile.txt
[332/820    0s] WriteText Library/Bee/artifacts/200b0aEDbg.dag/Unity.Burst.Editor.dll.mvfrm.rsp
[333/820    0s] MovedFromExtractor-Combine Library/Bee/artifacts/200b0aEDbg.dag/UnityEngine.UI.dll.mvfrm
[334/820    0s] WriteText Library/Bee/artifacts/200b0aEDbg.dag/Unity.ShaderGraph.Editor.rsp2
[335/820    0s] WriteText Library/Bee/artifacts/200b0aEDbg.dag/Unity.Localization.UnityAdditionalFile.txt
[336/820    0s] WriteText Library/Bee/artifacts/200b0aEDbg.dag/Unity.Addressables.Editor.dll.mvfrm.rsp
[337/820    0s] WriteText Library/Bee/artifacts/200b0aEDbg.dag/Unity.ShaderGraph.Editor.dll.mvfrm.rsp
[338/820    0s] WriteText Library/Bee/artifacts/200b0aEDbg.dag/Unity.InternalAPIEditorBridge.013.UnityAdditionalFile.txt
[339/820    0s] WriteText Library/Bee/artifacts/200b0aEDbg.dag/Unity.RenderPipelines.Universal.2D.Runtime.dll.mvfrm.rsp
[340/820    0s] WriteText Library/Bee/artifacts/200b0aEDbg.dag/Unity.RenderPipelines.Core.Editor.Shared.dll.mvfrm.rsp
[341/820    0s] WriteText Library/Bee/artifacts/200b0aEDbg.dag/Unity.Addressables.Editor.rsp
[342/820    0s] WriteText Library/Bee/artifacts/200b0aEDbg.dag/Unity.InternalAPIEditorBridge.013.rsp2
[343/820    0s] WriteText Library/Bee/artifacts/200b0aEDbg.dag/Unity.PerformanceTesting.rsp2
[344/820    0s] WriteText Library/Bee/artifacts/200b0aEDbg.dag/Unity.InputSystem.ForUI.UnityAdditionalFile.txt
[345/820    0s] WriteText Library/Bee/artifacts/200b0aEDbg.dag/Tide.App.dll.mvfrm.rsp
[346/820    0s] WriteText Library/Bee/artifacts/200b0aEDbg.dag/Unity.InputSystem.ForUI.rsp2
[347/820    0s] WriteText Library/Bee/artifacts/200b0aEDbg.dag/Unity.Localization.rsp2
[348/820    0s] WriteText Library/Bee/artifacts/200b0aEDbg.dag/Unity.PerformanceTesting.dll.mvfrm.rsp
[349/820    0s] WriteText Library/Bee/artifacts/200b0aEDbg.dag/Unity.PerformanceTesting.UnityAdditionalFile.txt
[350/820    0s] WriteText Library/Bee/artifacts/200b0aEDbg.dag/Unity.RenderPipelines.Universal.2D.Runtime.rsp
[351/820    0s] WriteText Library/Bee/artifacts/200b0aEDbg.dag/Unity.RenderPipelines.Core.Editor.Shared.rsp
[352/820    0s] WriteText Library/Bee/artifacts/200b0aEDbg.dag/Unity.ShaderGraph.Editor.rsp
[353/820    0s] WriteText Library/Bee/artifacts/200b0aEDbg.dag/Unity.Burst.Editor.rsp
[354/820    0s] WriteText Library/Bee/artifacts/200b0aEDbg.dag/Unity.InternalAPIEditorBridge.013.dll.mvfrm.rsp
[355/820    0s] WriteText Library/Bee/artifacts/200b0aEDbg.dag/Tide.App.rsp
[356/820    0s] WriteText Library/Bee/artifacts/200b0aEDbg.dag/Tide.EditorTools.rsp2
[357/820    0s] WriteText Library/Bee/artifacts/200b0aEDbg.dag/Unity.Localization.dll.mvfrm.rsp
[358/820    0s] WriteText Library/Bee/artifacts/200b0aEDbg.dag/Unity.PerformanceTesting.rsp
[359/820    0s] WriteText Library/Bee/artifacts/200b0aEDbg.dag/Unity.InputSystem.ForUI.dll.mvfrm.rsp
[360/820    0s] WriteText Library/Bee/artifacts/200b0aEDbg.dag/Unity.InternalAPIEditorBridge.013.rsp
[361/820    0s] WriteText Library/Bee/artifacts/200b0aEDbg.dag/Tide.EditorTools.UnityAdditionalFile.txt
[362/820    0s] WriteText Library/Bee/artifacts/200b0aEDbg.dag/Unity.Localization.rsp
[363/820    0s] WriteText Library/Bee/artifacts/200b0aEDbg.dag/Tide.EditorTools.dll.mvfrm.rsp
[364/820    0s] WriteText Library/Bee/artifacts/200b0aEDbg.dag/Tide.EditorTools.rsp
[365/820    0s] WriteText Library/Bee/artifacts/200b0aEDbg.dag/Unity.InputSystem.ForUI.rsp
[366/820    0s] WriteText Library/Bee/artifacts/200b0aEDbg.dag/Unity.RenderPipelines.Core.ShaderLibrary.dll.mvfrm.rsp
[367/820    0s] WriteText Library/Bee/artifacts/200b0aEDbg.dag/Unity.InputSystem.TestFramework.dll.mvfrm.rsp
[368/820    0s] WriteText Library/Bee/artifacts/200b0aEDbg.dag/Tide.Tests.Play.dll.mvfrm.rsp
[369/820    0s] WriteText Library/Bee/artifacts/200b0aEDbg.dag/Tide.Tests.Sim.dll.mvfrm.rsp
[370/820    0s] WriteText Library/Bee/artifacts/200b0aEDbg.dag/Unity.RenderPipelines.ShaderGraph.ShaderGraphLibrary.dll.mvfrm.rsp
[371/820    0s] WriteText Library/Bee/artifacts/200b0aEDbg.dag/Unity.RenderPipelines.Universal.Shaders.rsp2
[372/820    0s] WriteText Library/Bee/artifacts/200b0aEDbg.dag/Unity.Rendering.LightTransport.Editor.dll.mvfrm.rsp
[373/820    0s] WriteText Library/Bee/artifacts/200b0aEDbg.dag/Unity.Localization.Editor.dll.mvfrm.rsp
[374/820    0s] WriteText Library/Bee/artifacts/200b0aEDbg.dag/Unity.RenderPipelines.Universal.Shaders.dll.mvfrm.rsp
[375/820    0s] WriteText Library/Bee/artifacts/200b0aEDbg.dag/Unity.RenderPipelines.Universal.Shaders.UnityAdditionalFile.txt
[376/820    0s] WriteText Library/Bee/artifacts/200b0aEDbg.dag/Unity.Addressables.DocExampleCode.Editor.Tests.dll.mvfrm.rsp
[377/820    0s] WriteText Library/Bee/artifacts/200b0aEDbg.dag/Unity.AutoGroupGenerator.Editor.dll.mvfrm.rsp
[378/820    0s] WriteText Library/Bee/artifacts/200b0aEDbg.dag/Unity.InputSystem.TestFramework.rsp2
[379/820    0s] WriteText Library/Bee/artifacts/200b0aEDbg.dag/Unity.InputSystem.TestFramework.UnityAdditionalFile.txt
[380/820    0s] WriteText Library/Bee/artifacts/200b0aEDbg.dag/Unity.InputSystem.DocCodeSamples.dll.mvfrm.rsp
[381/820    0s] WriteText Library/Bee/artifacts/200b0aEDbg.dag/Tide.Tests.Play.rsp2
[382/820    0s] WriteText Library/Bee/artifacts/200b0aEDbg.dag/Unity.PerformanceTesting.Editor.dll.mvfrm.rsp
[383/820    0s] MovedFromExtractor-Combine Library/Bee/artifacts/200b0aEDbg.dag/Tide.Sim.dll.mvfrm
[384/820    0s] WriteText Library/Bee/artifacts/200b0aEDbg.dag/Unity.RenderPipelines.ShaderGraph.ShaderGraphLibrary.UnityAdditionalFile.txt
[385/820    0s] WriteText Library/Bee/artifacts/200b0aEDbg.dag/Unity.TextMeshPro.Editor.dll.mvfrm.rsp
[386/820    0s] WriteText Library/Bee/artifacts/200b0aEDbg.dag/Unity.RenderPipelines.ShaderGraph.ShaderGraphLibrary.rsp2
[387/820    0s] WriteText Library/Bee/artifacts/200b0aEDbg.dag/Unity.RenderPipelines.Core.ShaderLibrary.rsp2
[388/820    0s] WriteText Library/Bee/artifacts/200b0aEDbg.dag/Unity.RenderPipelines.Universal.2D.Editor.Overrides.dll.mvfrm.rsp
[389/820    0s] WriteText Library/Bee/artifacts/200b0aEDbg.dag/Unity.RenderPipelines.Core.ShaderLibrary.UnityAdditionalFile.txt
[390/820    0s] WriteText Library/Bee/artifacts/200b0aEDbg.dag/Unity.RenderPipelines.Universal.Editor.dll.mvfrm.rsp
[391/820    0s] WriteText Library/Bee/artifacts/200b0aEDbg.dag/Unity.InputSystem.ForUI.Editor.dll.mvfrm.rsp
[392/820    0s] WriteText Library/Bee/artifacts/200b0aEDbg.dag/Tide.Tests.Play.UnityAdditionalFile.txt
[393/820    0s] WriteText Library/Bee/artifacts/200b0aEDbg.dag/Unity.InputSystem.ForUI.Editor.rsp2
[394/820    0s] WriteText Library/Bee/artifacts/200b0aEDbg.dag/Unity.InputSystem.ForUI.Editor.UnityAdditionalFile.txt
[395/820    0s] WriteText Library/Bee/artifacts/200b0aEDbg.dag/Unity.RenderPipelines.Universal.Editor.rsp2
[396/820    0s] WriteText Library/Bee/artifacts/200b0aEDbg.dag/UnityEditor.UI.Analytics.dll.mvfrm.rsp
[397/820    0s] WriteText Library/Bee/artifacts/200b0aEDbg.dag/Unity.Collections.Editor.rsp2
[398/820    0s] WriteText Library/Bee/artifacts/200b0aEDbg.dag/Unity.RenderPipelines.Universal.Editor.UnityAdditionalFile.txt
[399/820    0s] WriteText Library/Bee/artifacts/200b0aEDbg.dag/UnityEditor.UI.Analytics.rsp2
[400/820    0s] WriteText Library/Bee/artifacts/200b0aEDbg.dag/Unity.Collections.Editor.UnityAdditionalFile.txt
[401/820    0s] WriteText Library/Bee/artifacts/200b0aEDbg.dag/Unity.Collections.Editor.dll.mvfrm.rsp
[402/820    0s] WriteText Library/Bee/artifacts/200b0aEDbg.dag/Tide.Tests.Play.rsp
[403/820    0s] WriteText Library/Bee/artifacts/200b0aEDbg.dag/UnityEditor.UI.Analytics.UnityAdditionalFile.txt
[404/820    0s] WriteText Library/Bee/artifacts/200b0aEDbg.dag/Unity.RenderPipelines.Universal.2D.Editor.Overrides.rsp2
[405/820    0s] WriteText Library/Bee/artifacts/200b0aEDbg.dag/Unity.TextMeshPro.Editor.rsp2
[406/820    0s] WriteText Library/Bee/artifacts/200b0aEDbg.dag/Unity.PerformanceTesting.Editor.UnityAdditionalFile.txt
[407/820    0s] WriteText Library/Bee/artifacts/200b0aEDbg.dag/Unity.RenderPipelines.ShaderGraph.ShaderGraphLibrary.rsp
[408/820    0s] WriteText Library/Bee/artifacts/200b0aEDbg.dag/Unity.TextMeshPro.Editor.UnityAdditionalFile.txt
[409/820    0s] WriteText Library/Bee/artifacts/200b0aEDbg.dag/Unity.PerformanceTesting.Editor.rsp2
[410/820    0s] WriteText Library/Bee/artifacts/200b0aEDbg.dag/Unity.RenderPipelines.Universal.2D.Editor.Overrides.UnityAdditionalFile.txt
[411/820    0s] WriteText Library/Bee/artifacts/200b0aEDbg.dag/Unity.Addressables.DocExampleCode.Editor.Tests.rsp2
[412/820    0s] WriteText Library/Bee/artifacts/200b0aEDbg.dag/Unity.InputSystem.TestFramework.rsp
[413/820    0s] WriteText Library/Bee/artifacts/200b0aEDbg.dag/Unity.AutoGroupGenerator.Editor.rsp2
[414/820    0s] WriteText Library/Bee/artifacts/200b0aEDbg.dag/Unity.AutoGroupGenerator.Editor.UnityAdditionalFile.txt
[415/820    0s] WriteText Library/Bee/artifacts/200b0aEDbg.dag/Unity.RenderPipelines.Core.ShaderLibrary.rsp
[416/820    0s] WriteText Library/Bee/artifacts/200b0aEDbg.dag/Unity.Addressables.DocExampleCode.Editor.Tests.UnityAdditionalFile.txt
[417/820    0s] WriteText Library/Bee/artifacts/200b0aEDbg.dag/Unity.InputSystem.DocCodeSamples.UnityAdditionalFile.txt
[418/820    0s] WriteText Library/Bee/artifacts/200b0aEDbg.dag/Unity.InputSystem.DocCodeSamples.rsp2
[419/820    0s] WriteText Library/Bee/artifacts/200b0aEDbg.dag/Tide.Tests.Sim.rsp2
[420/820    0s] WriteText Library/Bee/artifacts/200b0aEDbg.dag/Tide.Tests.Sim.UnityAdditionalFile.txt
[421/820    0s] WriteText Library/Bee/artifacts/200b0aEDbg.dag/Unity.Localization.Editor.UnityAdditionalFile.txt
[422/820    0s] WriteText Library/Bee/artifacts/200b0aEDbg.dag/Unity.Localization.Editor.rsp2
[423/820    0s] WriteText Library/Bee/artifacts/200b0aEDbg.dag/Unity.RenderPipelines.Universal.Shaders.rsp
[424/820    0s] WriteText Library/Bee/artifacts/200b0aEDbg.dag/Unity.Rendering.LightTransport.Editor.rsp2
[425/820    0s] WriteText Library/Bee/artifacts/200b0aEDbg.dag/Unity.InputSystem.DocCodeSamples.rsp
[426/820    0s] WriteText Library/Bee/artifacts/200b0aEDbg.dag/Tide.Tests.Sim.rsp
[427/820    0s] WriteText Library/Bee/artifacts/200b0aEDbg.dag/Unity.Rendering.LightTransport.Editor.UnityAdditionalFile.txt
[428/820    0s] WriteText Library/Bee/artifacts/200b0aEDbg.dag/Unity.Rendering.LightTransport.Editor.rsp
[429/820    0s] WriteText Library/Bee/artifacts/200b0aEDbg.dag/Unity.Addressables.DocExampleCode.Editor.Tests.rsp
[430/820    0s] WriteText Library/Bee/artifacts/200b0aEDbg.dag/Unity.Localization.Editor.rsp
[431/820    0s] WriteText Library/Bee/artifacts/200b0aEDbg.dag/Unity.TextMeshPro.Editor.rsp
[432/820    0s] WriteText Library/Bee/artifacts/200b0aEDbg.dag/Unity.PerformanceTesting.Editor.rsp
[433/820    0s] WriteText Library/Bee/artifacts/200b0aEDbg.dag/Unity.RenderPipelines.Universal.2D.Editor.Overrides.rsp
[434/820    0s] WriteText Library/Bee/artifacts/200b0aEDbg.dag/Unity.Collections.Editor.rsp
[435/820    0s] WriteText Library/Bee/artifacts/200b0aEDbg.dag/Unity.InputSystem.ForUI.Editor.rsp
[436/820    0s] WriteText Library/Bee/artifacts/200b0aEDbg.dag/UnityEditor.UI.Analytics.rsp
[437/820    0s] WriteText Library/Bee/artifacts/200b0aEDbg.dag/Unity.RenderPipelines.Universal.Editor.rsp
[438/820    0s] WriteText Library/Bee/artifacts/200b0aEDbg.dag/Unity.AutoGroupGenerator.Editor.rsp
[439/820    0s] MovedFromExtractor Library/Bee/artifacts/mvdfrm/Unity.Localization.ThirdParty.Editor.dll_03F242DD43C0C896.mvfrm
[439/820    0s] Csc Library/Bee/artifacts/200b0aEDbg.dag/UnityEngine.TestRunner.dll (+2 others) [CacheHit ccd48ffc9c2239619f76d221eded6eda00000000000000000000000000000006]
[440/820    0s] Csc Library/Bee/artifacts/200b0aEDbg.dag/UnityEngine.TestRunner.dll (+2 others)
[440/820    0s] Csc Library/Bee/artifacts/200b0aEDbg.dag/UnityEngine.UI.dll (+2 others) [CacheHit 26d01aff4001640496665e471c45b42900000000000000000000000000000006]
[442/820    0s] Csc Library/Bee/artifacts/200b0aEDbg.dag/UnityEngine.UI.dll (+2 others)
[444/820    0s] CopyFiles Library/ScriptAssemblies/UnityEngine.TestRunner.dll
[445/820    0s] CopyFiles Library/ScriptAssemblies/UnityEngine.TestRunner.pdb
[446/820    0s] MovedFromExtractor Library/Bee/artifacts/mvdfrm/UnityEngine.TestRunner.ref.dll_C1F0FBEBCB4A09D3.mvfrm
[447/820    0s] MovedFromExtractor Library/Bee/artifacts/mvdfrm/UnityEngine.UI.ref.dll_7FD1AEB5942D0F15.mvfrm
[448/820    0s] MovedFromExtractor-Combine Library/Bee/artifacts/200b0aEDbg.dag/UnityEditor.TestRunner.dll.mvfrm
[446/820    0s] Csc Library/Bee/artifacts/200b0aEDbg.dag/UnityEditor.TestRunner.dll (+2 others) [CacheHit 5380f430cd79820591f825f39ec8e8dc00000000000000000000000000000006]
[449/820    0s] Csc Library/Bee/artifacts/200b0aEDbg.dag/UnityEditor.TestRunner.dll (+2 others)
[451/820    0s] CopyFiles Library/ScriptAssemblies/UnityEditor.TestRunner.pdb
[452/820    0s] CopyFiles Library/ScriptAssemblies/UnityEditor.TestRunner.dll
[453/820    0s] MovedFromExtractor Library/Bee/artifacts/mvdfrm/UnityEditor.TestRunner.ref.dll_F5D2B13D9F86ABE8.mvfrm
[454/820    0s] MovedFromExtractor-Combine Library/Bee/artifacts/200b0aEDbg.dag/UnityEditor.UI.dll.mvfrm
[451/820    0s] Csc Library/Bee/artifacts/200b0aEDbg.dag/UnityEditor.UI.dll (+2 others) [CacheHit 758bbda497774900a5a30f264d89208700000000000000000000000000000006]
[455/820    0s] Csc Library/Bee/artifacts/200b0aEDbg.dag/UnityEditor.UI.dll (+2 others)
[457/820    0s] MovedFromExtractor Library/Bee/artifacts/mvdfrm/UnityEditor.UI.ref.dll_C36BD85A8E0AE6AA.mvfrm
[458/820    0s] MovedFromExtractor-Combine Library/Bee/artifacts/200b0aEDbg.dag/Unity.ShaderGraph.Utilities.dll.mvfrm
[459/820    0s] MovedFromExtractor-Combine Library/Bee/artifacts/200b0aEDbg.dag/Unity.Burst.dll.mvfrm
[460/820    0s] MovedFromExtractor-Combine Library/Bee/artifacts/200b0aEDbg.dag/Tide.Presentation.dll.mvfrm
[461/820    0s] MovedFromExtractor-Combine Library/Bee/artifacts/200b0aEDbg.dag/Unity.Searcher.Editor.dll.mvfrm
[462/820    0s] MovedFromExtractor-Combine Library/Bee/artifacts/200b0aEDbg.dag/Unity.Mathematics.dll.mvfrm
[463/820    0s] MovedFromExtractor-Combine Library/Bee/artifacts/200b0aEDbg.dag/Unity.InternalAPIEngineBridge.RenderPipelines.Core.Runtime.Shared.dll.mvfrm
[464/820    0s] MovedFromExtractor-Combine Library/Bee/artifacts/200b0aEDbg.dag/Unity.ScriptableBuildPipeline.dll.mvfrm
[465/820    0s] MovedFromExtractor-Combine Library/Bee/artifacts/200b0aEDbg.dag/Unity.InternalAPIEngineBridge.004.dll.mvfrm
[466/820    0s] MovedFromExtractor-Combine Library/Bee/artifacts/200b0aEDbg.dag/Unity.Profiling.Core.dll.mvfrm
[467/820    0s] MovedFromExtractor-Combine Library/Bee/artifacts/200b0aEDbg.dag/Unity.InputSystem.dll.mvfrm
[468/820    0s] MovedFromExtractor-Combine Library/Bee/artifacts/200b0aEDbg.dag/Unity.InternalAPIEngineBridge.RenderPipelines.Core.Editor.dll.mvfrm
[464/820    0s] Csc Library/Bee/artifacts/200b0aEDbg.dag/Unity.Mathematics.dll (+2 others) [CacheHit 2405817b9fdbea9e36a2011a3ac0bb2000000000000000000000000000000006]
[469/820    0s] Csc Library/Bee/artifacts/200b0aEDbg.dag/Unity.Mathematics.dll (+2 others)
[465/820    0s] Csc Library/Bee/artifacts/200b0aEDbg.dag/Unity.Searcher.Editor.dll (+2 others) [CacheHit 3a4dffae481195703b2b1f4c81eda73a00000000000000000000000000000006]
[471/820    0s] Csc Library/Bee/artifacts/200b0aEDbg.dag/Unity.Searcher.Editor.dll (+2 others)
[466/820    0s] Csc Library/Bee/artifacts/200b0aEDbg.dag/Unity.InternalAPIEngineBridge.RenderPipelines.Core.Editor.dll (+2 others) [CacheHit b8f9bc889524be9a5f2455ef5b8ecb5100000000000000000000000000000006]
[473/820    0s] Csc Library/Bee/artifacts/200b0aEDbg.dag/Unity.InternalAPIEngineBridge.RenderPipelines.Core.Editor.dll (+2 others)
[467/820    0s] Csc Library/Bee/artifacts/200b0aEDbg.dag/Unity.ShaderGraph.Utilities.dll (+2 others) [CacheHit 419e56826c6894bdfb11bb3d7bc40df000000000000000000000000000000006]
[475/820    0s] Csc Library/Bee/artifacts/200b0aEDbg.dag/Unity.ShaderGraph.Utilities.dll (+2 others)
[468/820    0s] Csc Library/Bee/artifacts/200b0aEDbg.dag/Unity.InternalAPIEngineBridge.RenderPipelines.Core.Runtime.Shared.dll (+2 others) [CacheHit 290d028c5c55cbfeee69ddcf8c90ca1100000000000000000000000000000006]
[477/820    0s] Csc Library/Bee/artifacts/200b0aEDbg.dag/Unity.InternalAPIEngineBridge.RenderPipelines.Core.Runtime.Shared.dll (+2 others)
[469/820    0s] Csc Library/Bee/artifacts/200b0aEDbg.dag/Unity.ScriptableBuildPipeline.dll (+2 others) [CacheHit 3d680133ea7cda7abc89621859cdfa7500000000000000000000000000000006]
[479/820    0s] Csc Library/Bee/artifacts/200b0aEDbg.dag/Unity.ScriptableBuildPipeline.dll (+2 others)
[470/820    0s] Csc Library/Bee/artifacts/200b0aEDbg.dag/Unity.InternalAPIEngineBridge.004.dll (+2 others) [CacheHit c8e41cb0d67be9d48fbc58a31a64238200000000000000000000000000000006]
[481/820    0s] Csc Library/Bee/artifacts/200b0aEDbg.dag/Unity.InternalAPIEngineBridge.004.dll (+2 others)
[471/820    0s] Csc Library/Bee/artifacts/200b0aEDbg.dag/Unity.Profiling.Core.dll (+2 others) [CacheHit f7691c60c27a8d193f9a10cb91e42c1900000000000000000000000000000006]
[483/820    0s] Csc Library/Bee/artifacts/200b0aEDbg.dag/Unity.Profiling.Core.dll (+2 others)
[472/820    0s] Csc Library/Bee/artifacts/200b0aEDbg.dag/Unity.Burst.dll (+2 others) [CacheHit c9dd8d928548b6b768ed73ae6f1dfe7900000000000000000000000000000006]
[485/820    0s] Csc Library/Bee/artifacts/200b0aEDbg.dag/Unity.Burst.dll (+2 others)
[487/820    0s] MovedFromExtractor-Combine Library/Bee/artifacts/200b0aEDbg.dag/Unity.InternalAPIEditorBridge.ShaderGraph.Editor.dll.mvfrm
[488/820    0s] MovedFromExtractor Library/Bee/artifacts/mvdfrm/Unity.Mathematics.ref.dll_D391EBEEE8A3D929.mvfrm
[475/820    0s] Csc Library/Bee/artifacts/200b0aEDbg.dag/Unity.InternalAPIEditorBridge.ShaderGraph.Editor.dll (+2 others) [CacheHit a7b8177092991d7cf4656b47e67ebc5500000000000000000000000000000006]
[489/820    0s] Csc Library/Bee/artifacts/200b0aEDbg.dag/Unity.InternalAPIEditorBridge.ShaderGraph.Editor.dll (+2 others)
[491/820    0s] MovedFromExtractor-Combine Library/Bee/artifacts/200b0aEDbg.dag/Tide.UI.dll.mvfrm
[492/820    0s] MovedFromExtractor-Combine Library/Bee/artifacts/200b0aEDbg.dag/Tide.Save.dll.mvfrm
[493/820    0s] MovedFromExtractor Library/Bee/artifacts/mvdfrm/Unity.InternalAPIEngineBridge.RenderPipelines.Core.Runtime.Shared.ref.dll_6551BB28FADAA224.mvfrm
[494/820    0s] MovedFromExtractor Library/Bee/artifacts/mvdfrm/Unity.InternalAPIEngineBridge.RenderPipelines.Core.Editor.ref.dll_1B8BD6E5E370BE76.mvfrm
[495/820    0s] MovedFromExtractor Library/Bee/artifacts/mvdfrm/Unity.ScriptableBuildPipeline.ref.dll_691F587EC2E42F2E.mvfrm
[496/820    0s] MovedFromExtractor Library/Bee/artifacts/mvdfrm/Unity.InternalAPIEngineBridge.004.ref.dll_0526F580B48C6B01.mvfrm
[497/820    0s] MovedFromExtractor Library/Bee/artifacts/mvdfrm/Unity.Profiling.Core.ref.dll_81DBE7E8698450EA.mvfrm
[498/820    0s] MovedFromExtractor Library/Bee/artifacts/mvdfrm/Unity.Burst.ref.dll_1A4A396316C69723.mvfrm
[499/820    0s] MovedFromExtractor-Combine Library/Bee/artifacts/200b0aEDbg.dag/Tide.Data.dll.mvfrm
[500/820    0s] MovedFromExtractor Library/Bee/artifacts/mvdfrm/Unity.Searcher.Editor.ref.dll_C3378C2E9CEF9EA9.mvfrm
[501/820    0s] MovedFromExtractor-Combine Library/Bee/artifacts/200b0aEDbg.dag/Unity.InternalAPIEngineBridge.013.dll.mvfrm
[487/820    0s] Csc Library/Bee/artifacts/200b0aEDbg.dag/Unity.InputSystem.dll (+2 others) [CacheHit b934589726724dcdd45199626c3d50e900000000000000000000000000000006]
[502/820    0s] Csc Library/Bee/artifacts/200b0aEDbg.dag/Unity.InputSystem.dll (+2 others)
[504/820    0s] MovedFromExtractor Library/Bee/artifacts/mvdfrm/Unity.InternalAPIEditorBridge.ShaderGraph.Editor.ref.dll_BD1BA673AE6835B0.mvfrm
[505/820    0s] MovedFromExtractor-Combine Library/Bee/artifacts/200b0aEDbg.dag/Unity.ScriptableBuildPipeline.Editor.dll.mvfrm
[506/820    0s] MovedFromExtractor-Combine Library/Bee/artifacts/200b0aEDbg.dag/Unity.InternalAPIEditorBridge.013.dll.mvfrm
[507/820    0s] MovedFromExtractor-Combine Library/Bee/artifacts/200b0aEDbg.dag/Unity.TextMeshPro.dll.mvfrm
[508/820    0s] MovedFromExtractor-Combine Library/Bee/artifacts/200b0aEDbg.dag/Unity.ResourceManager.dll.mvfrm
[509/820    0s] MovedFromExtractor Library/Bee/artifacts/mvdfrm/Unity.ShaderGraph.Utilities.ref.dll_CAA37C6A1EE81358.mvfrm
[494/820    0s] Csc Library/Bee/artifacts/200b0aEDbg.dag/Unity.InternalAPIEditorBridge.013.dll (+2 others) [CacheHit bdebff62c9930ce3f014f1ad40addda200000000000000000000000000000006]
[510/820    0s] Csc Library/Bee/artifacts/200b0aEDbg.dag/Unity.InternalAPIEditorBridge.013.dll (+2 others)
[495/820    0s] Csc Library/Bee/artifacts/200b0aEDbg.dag/Unity.TextMeshPro.dll (+2 others) [CacheHit af6614ac5562df074ab32934637ec0e300000000000000000000000000000006]
[512/820    0s] Csc Library/Bee/artifacts/200b0aEDbg.dag/Unity.TextMeshPro.dll (+2 others)
[496/820    0s] Csc Library/Bee/artifacts/200b0aEDbg.dag/Unity.ScriptableBuildPipeline.Editor.dll (+2 others) [CacheHit 0142f2abee9264d0f1c882e75fd883ba00000000000000000000000000000006]
[514/820    0s] Csc Library/Bee/artifacts/200b0aEDbg.dag/Unity.ScriptableBuildPipeline.Editor.dll (+2 others)
[516/820    0s] MovedFromExtractor-Combine Library/Bee/artifacts/200b0aEDbg.dag/Unity.Collections.dll.mvfrm
[517/820    0s] MovedFromExtractor-Combine Library/Bee/artifacts/200b0aEDbg.dag/Unity.Burst.CodeGen.dll.mvfrm
[518/820    0s] MovedFromExtractor-Combine Library/Bee/artifacts/200b0aEDbg.dag/Unity.Burst.Editor.dll.mvfrm
[519/820    0s] MovedFromExtractor Library/Bee/artifacts/mvdfrm/Unity.InputSystem.ref.dll_E7D0D94F7033A25C.mvfrm
[501/820    0s] Csc Library/Bee/artifacts/200b0aEDbg.dag/Unity.InternalAPIEngineBridge.013.dll (+2 others) [CacheHit 20299081e9dedf9ab5cde5876cb09bd500000000000000000000000000000006]
[520/820    0s] Csc Library/Bee/artifacts/200b0aEDbg.dag/Unity.InternalAPIEngineBridge.013.dll (+2 others)
[522/820    0s] MovedFromExtractor-Combine Library/Bee/artifacts/200b0aEDbg.dag/Unity.PerformanceTesting.dll.mvfrm
[503/820    0s] Csc Library/Bee/artifacts/200b0aEDbg.dag/Unity.Burst.CodeGen.dll (+2 others) [CacheHit 5ed11234a171040bafada1190ab5472800000000000000000000000000000006]
[523/820    0s] Csc Library/Bee/artifacts/200b0aEDbg.dag/Unity.Burst.CodeGen.dll (+2 others)
[525/820    0s] MovedFromExtractor-Combine Library/Bee/artifacts/200b0aEDbg.dag/Unity.RenderPipelines.Universal.Shaders.dll.mvfrm
[505/820    0s] Csc Library/Bee/artifacts/200b0aEDbg.dag/Unity.Burst.Editor.dll (+2 others) [CacheHit e16f0a9c7dc7cf019b4337011ec76f1e00000000000000000000000000000006]
[526/820    0s] Csc Library/Bee/artifacts/200b0aEDbg.dag/Unity.Burst.Editor.dll (+2 others)
[528/820    0s] MovedFromExtractor Library/Bee/artifacts/mvdfrm/Unity.InternalAPIEditorBridge.013.ref.dll_CDE99453B1729FEA.mvfrm
[506/820    0s] Csc Library/Bee/artifacts/200b0aEDbg.dag/Unity.ResourceManager.dll (+2 others) [CacheHit 82cb0e30c5b6f272a4746e11b02c14bd00000000000000000000000000000006]
[529/820    0s] Csc Library/Bee/artifacts/200b0aEDbg.dag/Unity.ResourceManager.dll (+2 others)
[508/820    0s] Csc Library/Bee/artifacts/200b0aEDbg.dag/Unity.Collections.dll (+2 others) [CacheHit 8e7506017ad1dcea91feb12a80efcc6e00000000000000000000000000000006]
[531/820    0s] Csc Library/Bee/artifacts/200b0aEDbg.dag/Unity.Collections.dll (+2 others)
[509/820    0s] Csc Library/Bee/artifacts/200b0aEDbg.dag/Unity.PerformanceTesting.dll (+2 others) [CacheHit 28b5d779a06818752447af878401674900000000000000000000000000000006]
[533/820    0s] Csc Library/Bee/artifacts/200b0aEDbg.dag/Unity.PerformanceTesting.dll (+2 others)
[535/820    0s] MovedFromExtractor Library/Bee/artifacts/mvdfrm/Unity.TextMeshPro.ref.dll_6F463A11191944B6.mvfrm
[536/820    0s] MovedFromExtractor Library/Bee/artifacts/mvdfrm/Unity.ScriptableBuildPipeline.Editor.ref.dll_B4A884F52D072563.mvfrm
[537/820    0s] MovedFromExtractor Library/Bee/artifacts/mvdfrm/Unity.InternalAPIEngineBridge.013.ref.dll_C0644CFE1681872F.mvfrm
[538/820    0s] MovedFromExtractor-Combine Library/Bee/artifacts/200b0aEDbg.dag/Tide.Input.dll.mvfrm
[539/820    0s] MovedFromExtractor-Combine Library/Bee/artifacts/200b0aEDbg.dag/Tide.App.dll.mvfrm
[540/820    0s] MovedFromExtractor-Combine Library/Bee/artifacts/200b0aEDbg.dag/Unity.InputSystem.ForUI.dll.mvfrm
[541/820    0s] MovedFromExtractor Library/Bee/artifacts/mvdfrm/Unity.ResourceManager.ref.dll_076D78F7BDC96F62.mvfrm
[542/820    0s] MovedFromExtractor Library/Bee/artifacts/mvdfrm/Unity.Burst.Editor.ref.dll_55441519181ED3BE.mvfrm
[543/820    0s] MovedFromExtractor Library/Bee/artifacts/mvdfrm/Unity.Collections.ref.dll_500F84E442C860A8.mvfrm
[544/820    0s] MovedFromExtractor-Combine Library/Bee/artifacts/200b0aEDbg.dag/Unity.InputSystem.TestFramework.dll.mvfrm
[545/820    0s] MovedFromExtractor-Combine Library/Bee/artifacts/200b0aEDbg.dag/Tide.Tests.Play.dll.mvfrm
[521/820    0s] Csc Library/Bee/artifacts/200b0aEDbg.dag/Unity.InputSystem.ForUI.dll (+2 others) [CacheHit ddd689ccd506395c76c5e96d7b1cd00200000000000000000000000000000006]
[546/820    0s] Csc Library/Bee/artifacts/200b0aEDbg.dag/Unity.InputSystem.ForUI.dll (+2 others)
[548/820    0s] MovedFromExtractor Library/Bee/artifacts/mvdfrm/Unity.PerformanceTesting.ref.dll_AC4C49CFDCCCE333.mvfrm
[549/820    0s] MovedFromExtractor-Combine Library/Bee/artifacts/200b0aEDbg.dag/Unity.RenderPipelines.Core.ShaderLibrary.dll.mvfrm
[550/820    0s] MovedFromExtractor-Combine Library/Bee/artifacts/200b0aEDbg.dag/Unity.RenderPipelines.ShaderGraph.ShaderGraphLibrary.dll.mvfrm
[551/820    0s] MovedFromExtractor-Combine Library/Bee/artifacts/200b0aEDbg.dag/Tide.Tests.Sim.dll.mvfrm
[526/820    0s] Csc Library/Bee/artifacts/200b0aEDbg.dag/Unity.RenderPipelines.ShaderGraph.ShaderGraphLibrary.dll (+2 others) [CacheHit b3b4b13f0e0338b87acb6f177e75399f00000000000000000000000000000006]
[552/820    0s] Csc Library/Bee/artifacts/200b0aEDbg.dag/Unity.RenderPipelines.ShaderGraph.ShaderGraphLibrary.dll (+2 others)
[554/820    0s] MovedFromExtractor-Combine Library/Bee/artifacts/200b0aEDbg.dag/UnityEditor.UI.Analytics.dll.mvfrm
[528/820    0s] Csc Library/Bee/artifacts/200b0aEDbg.dag/Unity.RenderPipelines.Core.ShaderLibrary.dll (+2 others) [CacheHit af80203a0e222ad8a37327ee5b09ac6800000000000000000000000000000006]
[555/820    0s] Csc Library/Bee/artifacts/200b0aEDbg.dag/Unity.RenderPipelines.Core.ShaderLibrary.dll (+2 others)
[529/820    0s] Csc Library/Bee/artifacts/200b0aEDbg.dag/Unity.InputSystem.TestFramework.dll (+2 others) [CacheHit 2c7de50ccdad53c4d78de26bcc0b747e00000000000000000000000000000006]
[557/820    0s] Csc Library/Bee/artifacts/200b0aEDbg.dag/Unity.InputSystem.TestFramework.dll (+2 others)
[530/820    0s] Csc Library/Bee/artifacts/200b0aEDbg.dag/Unity.RenderPipelines.Universal.Shaders.dll (+2 others) [CacheHit 8c98d73085ed3441af88aa7af41dc92700000000000000000000000000000006]
[559/820    0s] Csc Library/Bee/artifacts/200b0aEDbg.dag/Unity.RenderPipelines.Universal.Shaders.dll (+2 others)
[561/820    0s] MovedFromExtractor-Combine Library/Bee/artifacts/200b0aEDbg.dag/Unity.Collections.Editor.dll.mvfrm
[562/820    0s] CopyFiles Library/ScriptAssemblies/Unity.Burst.CodeGen.dll
[563/820    0s] CopyFiles Library/ScriptAssemblies/Unity.Burst.CodeGen.pdb
[534/820    0s] Csc Library/Bee/artifacts/200b0aEDbg.dag/UnityEditor.UI.Analytics.dll (+2 others) [CacheHit 4f392f2c13688336152319cc1bdd5fcd00000000000000000000000000000006]
[564/820    0s] Csc Library/Bee/artifacts/200b0aEDbg.dag/UnityEditor.UI.Analytics.dll (+2 others)
[535/820    0s] Csc Library/Bee/artifacts/200b0aEDbg.dag/Unity.Collections.Editor.dll (+2 others) [CacheHit 1b365baee45fdc2e10d8cb94d68620b400000000000000000000000000000006]
[566/820    0s] Csc Library/Bee/artifacts/200b0aEDbg.dag/Unity.Collections.Editor.dll (+2 others)
[568/820    0s] MovedFromExtractor-Combine Library/Bee/artifacts/200b0aEDbg.dag/Unity.UnifiedRayTracing.Runtime.dll.mvfrm
[569/820    0s] MovedFromExtractor-Combine Library/Bee/artifacts/200b0aEDbg.dag/Unity.PerformanceTesting.Editor.dll.mvfrm
[570/820    0s] MovedFromExtractor-Combine Library/Bee/artifacts/200b0aEDbg.dag/Unity.InputSystem.DocCodeSamples.dll.mvfrm
[571/820    0s] MovedFromExtractor-Combine Library/Bee/artifacts/200b0aEDbg.dag/Unity.Collections.CodeGen.dll.mvfrm
[572/820    0s] MovedFromExtractor Library/Bee/artifacts/mvdfrm/Unity.InputSystem.ForUI.ref.dll_59EB0A97FE8BA06B.mvfrm
[573/820    0s] MovedFromExtractor-Combine Library/Bee/artifacts/200b0aEDbg.dag/Unity.RenderPipelines.Core.Runtime.dll.mvfrm
[574/820    0s] MovedFromExtractor-Combine Library/Bee/artifacts/200b0aEDbg.dag/Unity.Addressables.dll.mvfrm
[575/820    0s] MovedFromExtractor-Combine Library/Bee/artifacts/200b0aEDbg.dag/Unity.Rendering.LightTransport.Editor.dll.mvfrm
[544/820    0s] Csc Library/Bee/artifacts/200b0aEDbg.dag/Unity.InputSystem.DocCodeSamples.dll (+2 others) [CacheHit 56416f468bffe6e57578ca6c87f9ab2800000000000000000000000000000006]
[576/820    0s] Csc Library/Bee/artifacts/200b0aEDbg.dag/Unity.InputSystem.DocCodeSamples.dll (+2 others)
[545/820    0s] Csc Library/Bee/artifacts/200b0aEDbg.dag/Unity.Collections.CodeGen.dll (+2 others) [CacheHit ae311f1f6281df9ed6af1158e1daef6900000000000000000000000000000006]
[578/820    0s] Csc Library/Bee/artifacts/200b0aEDbg.dag/Unity.Collections.CodeGen.dll (+2 others)
[546/820    0s] Csc Library/Bee/artifacts/200b0aEDbg.dag/Unity.Rendering.LightTransport.Editor.dll (+2 others) [CacheHit 6aaba54d5fb76b7da81b280c959b340f00000000000000000000000000000006]
[580/820    0s] Csc Library/Bee/artifacts/200b0aEDbg.dag/Unity.Rendering.LightTransport.Editor.dll (+2 others)
[547/820    0s] Csc Library/Bee/artifacts/200b0aEDbg.dag/Unity.PerformanceTesting.Editor.dll (+2 others) [CacheHit 0e2f0cdd5a9a0e0bf5f4a0a30ed51c3b00000000000000000000000000000006]
[582/820    0s] Csc Library/Bee/artifacts/200b0aEDbg.dag/Unity.PerformanceTesting.Editor.dll (+2 others)
[548/820    0s] Csc Library/Bee/artifacts/200b0aEDbg.dag/Unity.UnifiedRayTracing.Runtime.dll (+2 others) [CacheHit 2bbc535098f2e36c734259c83954e8a500000000000000000000000000000006]
[584/820    0s] Csc Library/Bee/artifacts/200b0aEDbg.dag/Unity.UnifiedRayTracing.Runtime.dll (+2 others)
[586/820    0s] CopyFiles Library/ScriptAssemblies/Unity.Collections.CodeGen.pdb
[587/820    0s] CopyFiles Library/ScriptAssemblies/Unity.Collections.CodeGen.dll
[551/820    0s] Csc Library/Bee/artifacts/200b0aEDbg.dag/Unity.Addressables.dll (+2 others) [CacheHit 9d290ab4644092d1a67122dfec4155dc00000000000000000000000000000006]
[588/820    0s] Csc Library/Bee/artifacts/200b0aEDbg.dag/Unity.Addressables.dll (+2 others)
[590/820    0s] MovedFromExtractor-Combine Library/Bee/artifacts/200b0aEDbg.dag/Unity.InputSystem.ForUI.Editor.dll.mvfrm
[553/820    0s] Csc Library/Bee/artifacts/200b0aEDbg.dag/Unity.InputSystem.ForUI.Editor.dll (+2 others) [CacheHit f72f078933787b782ce488986fc2c92900000000000000000000000000000006]
[591/820    0s] Csc Library/Bee/artifacts/200b0aEDbg.dag/Unity.InputSystem.ForUI.Editor.dll (+2 others)
[593/820    0s] MovedFromExtractor Library/Bee/artifacts/mvdfrm/Unity.Addressables.ref.dll_5B262F7E759CC458.mvfrm
[594/820    0s] MovedFromExtractor-Combine Library/Bee/artifacts/200b0aEDbg.dag/Unity.Localization.dll.mvfrm
[595/820    0s] MovedFromExtractor-Combine Library/Bee/artifacts/200b0aEDbg.dag/Unity.Addressables.Editor.dll.mvfrm
[557/820    0s] Csc Library/Bee/artifacts/200b0aEDbg.dag/Unity.Localization.dll (+2 others) [CacheHit bf95a86150eff115a537ddff18000d9300000000000000000000000000000006]
[596/820    0s] Csc Library/Bee/artifacts/200b0aEDbg.dag/Unity.Localization.dll (+2 others)
[558/820    0s] Csc Library/Bee/artifacts/200b0aEDbg.dag/Unity.RenderPipelines.Core.Runtime.dll (+2 others) [CacheHit 17e901ae7092b56e5714f6a2b21f7edf00000000000000000000000000000006]
[598/820    0s] Csc Library/Bee/artifacts/200b0aEDbg.dag/Unity.RenderPipelines.Core.Runtime.dll (+2 others)
[600/820    0s] MovedFromExtractor Library/Bee/artifacts/mvdfrm/Unity.UnifiedRayTracing.Runtime.ref.dll_99AF1014A3FBCD87.mvfrm
[601/820    0s] ILPP-Configuration Library/ilpp-configuration.nevergeneratedoutput
[561/820    0s] Csc Library/Bee/artifacts/200b0aEDbg.dag/Unity.Addressables.Editor.dll (+2 others) [CacheHit 3da0f180302f8124dc24c0fa97cad8ac00000000000000000000000000000006]
[602/820    0s] MovedFromExtractor Library/Bee/artifacts/mvdfrm/Unity.Localization.ref.dll_5FECA6B06BB3288C.mvfrm
[603/820    0s] Csc Library/Bee/artifacts/200b0aEDbg.dag/Unity.Addressables.Editor.dll (+2 others)
[605/820    0s] MovedFromExtractor Library/Bee/artifacts/mvdfrm/Unity.RenderPipelines.Core.Runtime.ref.dll_365D6CAE10D976FF.mvfrm
[606/820    2s] Csc Library/Bee/artifacts/200b0aEDbg.dag/Tide.Sim.dll (+2 others)
[607/820    0s] MovedFromExtractor Library/Bee/artifacts/mvdfrm/Unity.Addressables.Editor.ref.dll_1547CFF8F27CD0D9.mvfrm
[608/820    0s] MovedFromExtractor-Combine Library/Bee/artifacts/200b0aEDbg.dag/Unity.PathTracing.Runtime.dll.mvfrm
[567/820    0s] Csc Library/Bee/artifacts/200b0aEDbg.dag/Unity.PathTracing.Runtime.dll (+2 others) [CacheHit ae60eeccc68f63419b6883afd701420f00000000000000000000000000000006]
[609/820    0s] Csc Library/Bee/artifacts/200b0aEDbg.dag/Unity.PathTracing.Runtime.dll (+2 others)
[611/820    0s] MovedFromExtractor-Combine Library/Bee/artifacts/200b0aEDbg.dag/Unity.RenderPipelines.GPUDriven.Runtime.dll.mvfrm
[612/820    0s] MovedFromExtractor-Combine Library/Bee/artifacts/200b0aEDbg.dag/Unity.RenderPipelines.Core.Runtime.Shared.dll.mvfrm
[570/820    0s] Csc Library/Bee/artifacts/200b0aEDbg.dag/Unity.RenderPipelines.GPUDriven.Runtime.dll (+2 others) [CacheHit 38cf79ff4fc11d6c1ae42a2c07411c8200000000000000000000000000000006]
[613/820    0s] Csc Library/Bee/artifacts/200b0aEDbg.dag/Unity.RenderPipelines.GPUDriven.Runtime.dll (+2 others)
[571/820    0s] Csc Library/Bee/artifacts/200b0aEDbg.dag/Unity.RenderPipelines.Core.Runtime.Shared.dll (+2 others) [CacheHit 5aaf0fb92cb9feacd652ec3259e893b000000000000000000000000000000006]
[615/820    0s] Csc Library/Bee/artifacts/200b0aEDbg.dag/Unity.RenderPipelines.Core.Runtime.Shared.dll (+2 others)
[617/820    0s] MovedFromExtractor Library/Bee/artifacts/mvdfrm/Unity.PathTracing.Runtime.ref.dll_D75818B788E0954A.mvfrm
[618/820    0s] MovedFromExtractor-Combine Library/Bee/artifacts/200b0aEDbg.dag/Unity.RenderPipeline.Universal.ShaderLibrary.dll.mvfrm
[619/820    0s] MovedFromExtractor-Combine Library/Bee/artifacts/200b0aEDbg.dag/Unity.RenderPipelines.Universal.Config.Runtime.dll.mvfrm
[575/820    0s] Csc Library/Bee/artifacts/200b0aEDbg.dag/Unity.RenderPipeline.Universal.ShaderLibrary.dll (+2 others) [CacheHit 2574eeb7f3b7923110d350ccad6e8a3600000000000000000000000000000006]
[620/820    0s] Csc Library/Bee/artifacts/200b0aEDbg.dag/Unity.RenderPipeline.Universal.ShaderLibrary.dll (+2 others)
[622/820    0s] MovedFromExtractor-Combine Library/Bee/artifacts/200b0aEDbg.dag/Unity.SurfaceCache.Runtime.dll.mvfrm
[577/820    0s] Csc Library/Bee/artifacts/200b0aEDbg.dag/Unity.RenderPipelines.Universal.Config.Runtime.dll (+2 others) [CacheHit a54d5f9e608dcb580f70159701a2333b00000000000000000000000000000006]
[623/820    0s] Csc Library/Bee/artifacts/200b0aEDbg.dag/Unity.RenderPipelines.Universal.Config.Runtime.dll (+2 others)
[578/820    0s] Csc Library/Bee/artifacts/200b0aEDbg.dag/Unity.SurfaceCache.Runtime.dll (+2 others) [CacheHit f6865b06f793d0b529c8ffe29908436100000000000000000000000000000006]
[625/820    0s] Csc Library/Bee/artifacts/200b0aEDbg.dag/Unity.SurfaceCache.Runtime.dll (+2 others)
[627/820    0s] MovedFromExtractor-Combine Library/Bee/artifacts/200b0aEDbg.dag/Unity.PathTracing.Editor.dll.mvfrm
[580/820    0s] Csc Library/Bee/artifacts/200b0aEDbg.dag/Unity.PathTracing.Editor.dll (+2 others) [CacheHit c9563fc21817deb2c98d12b0165eadc500000000000000000000000000000006]
[628/820    0s] Csc Library/Bee/artifacts/200b0aEDbg.dag/Unity.PathTracing.Editor.dll (+2 others)
[630/820    0s] MovedFromExtractor Library/Bee/artifacts/mvdfrm/Unity.RenderPipelines.GPUDriven.Runtime.ref.dll_5EAF47553396769A.mvfrm
[631/820    0s] MovedFromExtractor Library/Bee/artifacts/mvdfrm/Unity.RenderPipelines.Core.Runtime.Shared.ref.dll_A52C129FDEDCB51A.mvfrm
[632/820    0s] MovedFromExtractor Library/Bee/artifacts/mvdfrm/Unity.SurfaceCache.Runtime.ref.dll_B4EFBE2335A888D2.mvfrm
[633/820    0s] MovedFromExtractor Library/Bee/artifacts/mvdfrm/Unity.RenderPipeline.Universal.ShaderLibrary.ref.dll_020DD15B360A04A0.mvfrm
[634/820    0s] MovedFromExtractor Library/Bee/artifacts/mvdfrm/Unity.PathTracing.Editor.ref.dll_83D09133343B5351.mvfrm
[635/820    0s] MovedFromExtractor Library/Bee/artifacts/mvdfrm/Unity.RenderPipelines.Universal.Config.Runtime.ref.dll_79EF34CB49AA43F5.mvfrm
[636/820    0s] MovedFromExtractor-Combine Library/Bee/artifacts/200b0aEDbg.dag/Unity.RenderPipelines.Core.Editor.dll.mvfrm
[588/820    0s] Csc Library/Bee/artifacts/200b0aEDbg.dag/Unity.RenderPipelines.Core.Editor.dll (+2 others) [CacheHit 4080ae9ae0df84f69a9528880710ff9e00000000000000000000000000000006]
[637/820    0s] Csc Library/Bee/artifacts/200b0aEDbg.dag/Unity.RenderPipelines.Core.Editor.dll (+2 others)
[639/820    0s] MovedFromExtractor-Combine Library/Bee/artifacts/200b0aEDbg.dag/Unity.RenderPipelines.Universal.Runtime.dll.mvfrm
[640/820    0s] Csc Library/Bee/artifacts/200b0aEDbg.dag/Tide.Presentation.dll (+2 others)
[591/820    0s] Csc Library/Bee/artifacts/200b0aEDbg.dag/Unity.RenderPipelines.Universal.Runtime.dll (+2 others) [CacheHit 5e67232e36d22c65635e27efb9e5aa8500000000000000000000000000000006]
[641/820    0s] Csc Library/Bee/artifacts/200b0aEDbg.dag/Unity.RenderPipelines.Universal.Runtime.dll (+2 others)
[643/820    0s] Csc Library/Bee/artifacts/200b0aEDbg.dag/Tide.Data.dll (+2 others)
[644/820    0s] ILPostProcess Library/Bee/artifacts/200b0aEDbg.dag/post-processed/UnityEngine.UI.dll (+pdb)
Processing assembly Library/Bee/artifacts/200b0aEDbg.dag/UnityEngine.UI.dll, with 143 defines and 285 references
processors: Unity.Jobs.CodeGen.JobsILPostProcessor, zzzUnity.Burst.CodeGen.BurstILPostProcessor
running Unity.Jobs.CodeGen.JobsILPostProcessor
running zzzUnity.Burst.CodeGen.BurstILPostProcessor
[645/820    0s] ILPostProcess Library/Bee/artifacts/200b0aEDbg.dag/post-processed/Unity.Addressables.dll (+pdb)
Processing assembly Library/Bee/artifacts/200b0aEDbg.dag/Unity.Addressables.dll, with 137 defines and 288 references
processors: Unity.Jobs.CodeGen.JobsILPostProcessor, zzzUnity.Burst.CodeGen.BurstILPostProcessor
running Unity.Jobs.CodeGen.JobsILPostProcessor
running zzzUnity.Burst.CodeGen.BurstILPostProcessor
[646/820    0s] ILPostProcess Library/Bee/artifacts/200b0aEDbg.dag/post-processed/Unity.RenderPipelines.Core.ShaderLibrary.dll (+pdb)
Processing assembly Library/Bee/artifacts/200b0aEDbg.dag/Unity.RenderPipelines.Core.ShaderLibrary.dll, with 137 defines and 287 references
processors: Unity.Jobs.CodeGen.JobsILPostProcessor, zzzUnity.Burst.CodeGen.BurstILPostProcessor
running Unity.Jobs.CodeGen.JobsILPostProcessor
running zzzUnity.Burst.CodeGen.BurstILPostProcessor
[647/820    0s] ILPostProcess Library/Bee/artifacts/200b0aEDbg.dag/post-processed/Unity.InternalAPIEngineBridge.013.dll (+pdb)
Processing assembly Library/Bee/artifacts/200b0aEDbg.dag/Unity.InternalAPIEngineBridge.013.dll, with 137 defines and 287 references
processors: Unity.Jobs.CodeGen.JobsILPostProcessor, zzzUnity.Burst.CodeGen.BurstILPostProcessor
running Unity.Jobs.CodeGen.JobsILPostProcessor
running zzzUnity.Burst.CodeGen.BurstILPostProcessor
[648/820    0s] ILPostProcess Library/Bee/artifacts/200b0aEDbg.dag/post-processed/Unity.InternalAPIEngineBridge.004.dll (+pdb)
Processing assembly Library/Bee/artifacts/200b0aEDbg.dag/Unity.InternalAPIEngineBridge.004.dll, with 137 defines and 287 references
processors: Unity.Jobs.CodeGen.JobsILPostProcessor, zzzUnity.Burst.CodeGen.BurstILPostProcessor
running Unity.Jobs.CodeGen.JobsILPostProcessor
running zzzUnity.Burst.CodeGen.BurstILPostProcessor
[649/820    0s] ILPostProcess Library/Bee/artifacts/200b0aEDbg.dag/post-processed/Unity.InputSystem.dll (+pdb)
Processing assembly Library/Bee/artifacts/200b0aEDbg.dag/Unity.InputSystem.dll, with 150 defines and 287 references
processors: Unity.Jobs.CodeGen.JobsILPostProcessor, zzzUnity.Burst.CodeGen.BurstILPostProcessor
running Unity.Jobs.CodeGen.JobsILPostProcessor
running zzzUnity.Burst.CodeGen.BurstILPostProcessor
[650/820    0s] Csc Library/Bee/artifacts/200b0aEDbg.dag/Tide.UI.dll (+2 others)
[651/820    0s] Csc Library/Bee/artifacts/200b0aEDbg.dag/Tide.Save.dll (+2 others)
[652/820    0s] MovedFromExtractor Library/Bee/artifacts/mvdfrm/Unity.RenderPipelines.Universal.Runtime.ref.dll_1DBAA2D2B90DF8E5.mvfrm
[653/820    0s] Csc Library/Bee/artifacts/200b0aEDbg.dag/Tide.Input.dll (+2 others)
[654/820    0s] MovedFromExtractor Library/Bee/artifacts/mvdfrm/Unity.RenderPipelines.Core.Editor.ref.dll_AC809F19F26CD66C.mvfrm
[655/820    0s] MovedFromExtractor-Combine Library/Bee/artifacts/200b0aEDbg.dag/Unity.TextMeshPro.Editor.dll.mvfrm
[656/820    0s] MovedFromExtractor-Combine Library/Bee/artifacts/200b0aEDbg.dag/Unity.RenderPipelines.Universal.2D.Runtime.dll.mvfrm
[657/820    0s] MovedFromExtractor-Combine Library/Bee/artifacts/200b0aEDbg.dag/Unity.Addressables.DocExampleCode.Editor.Tests.dll.mvfrm
[658/820    0s] MovedFromExtractor-Combine Library/Bee/artifacts/200b0aEDbg.dag/Tide.EditorTools.dll.mvfrm
[659/820    0s] MovedFromExtractor-Combine Library/Bee/artifacts/200b0aEDbg.dag/Unity.Localization.Editor.dll.mvfrm
[660/820    0s] MovedFromExtractor-Combine Library/Bee/artifacts/200b0aEDbg.dag/Unity.AutoGroupGenerator.Editor.dll.mvfrm
[610/820    0s] Csc Library/Bee/artifacts/200b0aEDbg.dag/Unity.AutoGroupGenerator.Editor.dll (+2 others) [CacheHit 26804fa5d701c0d25ef2ba1006b07a0f00000000000000000000000000000006]
[661/820    0s] Csc Library/Bee/artifacts/200b0aEDbg.dag/Unity.AutoGroupGenerator.Editor.dll (+2 others)
[663/820    0s] MovedFromExtractor-Combine Library/Bee/artifacts/200b0aEDbg.dag/Unity.ShaderGraph.Editor.dll.mvfrm
[612/820    0s] Csc Library/Bee/artifacts/200b0aEDbg.dag/Unity.Addressables.DocExampleCode.Editor.Tests.dll (+2 others) [CacheHit 5be1c4c10f4fedefe1fc9e955abc993200000000000000000000000000000006]
[664/820    0s] Csc Library/Bee/artifacts/200b0aEDbg.dag/Unity.Addressables.DocExampleCode.Editor.Tests.dll (+2 others)
[613/820    0s] Csc Library/Bee/artifacts/200b0aEDbg.dag/Unity.RenderPipelines.Universal.2D.Runtime.dll (+2 others) [CacheHit 56710934870cd2bdf5e3f53f3f70e42300000000000000000000000000000006]
[666/820    0s] Csc Library/Bee/artifacts/200b0aEDbg.dag/Unity.RenderPipelines.Universal.2D.Runtime.dll (+2 others)
[668/820    0s] ILPostProcess Library/Bee/artifacts/200b0aEDbg.dag/post-processed/Unity.InputSystem.ForUI.dll (+pdb)
Processing assembly Library/Bee/artifacts/200b0aEDbg.dag/Unity.InputSystem.ForUI.dll, with 137 defines and 288 references
processors: Unity.Jobs.CodeGen.JobsILPostProcessor, zzzUnity.Burst.CodeGen.BurstILPostProcessor
running Unity.Jobs.CodeGen.JobsILPostProcessor
running zzzUnity.Burst.CodeGen.BurstILPostProcessor
[614/820    0s] Csc Library/Bee/artifacts/200b0aEDbg.dag/Unity.TextMeshPro.Editor.dll (+2 others) [CacheHit 82fd3c2809490b547fe8c40b6ee0a29c00000000000000000000000000000006]
[669/820    0s] Csc Library/Bee/artifacts/200b0aEDbg.dag/Unity.TextMeshPro.Editor.dll (+2 others)
[671/820    0s] MovedFromExtractor-Combine Library/Bee/artifacts/200b0aEDbg.dag/Unity.RenderPipelines.Core.Editor.Shared.dll.mvfrm
[617/820    0s] Csc Library/Bee/artifacts/200b0aEDbg.dag/Unity.RenderPipelines.Core.Editor.Shared.dll (+2 others) [CacheHit 2a589bbf5ddccad82c51fcfab5c6429800000000000000000000000000000006]
[672/820    0s] Csc Library/Bee/artifacts/200b0aEDbg.dag/Unity.RenderPipelines.Core.Editor.Shared.dll (+2 others)
[674/820    0s] MovedFromExtractor Library/Bee/artifacts/mvdfrm/Unity.RenderPipelines.Universal.2D.Runtime.ref.dll_8D8BD79E7D0672E5.mvfrm
[619/820    0s] Csc Library/Bee/artifacts/200b0aEDbg.dag/Unity.Localization.Editor.dll (+2 others) [CacheHit 65a98296fa75fd882dc1ea8a8465b40a00000000000000000000000000000006]
[675/820    0s] Csc Library/Bee/artifacts/200b0aEDbg.dag/Unity.Localization.Editor.dll (+2 others)
[677/820    0s] ILPostProcess Library/Bee/artifacts/200b0aEDbg.dag/post-processed/Tide.Input.dll (+pdb)
Processing assembly Library/Bee/artifacts/200b0aEDbg.dag/Tide.Input.dll, with 137 defines and 289 references
processors: Unity.Jobs.CodeGen.JobsILPostProcessor, zzzUnity.Burst.CodeGen.BurstILPostProcessor
running Unity.Jobs.CodeGen.JobsILPostProcessor
running zzzUnity.Burst.CodeGen.BurstILPostProcessor
[678/820    0s] ILPostProcess Library/Bee/artifacts/200b0aEDbg.dag/post-processed/Tide.Sim.dll (+pdb)
Processing assembly Library/Bee/artifacts/200b0aEDbg.dag/Tide.Sim.dll, with 137 defines and 137 references
processors: Unity.Jobs.CodeGen.JobsILPostProcessor, zzzUnity.Burst.CodeGen.BurstILPostProcessor
running Unity.Jobs.CodeGen.JobsILPostProcessor
running zzzUnity.Burst.CodeGen.BurstILPostProcessor
[679/820    0s] MovedFromExtractor Library/Bee/artifacts/mvdfrm/Unity.RenderPipelines.Core.Editor.Shared.ref.dll_304AF482F8FE8B7D.mvfrm
[680/820    0s] ILPostProcess Library/Bee/artifacts/200b0aEDbg.dag/post-processed/Unity.PathTracing.Runtime.dll (+pdb)
Processing assembly Library/Bee/artifacts/200b0aEDbg.dag/Unity.PathTracing.Runtime.dll, with 138 defines and 291 references
processors: Unity.Jobs.CodeGen.JobsILPostProcessor, zzzUnity.Burst.CodeGen.BurstILPostProcessor
running Unity.Jobs.CodeGen.JobsILPostProcessor
running zzzUnity.Burst.CodeGen.BurstILPostProcessor
[681/820    0s] Csc Library/Bee/artifacts/200b0aEDbg.dag/Tide.App.dll (+2 others)
[682/820    0s] ILPostProcess Library/Bee/artifacts/200b0aEDbg.dag/post-processed/Unity.RenderPipelines.Universal.Config.Runtime.dll (+pdb)
Processing assembly Library/Bee/artifacts/200b0aEDbg.dag/Unity.RenderPipelines.Universal.Config.Runtime.dll, with 137 defines and 288 references
processors: Unity.Jobs.CodeGen.JobsILPostProcessor, zzzUnity.Burst.CodeGen.BurstILPostProcessor
running Unity.Jobs.CodeGen.JobsILPostProcessor
running zzzUnity.Burst.CodeGen.BurstILPostProcessor
[683/820    0s] ILPostProcess Library/Bee/artifacts/200b0aEDbg.dag/post-processed/Unity.RenderPipeline.Universal.ShaderLibrary.dll (+pdb)
Processing assembly Library/Bee/artifacts/200b0aEDbg.dag/Unity.RenderPipeline.Universal.ShaderLibrary.dll, with 137 defines and 288 references
processors: Unity.Jobs.CodeGen.JobsILPostProcessor, zzzUnity.Burst.CodeGen.BurstILPostProcessor
running Unity.Jobs.CodeGen.JobsILPostProcessor
running zzzUnity.Burst.CodeGen.BurstILPostProcessor
[684/820    0s] ILPostProcess Library/Bee/artifacts/200b0aEDbg.dag/post-processed/Unity.SurfaceCache.Runtime.dll (+pdb)
Processing assembly Library/Bee/artifacts/200b0aEDbg.dag/Unity.SurfaceCache.Runtime.dll, with 137 defines and 291 references
processors: Unity.Jobs.CodeGen.JobsILPostProcessor, zzzUnity.Burst.CodeGen.BurstILPostProcessor
running Unity.Jobs.CodeGen.JobsILPostProcessor
running zzzUnity.Burst.CodeGen.BurstILPostProcessor
[628/820    0s] Csc Library/Bee/artifacts/200b0aEDbg.dag/Unity.ShaderGraph.Editor.dll (+2 others) [CacheHit 631ca1e667e6d644238744b993b2436800000000000000000000000000000006]
[685/820    0s] Csc Library/Bee/artifacts/200b0aEDbg.dag/Unity.ShaderGraph.Editor.dll (+2 others)
[687/820    0s] ILPostProcess Library/Bee/artifacts/200b0aEDbg.dag/post-processed/Unity.Localization.dll (+pdb)
Processing assembly Library/Bee/artifacts/200b0aEDbg.dag/Unity.Localization.dll, with 142 defines and 291 references
processors: Unity.Jobs.CodeGen.JobsILPostProcessor, zzzUnity.Burst.CodeGen.BurstILPostProcessor
running Unity.Jobs.CodeGen.JobsILPostProcessor
running zzzUnity.Burst.CodeGen.BurstILPostProcessor
[688/820    0s] MovedFromExtractor Library/Bee/artifacts/mvdfrm/Unity.ShaderGraph.Editor.ref.dll_C1FE95D071D0BEA5.mvfrm
[689/820    0s] ILPostProcess Library/Bee/artifacts/200b0aEDbg.dag/post-processed/Unity.RenderPipelines.Universal.Shaders.dll (+pdb)
Processing assembly Library/Bee/artifacts/200b0aEDbg.dag/Unity.RenderPipelines.Universal.Shaders.dll, with 137 defines and 287 references
processors: Unity.Jobs.CodeGen.JobsILPostProcessor, zzzUnity.Burst.CodeGen.BurstILPostProcessor
running Unity.Jobs.CodeGen.JobsILPostProcessor
running zzzUnity.Burst.CodeGen.BurstILPostProcessor
[690/820    0s] ILPostProcess Library/Bee/artifacts/200b0aEDbg.dag/post-processed/Tide.Data.dll (+pdb)
Processing assembly Library/Bee/artifacts/200b0aEDbg.dag/Tide.Data.dll, with 137 defines and 288 references
processors: Unity.Jobs.CodeGen.JobsILPostProcessor, zzzUnity.Burst.CodeGen.BurstILPostProcessor
running Unity.Jobs.CodeGen.JobsILPostProcessor
running zzzUnity.Burst.CodeGen.BurstILPostProcessor
[691/820    1s] ILPostProcess Library/Bee/artifacts/200b0aEDbg.dag/post-processed/Unity.Profiling.Core.dll (+pdb)
Processing assembly Library/Bee/artifacts/200b0aEDbg.dag/Unity.Profiling.Core.dll, with 137 defines and 287 references
processors: Unity.Jobs.CodeGen.JobsILPostProcessor, zzzUnity.Burst.CodeGen.BurstILPostProcessor
running Unity.Jobs.CodeGen.JobsILPostProcessor
running zzzUnity.Burst.CodeGen.BurstILPostProcessor
[692/820    0s] MovedFromExtractor-Combine Library/Bee/artifacts/200b0aEDbg.dag/Unity.RenderPipelines.Universal.2D.Editor.Overrides.dll.mvfrm
[693/820    0s] ILPostProcess Library/Bee/artifacts/200b0aEDbg.dag/post-processed/Unity.RenderPipelines.Universal.2D.Runtime.dll (+pdb)
Processing assembly Library/Bee/artifacts/200b0aEDbg.dag/Unity.RenderPipelines.Universal.2D.Runtime.dll, with 139 defines and 292 references
processors: Unity.Jobs.CodeGen.JobsILPostProcessor, zzzUnity.Burst.CodeGen.BurstILPostProcessor
running Unity.Jobs.CodeGen.JobsILPostProcessor
running zzzUnity.Burst.CodeGen.BurstILPostProcessor
[694/820    0s] ILPostProcess Library/Bee/artifacts/200b0aEDbg.dag/post-processed/Unity.RenderPipelines.GPUDriven.Runtime.dll (+pdb)
Processing assembly Library/Bee/artifacts/200b0aEDbg.dag/Unity.RenderPipelines.GPUDriven.Runtime.dll, with 137 defines and 291 references
processors: Unity.Jobs.CodeGen.JobsILPostProcessor, zzzUnity.Burst.CodeGen.BurstILPostProcessor
running Unity.Jobs.CodeGen.JobsILPostProcessor
running zzzUnity.Burst.CodeGen.BurstILPostProcessor
[695/820    1s] ILPostProcess Library/Bee/artifacts/200b0aEDbg.dag/post-processed/Unity.Collections.dll (+pdb)
Processing assembly Library/Bee/artifacts/200b0aEDbg.dag/Unity.Collections.dll, with 139 defines and 289 references
processors: Unity.Jobs.CodeGen.JobsILPostProcessor, zzzUnity.Burst.CodeGen.BurstILPostProcessor
running Unity.Jobs.CodeGen.JobsILPostProcessor
running zzzUnity.Burst.CodeGen.BurstILPostProcessor
[696/820    1s] ILPostProcess Library/Bee/artifacts/200b0aEDbg.dag/post-processed/Unity.UnifiedRayTracing.Runtime.dll (+pdb)
Processing assembly Library/Bee/artifacts/200b0aEDbg.dag/Unity.UnifiedRayTracing.Runtime.dll, with 138 defines and 290 references
processors: Unity.Jobs.CodeGen.JobsILPostProcessor, zzzUnity.Burst.CodeGen.BurstILPostProcessor
running Unity.Jobs.CodeGen.JobsILPostProcessor
running zzzUnity.Burst.CodeGen.BurstILPostProcessor
[697/820    0s] ILPostProcess Library/Bee/artifacts/200b0aEDbg.dag/post-processed/Tide.Save.dll (+pdb)
Processing assembly Library/Bee/artifacts/200b0aEDbg.dag/Tide.Save.dll, with 137 defines and 288 references
processors: Unity.Jobs.CodeGen.JobsILPostProcessor, zzzUnity.Burst.CodeGen.BurstILPostProcessor
running Unity.Jobs.CodeGen.JobsILPostProcessor
running zzzUnity.Burst.CodeGen.BurstILPostProcessor
[698/820    0s] Csc Library/Bee/artifacts/200b0aEDbg.dag/Tide.Tests.Play.dll (+2 others)
[699/820    0s] ILPostProcess Library/Bee/artifacts/200b0aEDbg.dag/post-processed/Unity.ResourceManager.dll (+pdb)
Processing assembly Library/Bee/artifacts/200b0aEDbg.dag/Unity.ResourceManager.dll, with 138 defines and 288 references
processors: Unity.Jobs.CodeGen.JobsILPostProcessor, zzzUnity.Burst.CodeGen.BurstILPostProcessor
running Unity.Jobs.CodeGen.JobsILPostProcessor
running zzzUnity.Burst.CodeGen.BurstILPostProcessor
[700/820    0s] Csc Library/Bee/artifacts/200b0aEDbg.dag/Tide.EditorTools.dll (+2 others)
[701/820    0s] MovedFromExtractor-Combine Library/Bee/artifacts/200b0aEDbg.dag/Unity.RenderPipelines.Universal.Editor.dll.mvfrm
[644/820    0s] Csc Library/Bee/artifacts/200b0aEDbg.dag/Unity.RenderPipelines.Universal.2D.Editor.Overrides.dll (+2 others) [CacheHit f871742fc030d2e82946e499f2012a4f00000000000000000000000000000006]
[702/820    0s] Csc Library/Bee/artifacts/200b0aEDbg.dag/Unity.RenderPipelines.Universal.2D.Editor.Overrides.dll (+2 others)
[704/820    0s] ILPostProcess Library/Bee/artifacts/200b0aEDbg.dag/post-processed/Tide.Tests.Play.dll (+pdb)
Processing assembly Library/Bee/artifacts/200b0aEDbg.dag/Tide.Tests.Play.dll, with 138 defines and 292 references
processors: Unity.Jobs.CodeGen.JobsILPostProcessor, zzzUnity.Burst.CodeGen.BurstILPostProcessor
running Unity.Jobs.CodeGen.JobsILPostProcessor
running zzzUnity.Burst.CodeGen.BurstILPostProcessor
[705/820    0s] ILPostProcess Library/Bee/artifacts/200b0aEDbg.dag/post-processed/Unity.TextMeshPro.dll (+pdb)
Processing assembly Library/Bee/artifacts/200b0aEDbg.dag/Unity.TextMeshPro.dll, with 138 defines and 288 references
processors: Unity.Jobs.CodeGen.JobsILPostProcessor, zzzUnity.Burst.CodeGen.BurstILPostProcessor
running Unity.Jobs.CodeGen.JobsILPostProcessor
running zzzUnity.Burst.CodeGen.BurstILPostProcessor
[706/820    0s] ILPostProcess Library/Bee/artifacts/200b0aEDbg.dag/post-processed/Tide.Presentation.dll (+pdb)
Processing assembly Library/Bee/artifacts/200b0aEDbg.dag/Tide.Presentation.dll, with 137 defines and 288 references
processors: Unity.Jobs.CodeGen.JobsILPostProcessor, zzzUnity.Burst.CodeGen.BurstILPostProcessor
running Unity.Jobs.CodeGen.JobsILPostProcessor
running zzzUnity.Burst.CodeGen.BurstILPostProcessor
[707/820    0s] ILPostProcess Library/Bee/artifacts/200b0aEDbg.dag/post-processed/Tide.UI.dll (+pdb)
Processing assembly Library/Bee/artifacts/200b0aEDbg.dag/Tide.UI.dll, with 137 defines and 289 references
processors: Unity.Jobs.CodeGen.JobsILPostProcessor, zzzUnity.Burst.CodeGen.BurstILPostProcessor
running Unity.Jobs.CodeGen.JobsILPostProcessor
running zzzUnity.Burst.CodeGen.BurstILPostProcessor
[708/820    0s] ILPostProcess Library/Bee/artifacts/200b0aEDbg.dag/post-processed/Unity.PerformanceTesting.dll (+pdb)
Processing assembly Library/Bee/artifacts/200b0aEDbg.dag/Unity.PerformanceTesting.dll, with 138 defines and 282 references
processors: Unity.Jobs.CodeGen.JobsILPostProcessor, zzzUnity.Burst.CodeGen.BurstILPostProcessor
running Unity.Jobs.CodeGen.JobsILPostProcessor
running zzzUnity.Burst.CodeGen.BurstILPostProcessor
[709/820    0s] ILPostProcess Library/Bee/artifacts/200b0aEDbg.dag/post-processed/Tide.App.dll (+pdb)
Processing assembly Library/Bee/artifacts/200b0aEDbg.dag/Tide.App.dll, with 137 defines and 294 references
processors: Unity.Jobs.CodeGen.JobsILPostProcessor, zzzUnity.Burst.CodeGen.BurstILPostProcessor
running Unity.Jobs.CodeGen.JobsILPostProcessor
running zzzUnity.Burst.CodeGen.BurstILPostProcessor
[710/820    0s] ILPostProcess Library/Bee/artifacts/200b0aEDbg.dag/post-processed/Unity.RenderPipelines.Core.Runtime.Shared.dll (+pdb)
Processing assembly Library/Bee/artifacts/200b0aEDbg.dag/Unity.RenderPipelines.Core.Runtime.Shared.dll, with 137 defines and 290 references
processors: Unity.Jobs.CodeGen.JobsILPostProcessor, zzzUnity.Burst.CodeGen.BurstILPostProcessor
running Unity.Jobs.CodeGen.JobsILPostProcessor
running zzzUnity.Burst.CodeGen.BurstILPostProcessor
[711/820    0s] ILPostProcess Library/Bee/artifacts/200b0aEDbg.dag/post-processed/Unity.InputSystem.TestFramework.dll (+pdb)
Processing assembly Library/Bee/artifacts/200b0aEDbg.dag/Unity.InputSystem.TestFramework.dll, with 139 defines and 284 references
processors: Unity.Jobs.CodeGen.JobsILPostProcessor, zzzUnity.Burst.CodeGen.BurstILPostProcessor
running Unity.Jobs.CodeGen.JobsILPostProcessor
running zzzUnity.Burst.CodeGen.BurstILPostProcessor
[645/820    0s] Csc Library/Bee/artifacts/200b0aEDbg.dag/Unity.RenderPipelines.Universal.Editor.dll (+2 others) [CacheHit be2423fbca751d1c3daca9c93f83720b00000000000000000000000000000006]
[712/820    0s] Csc Library/Bee/artifacts/200b0aEDbg.dag/Unity.RenderPipelines.Universal.Editor.dll (+2 others)
[714/820    0s] ILPostProcess Library/Bee/artifacts/200b0aEDbg.dag/post-processed/Unity.Burst.dll (+pdb)
Processing assembly Library/Bee/artifacts/200b0aEDbg.dag/Unity.Burst.dll, with 137 defines and 284 references
processors: Unity.Jobs.CodeGen.JobsILPostProcessor, zzzUnity.Burst.CodeGen.BurstILPostProcessor
running Unity.Jobs.CodeGen.JobsILPostProcessor
running zzzUnity.Burst.CodeGen.BurstILPostProcessor
[715/820    0s] Csc Library/Bee/artifacts/200b0aEDbg.dag/Tide.Tests.Sim.dll (+2 others)
Assets/_Project/Tests/EditMode/T0M2Tests.cs(36,79): warning CS1998: This async method lacks 'await' operators and will run synchronously. Consider using the 'await' operator to await non-blocking API calls, or 'await Task.Run(...)' to do CPU-bound work on a background thread.
[716/820    0s] ILPostProcess Library/Bee/artifacts/200b0aEDbg.dag/post-processed/Unity.RenderPipelines.Core.Runtime.dll (+pdb)
Processing assembly Library/Bee/artifacts/200b0aEDbg.dag/Unity.RenderPipelines.Core.Runtime.dll, with 141 defines and 291 references
processors: Unity.Jobs.CodeGen.JobsILPostProcessor, zzzUnity.Burst.CodeGen.BurstILPostProcessor
running Unity.Jobs.CodeGen.JobsILPostProcessor
running zzzUnity.Burst.CodeGen.BurstILPostProcessor
[717/820    0s] ILPostProcess Library/Bee/artifacts/200b0aEDbg.dag/post-processed/Unity.RenderPipelines.ShaderGraph.ShaderGraphLibrary.dll (+pdb)
Processing assembly Library/Bee/artifacts/200b0aEDbg.dag/Unity.RenderPipelines.ShaderGraph.ShaderGraphLibrary.dll, with 137 defines and 287 references
processors: Unity.Jobs.CodeGen.JobsILPostProcessor, zzzUnity.Burst.CodeGen.BurstILPostProcessor
running Unity.Jobs.CodeGen.JobsILPostProcessor
running zzzUnity.Burst.CodeGen.BurstILPostProcessor
[718/820    0s] ILPostProcess Library/Bee/artifacts/200b0aEDbg.dag/post-processed/Unity.InternalAPIEngineBridge.RenderPipelines.Core.Runtime.Shared.dll (+pdb)
Processing assembly Library/Bee/artifacts/200b0aEDbg.dag/Unity.InternalAPIEngineBridge.RenderPipelines.Core.Runtime.Shared.dll, with 137 defines and 287 references
processors: Unity.Jobs.CodeGen.JobsILPostProcessor, zzzUnity.Burst.CodeGen.BurstILPostProcessor
running Unity.Jobs.CodeGen.JobsILPostProcessor
running zzzUnity.Burst.CodeGen.BurstILPostProcessor
[719/820    0s] ILPostProcess Library/Bee/artifacts/200b0aEDbg.dag/post-processed/Unity.ScriptableBuildPipeline.dll (+pdb)
Processing assembly Library/Bee/artifacts/200b0aEDbg.dag/Unity.ScriptableBuildPipeline.dll, with 137 defines and 287 references
processors: Unity.Jobs.CodeGen.JobsILPostProcessor, zzzUnity.Burst.CodeGen.BurstILPostProcessor
running Unity.Jobs.CodeGen.JobsILPostProcessor
running zzzUnity.Burst.CodeGen.BurstILPostProcessor
[720/820    0s] ILPostProcess Library/Bee/artifacts/200b0aEDbg.dag/post-processed/Unity.InternalAPIEditorBridge.013.dll (+pdb)
Processing assembly Library/Bee/artifacts/200b0aEDbg.dag/Unity.InternalAPIEditorBridge.013.dll, with 138 defines and 296 references
processors: Unity.Jobs.CodeGen.JobsILPostProcessor, zzzUnity.Burst.CodeGen.BurstILPostProcessor
running Unity.Jobs.CodeGen.JobsILPostProcessor
running zzzUnity.Burst.CodeGen.BurstILPostProcessor
[721/820    0s] ILPostProcess Library/Bee/artifacts/200b0aEDbg.dag/post-processed/Unity.Localization.Editor.dll (+pdb)
Processing assembly Library/Bee/artifacts/200b0aEDbg.dag/Unity.Localization.Editor.dll, with 144 defines and 299 references
processors: Unity.Jobs.CodeGen.JobsILPostProcessor, zzzUnity.Burst.CodeGen.BurstILPostProcessor
running Unity.Jobs.CodeGen.JobsILPostProcessor
running zzzUnity.Burst.CodeGen.BurstILPostProcessor
[722/820    0s] ILPostProcess Library/Bee/artifacts/200b0aEDbg.dag/post-processed/Tide.EditorTools.dll (+pdb)
Processing assembly Library/Bee/artifacts/200b0aEDbg.dag/Tide.EditorTools.dll, with 135 defines and 305 references
processors: Unity.Jobs.CodeGen.JobsILPostProcessor, zzzUnity.Burst.CodeGen.BurstILPostProcessor
running Unity.Jobs.CodeGen.JobsILPostProcessor
running zzzUnity.Burst.CodeGen.BurstILPostProcessor
[723/820    0s] ILPostProcess Library/Bee/artifacts/200b0aEDbg.dag/post-processed/Unity.InputSystem.DocCodeSamples.dll (+pdb)
Processing assembly Library/Bee/artifacts/200b0aEDbg.dag/Unity.InputSystem.DocCodeSamples.dll, with 135 defines and 293 references
processors: Unity.Jobs.CodeGen.JobsILPostProcessor, zzzUnity.Burst.CodeGen.BurstILPostProcessor
running Unity.Jobs.CodeGen.JobsILPostProcessor
running zzzUnity.Burst.CodeGen.BurstILPostProcessor
[724/820    0s] ILPostProcess Library/Bee/artifacts/200b0aEDbg.dag/post-processed/Unity.PathTracing.Editor.dll (+pdb)
Processing assembly Library/Bee/artifacts/200b0aEDbg.dag/Unity.PathTracing.Editor.dll, with 136 defines and 300 references
processors: Unity.Jobs.CodeGen.JobsILPostProcessor, zzzUnity.Burst.CodeGen.BurstILPostProcessor
running Unity.Jobs.CodeGen.JobsILPostProcessor
running zzzUnity.Burst.CodeGen.BurstILPostProcessor
[725/820    0s] ILPostProcess Library/Bee/artifacts/200b0aEDbg.dag/post-processed/Unity.Mathematics.dll (+pdb)
Processing assembly Library/Bee/artifacts/200b0aEDbg.dag/Unity.Mathematics.dll, with 137 defines and 287 references
processors: Unity.Jobs.CodeGen.JobsILPostProcessor, zzzUnity.Burst.CodeGen.BurstILPostProcessor
running Unity.Jobs.CodeGen.JobsILPostProcessor
running zzzUnity.Burst.CodeGen.BurstILPostProcessor
[726/820    0s] ILPostProcess Library/Bee/artifacts/200b0aEDbg.dag/post-processed/Unity.RenderPipelines.Universal.Runtime.dll (+pdb)
Processing assembly Library/Bee/artifacts/200b0aEDbg.dag/Unity.RenderPipelines.Universal.Runtime.dll, with 143 defines and 297 references
processors: Unity.Jobs.CodeGen.JobsILPostProcessor, zzzUnity.Burst.CodeGen.BurstILPostProcessor
running Unity.Jobs.CodeGen.JobsILPostProcessor
running zzzUnity.Burst.CodeGen.BurstILPostProcessor
[727/820    0s] ILPostProcess Library/Bee/artifacts/200b0aEDbg.dag/post-processed/Tide.Tests.Sim.dll (+pdb)
Processing assembly Library/Bee/artifacts/200b0aEDbg.dag/Tide.Tests.Sim.dll, with 136 defines and 301 references
processors: Unity.Jobs.CodeGen.JobsILPostProcessor, zzzUnity.Burst.CodeGen.BurstILPostProcessor
running Unity.Jobs.CodeGen.JobsILPostProcessor
running zzzUnity.Burst.CodeGen.BurstILPostProcessor
[728/820    0s] ILPostProcess Library/Bee/artifacts/200b0aEDbg.dag/post-processed/Unity.ShaderGraph.Editor.dll (+pdb)
Processing assembly Library/Bee/artifacts/200b0aEDbg.dag/Unity.ShaderGraph.Editor.dll, with 135 defines and 301 references
processors: Unity.Jobs.CodeGen.JobsILPostProcessor, zzzUnity.Burst.CodeGen.BurstILPostProcessor
running Unity.Jobs.CodeGen.JobsILPostProcessor
running zzzUnity.Burst.CodeGen.BurstILPostProcessor
[729/820    0s] ILPostProcess Library/Bee/artifacts/200b0aEDbg.dag/post-processed/UnityEditor.UI.Analytics.dll (+pdb)
Processing assembly Library/Bee/artifacts/200b0aEDbg.dag/UnityEditor.UI.Analytics.dll, with 135 defines and 297 references
processors: Unity.Jobs.CodeGen.JobsILPostProcessor, zzzUnity.Burst.CodeGen.BurstILPostProcessor
running Unity.Jobs.CodeGen.JobsILPostProcessor
running zzzUnity.Burst.CodeGen.BurstILPostProcessor
[730/820    0s] ILPostProcess Library/Bee/artifacts/200b0aEDbg.dag/post-processed/Unity.TextMeshPro.Editor.dll (+pdb)
Processing assembly Library/Bee/artifacts/200b0aEDbg.dag/Unity.TextMeshPro.Editor.dll, with 135 defines and 298 references
processors: Unity.Jobs.CodeGen.JobsILPostProcessor, zzzUnity.Burst.CodeGen.BurstILPostProcessor
running Unity.Jobs.CodeGen.JobsILPostProcessor
running zzzUnity.Burst.CodeGen.BurstILPostProcessor
[731/820    0s] ILPostProcess Library/Bee/artifacts/200b0aEDbg.dag/post-processed/Unity.RenderPipelines.Universal.2D.Editor.Overrides.dll (+pdb)
Processing assembly Library/Bee/artifacts/200b0aEDbg.dag/Unity.RenderPipelines.Universal.2D.Editor.Overrides.dll, with 136 defines and 305 references
processors: Unity.Jobs.CodeGen.JobsILPostProcessor, zzzUnity.Burst.CodeGen.BurstILPostProcessor
running Unity.Jobs.CodeGen.JobsILPostProcessor
running zzzUnity.Burst.CodeGen.BurstILPostProcessor
[732/820    0s] ILPostProcess Library/Bee/artifacts/200b0aEDbg.dag/post-processed/Unity.Rendering.LightTransport.Editor.dll (+pdb)
Processing assembly Library/Bee/artifacts/200b0aEDbg.dag/Unity.Rendering.LightTransport.Editor.dll, with 135 defines and 296 references
processors: Unity.Jobs.CodeGen.JobsILPostProcessor, zzzUnity.Burst.CodeGen.BurstILPostProcessor
running Unity.Jobs.CodeGen.JobsILPostProcessor
running zzzUnity.Burst.CodeGen.BurstILPostProcessor
[733/820    0s] ILPostProcess Library/Bee/artifacts/200b0aEDbg.dag/post-processed/Unity.ScriptableBuildPipeline.Editor.dll (+pdb)
Processing assembly Library/Bee/artifacts/200b0aEDbg.dag/Unity.ScriptableBuildPipeline.Editor.dll, with 138 defines and 297 references
processors: Unity.Jobs.CodeGen.JobsILPostProcessor, zzzUnity.Burst.CodeGen.BurstILPostProcessor
running Unity.Jobs.CodeGen.JobsILPostProcessor
running zzzUnity.Burst.CodeGen.BurstILPostProcessor
[734/820    0s] ILPostProcess Library/Bee/artifacts/200b0aEDbg.dag/post-processed/Unity.RenderPipelines.Universal.Editor.dll (+pdb)
Processing assembly Library/Bee/artifacts/200b0aEDbg.dag/Unity.RenderPipelines.Universal.Editor.dll, with 137 defines and 309 references
processors: Unity.Jobs.CodeGen.JobsILPostProcessor, zzzUnity.Burst.CodeGen.BurstILPostProcessor
running Unity.Jobs.CodeGen.JobsILPostProcessor
running zzzUnity.Burst.CodeGen.BurstILPostProcessor
[735/820    0s] ILPostProcess Library/Bee/artifacts/200b0aEDbg.dag/post-processed/Unity.Addressables.Editor.dll (+pdb)
Processing assembly Library/Bee/artifacts/200b0aEDbg.dag/Unity.Addressables.Editor.dll, with 136 defines and 300 references
processors: Unity.Jobs.CodeGen.JobsILPostProcessor, zzzUnity.Burst.CodeGen.BurstILPostProcessor
running Unity.Jobs.CodeGen.JobsILPostProcessor
running zzzUnity.Burst.CodeGen.BurstILPostProcessor
[736/820    0s] ILPostProcess Library/Bee/artifacts/200b0aEDbg.dag/post-processed/Unity.Burst.Editor.dll (+pdb)
Processing assembly Library/Bee/artifacts/200b0aEDbg.dag/Unity.Burst.Editor.dll, with 135 defines and 297 references
processors: Unity.Jobs.CodeGen.JobsILPostProcessor, zzzUnity.Burst.CodeGen.BurstILPostProcessor
running Unity.Jobs.CodeGen.JobsILPostProcessor
running zzzUnity.Burst.CodeGen.BurstILPostProcessor
[737/820    0s] ILPostProcess Library/Bee/artifacts/200b0aEDbg.dag/post-processed/Unity.PerformanceTesting.Editor.dll (+pdb)
Processing assembly Library/Bee/artifacts/200b0aEDbg.dag/Unity.PerformanceTesting.Editor.dll, with 136 defines and 293 references
processors: Unity.Jobs.CodeGen.JobsILPostProcessor, zzzUnity.Burst.CodeGen.BurstILPostProcessor
running Unity.Jobs.CodeGen.JobsILPostProcessor
running zzzUnity.Burst.CodeGen.BurstILPostProcessor
[738/820    0s] ILPostProcess Library/Bee/artifacts/200b0aEDbg.dag/post-processed/UnityEditor.UI.dll (+pdb)
Processing assembly Library/Bee/artifacts/200b0aEDbg.dag/UnityEditor.UI.dll, with 138 defines and 295 references
processors: Unity.Jobs.CodeGen.JobsILPostProcessor, zzzUnity.Burst.CodeGen.BurstILPostProcessor
running Unity.Jobs.CodeGen.JobsILPostProcessor
running zzzUnity.Burst.CodeGen.BurstILPostProcessor
[739/820    0s] ILPostProcess Library/Bee/artifacts/200b0aEDbg.dag/post-processed/Unity.InternalAPIEditorBridge.ShaderGraph.Editor.dll (+pdb)
Processing assembly Library/Bee/artifacts/200b0aEDbg.dag/Unity.InternalAPIEditorBridge.ShaderGraph.Editor.dll, with 135 defines and 296 references
processors: Unity.Jobs.CodeGen.JobsILPostProcessor, zzzUnity.Burst.CodeGen.BurstILPostProcessor
running Unity.Jobs.CodeGen.JobsILPostProcessor
running zzzUnity.Burst.CodeGen.BurstILPostProcessor
[740/820    0s] ILPostProcess Library/Bee/artifacts/200b0aEDbg.dag/post-processed/Unity.InputSystem.ForUI.Editor.dll (+pdb)
Processing assembly Library/Bee/artifacts/200b0aEDbg.dag/Unity.InputSystem.ForUI.Editor.dll, with 135 defines and 298 references
processors: Unity.Jobs.CodeGen.JobsILPostProcessor, zzzUnity.Burst.CodeGen.BurstILPostProcessor
running Unity.Jobs.CodeGen.JobsILPostProcessor
running zzzUnity.Burst.CodeGen.BurstILPostProcessor
[741/820    0s] ILPostProcess Library/Bee/artifacts/200b0aEDbg.dag/post-processed/Unity.InternalAPIEngineBridge.RenderPipelines.Core.Editor.dll (+pdb)
Processing assembly Library/Bee/artifacts/200b0aEDbg.dag/Unity.InternalAPIEngineBridge.RenderPipelines.Core.Editor.dll, with 135 defines and 296 references
processors: Unity.Jobs.CodeGen.JobsILPostProcessor, zzzUnity.Burst.CodeGen.BurstILPostProcessor
running Unity.Jobs.CodeGen.JobsILPostProcessor
running zzzUnity.Burst.CodeGen.BurstILPostProcessor
[742/820    0s] ILPostProcess Library/Bee/artifacts/200b0aEDbg.dag/post-processed/Unity.Addressables.DocExampleCode.Editor.Tests.dll (+pdb)
Processing assembly Library/Bee/artifacts/200b0aEDbg.dag/Unity.Addressables.DocExampleCode.Editor.Tests.dll, with 137 defines and 296 references
processors: Unity.Jobs.CodeGen.JobsILPostProcessor, zzzUnity.Burst.CodeGen.BurstILPostProcessor
running Unity.Jobs.CodeGen.JobsILPostProcessor
running zzzUnity.Burst.CodeGen.BurstILPostProcessor
[743/820    0s] CopyFiles Library/ScriptAssemblies/Tide.Tests.Play.dll
[744/820    0s] CopyFiles Library/ScriptAssemblies/Tide.Sim.dll
[745/820    0s] CopyFiles Library/ScriptAssemblies/Unity.PathTracing.Runtime.dll
[746/820    0s] CopyFiles Library/ScriptAssemblies/Unity.Localization.dll
[747/820    0s] CopyFiles Library/ScriptAssemblies/Unity.InternalAPIEngineBridge.RenderPipelines.Core.Runtime.Shared.dll
[748/820    0s] CopyFiles Library/ScriptAssemblies/Unity.Collections.dll
[749/820    0s] CopyFiles Library/ScriptAssemblies/Unity.RenderPipeline.Universal.ShaderLibrary.dll
[750/820    0s] CopyFiles Library/ScriptAssemblies/Unity.RenderPipelines.GPUDriven.Runtime.dll
[751/820    0s] CopyFiles Library/ScriptAssemblies/Unity.ScriptableBuildPipeline.dll
[752/820    0s] CopyFiles Library/ScriptAssemblies/Tide.Input.dll
[753/820    0s] CopyFiles Library/ScriptAssemblies/Unity.ResourceManager.dll
[754/820    0s] CopyFiles Library/ScriptAssemblies/Unity.RenderPipelines.Core.Runtime.dll
[755/820    0s] CopyFiles Library/ScriptAssemblies/Unity.RenderPipelines.ShaderGraph.ShaderGraphLibrary.dll
[756/820    0s] CopyFiles Library/ScriptAssemblies/Unity.InputSystem.dll
[757/820    0s] CopyFiles Library/ScriptAssemblies/Unity.RenderPipelines.Universal.2D.Runtime.dll
[758/820    0s] CopyFiles Library/ScriptAssemblies/Tide.Save.dll
[759/820    0s] CopyFiles Library/ScriptAssemblies/Unity.InternalAPIEngineBridge.004.dll
[760/820    0s] CopyFiles Library/ScriptAssemblies/Unity.InputSystem.TestFramework.dll
[761/820    0s] CopyFiles Library/ScriptAssemblies/Unity.RenderPipelines.Core.ShaderLibrary.dll
[762/820    0s] CopyFiles Library/ScriptAssemblies/Unity.RenderPipelines.Universal.Shaders.dll
[763/820    0s] CopyFiles Library/ScriptAssemblies/Unity.Burst.dll
[764/820    0s] CopyFiles Library/ScriptAssemblies/Tide.App.dll
[765/820    0s] CopyFiles Library/ScriptAssemblies/Tide.Data.dll
[766/820    0s] CopyFiles Library/ScriptAssemblies/Unity.UnifiedRayTracing.Runtime.dll
[767/820    0s] CopyFiles Library/ScriptAssemblies/Tide.UI.dll
[768/820    0s] CopyFiles Library/ScriptAssemblies/Unity.PerformanceTesting.dll
[769/820    0s] CopyFiles Library/ScriptAssemblies/Unity.RenderPipelines.Core.Runtime.Shared.dll
[770/820    0s] CopyFiles Library/ScriptAssemblies/Unity.InternalAPIEngineBridge.013.dll
[771/820    0s] CopyFiles Library/ScriptAssemblies/Unity.SurfaceCache.Runtime.dll
[772/820    0s] CopyFiles Library/ScriptAssemblies/Tide.Presentation.dll
[773/820    0s] CopyFiles Library/ScriptAssemblies/Unity.RenderPipelines.Universal.Runtime.dll
[774/820    0s] CopyFiles Library/ScriptAssemblies/Unity.InputSystem.ForUI.dll
[775/820    0s] CopyFiles Library/ScriptAssemblies/Unity.TextMeshPro.dll
[776/820    0s] CopyFiles Library/ScriptAssemblies/Unity.Mathematics.dll
[777/820    0s] CopyFiles Library/ScriptAssemblies/UnityEngine.UI.dll
[778/820    0s] CopyFiles Library/ScriptAssemblies/Unity.RenderPipelines.Universal.Config.Runtime.dll
[779/820    0s] CopyFiles Library/ScriptAssemblies/Unity.Addressables.DocExampleCode.Editor.Tests.dll
[780/820    0s] CopyFiles Library/ScriptAssemblies/Unity.InternalAPIEngineBridge.RenderPipelines.Core.Editor.pdb
[781/820    0s] CopyFiles Library/ScriptAssemblies/Unity.Profiling.Core.dll
[782/820    0s] CopyFiles Library/ScriptAssemblies/UnityEditor.UI.dll
[783/820    0s] CopyFiles Library/ScriptAssemblies/Unity.Addressables.dll
[784/820    0s] CopyFiles Library/ScriptAssemblies/UnityEditor.UI.pdb
[785/820    0s] CopyFiles Library/ScriptAssemblies/Unity.Addressables.DocExampleCode.Editor.Tests.pdb
[786/820    0s] CopyFiles Library/ScriptAssemblies/Unity.InternalAPIEditorBridge.ShaderGraph.Editor.dll
[787/820    0s] CopyFiles Library/ScriptAssemblies/Unity.InputSystem.ForUI.Editor.dll
[788/820    0s] CopyFiles Library/ScriptAssemblies/Unity.InternalAPIEngineBridge.RenderPipelines.Core.Editor.dll
[789/820    0s] CopyFiles Library/ScriptAssemblies/Unity.InternalAPIEditorBridge.ShaderGraph.Editor.pdb
[790/820    0s] CopyFiles Library/ScriptAssemblies/Unity.PerformanceTesting.Editor.dll
[791/820    0s] CopyFiles Library/ScriptAssemblies/Unity.InputSystem.ForUI.Editor.pdb
[792/820    0s] CopyFiles Library/ScriptAssemblies/Unity.PerformanceTesting.Editor.pdb
[793/820    0s] CopyFiles Library/ScriptAssemblies/Unity.Burst.Editor.pdb
[794/820    0s] CopyFiles Library/ScriptAssemblies/Unity.RenderPipelines.Universal.Editor.pdb
[795/820    0s] CopyFiles Library/ScriptAssemblies/Unity.Burst.Editor.dll
[796/820    0s] CopyFiles Library/ScriptAssemblies/Unity.Rendering.LightTransport.Editor.pdb
[797/820    0s] CopyFiles Library/ScriptAssemblies/Unity.ScriptableBuildPipeline.Editor.pdb
[798/820    0s] CopyFiles Library/ScriptAssemblies/Unity.RenderPipelines.Universal.2D.Editor.Overrides.pdb
[799/820    0s] CopyFiles Library/ScriptAssemblies/Unity.RenderPipelines.Universal.2D.Editor.Overrides.dll
[800/820    0s] CopyFiles Library/ScriptAssemblies/Unity.TextMeshPro.Editor.pdb
[801/820    0s] CopyFiles Library/ScriptAssemblies/Unity.Addressables.Editor.dll
[802/820    0s] CopyFiles Library/ScriptAssemblies/Unity.Addressables.Editor.pdb
[803/820    0s] CopyFiles Library/ScriptAssemblies/Unity.RenderPipelines.Universal.Editor.dll
[804/820    0s] CopyFiles Library/ScriptAssemblies/Unity.ScriptableBuildPipeline.Editor.dll
[805/820    0s] CopyFiles Library/ScriptAssemblies/Tide.Tests.Sim.dll
[806/820    0s] CopyFiles Library/ScriptAssemblies/UnityEditor.UI.Analytics.pdb
[807/820    0s] CopyFiles Library/ScriptAssemblies/Tide.Tests.Sim.pdb
[808/820    0s] CopyFiles Library/ScriptAssemblies/Unity.ShaderGraph.Editor.pdb
[809/820    0s] CopyFiles Library/ScriptAssemblies/Unity.RenderPipelines.Universal.Runtime.pdb
[810/820    0s] CopyFiles Library/ScriptAssemblies/Unity.InputSystem.DocCodeSamples.pdb
[811/820    0s] CopyFiles Library/ScriptAssemblies/Unity.InputSystem.DocCodeSamples.dll
[812/820    0s] CopyFiles Library/ScriptAssemblies/Unity.TextMeshPro.Editor.dll
[813/820    0s] CopyFiles Library/ScriptAssemblies/Unity.PathTracing.Editor.pdb
[814/820    0s] CopyFiles Library/ScriptAssemblies/UnityEditor.UI.Analytics.dll
[815/820    0s] CopyFiles Library/ScriptAssemblies/Tide.EditorTools.pdb
[816/820    0s] CopyFiles Library/ScriptAssemblies/Unity.ShaderGraph.Editor.dll
[817/820    0s] CopyFiles Library/ScriptAssemblies/Unity.PathTracing.Editor.dll
[818/820    0s] CopyFiles Library/ScriptAssemblies/Unity.Localization.Editor.dll
[819/820    0s] CopyFiles Library/ScriptAssemblies/Unity.InternalAPIEditorBridge.013.dll
[820/820    0s] CopyFiles Library/ScriptAssemblies/Unity.Mathematics.pdb
[821/820    0s] CopyFiles Library/ScriptAssemblies/Unity.ScriptableBuildPipeline.pdb
[822/820    0s] CopyFiles Library/ScriptAssemblies/Tide.EditorTools.dll
[823/820    0s] CopyFiles Library/ScriptAssemblies/Unity.Rendering.LightTransport.Editor.dll
[824/820    0s] CopyFiles Library/ScriptAssemblies/Unity.Localization.Editor.pdb
[825/820    0s] CopyFiles Library/ScriptAssemblies/Unity.InternalAPIEditorBridge.013.pdb
[826/820    0s] CopyFiles Library/ScriptAssemblies/Unity.InternalAPIEngineBridge.RenderPipelines.Core.Runtime.Shared.pdb
[827/820    0s] CopyFiles Library/ScriptAssemblies/Unity.InputSystem.TestFramework.pdb
[828/820    0s] CopyFiles Library/ScriptAssemblies/Tide.App.pdb
[829/820    0s] CopyFiles Library/ScriptAssemblies/Unity.RenderPipelines.Core.Runtime.Shared.pdb
[830/820    0s] CopyFiles Library/ScriptAssemblies/Unity.RenderPipelines.Core.Runtime.pdb
[831/820    0s] CopyFiles Library/ScriptAssemblies/Unity.RenderPipelines.ShaderGraph.ShaderGraphLibrary.pdb
[832/820    0s] CopyFiles Library/ScriptAssemblies/Unity.PerformanceTesting.pdb
[833/820    0s] CopyFiles Library/ScriptAssemblies/Tide.UI.pdb
[834/820    0s] CopyFiles Library/ScriptAssemblies/Unity.TextMeshPro.pdb
[835/820    0s] CopyFiles Library/ScriptAssemblies/Unity.Burst.pdb
[836/820    0s] CopyFiles Library/ScriptAssemblies/Tide.Tests.Play.pdb
[837/820    0s] CopyFiles Library/ScriptAssemblies/Tide.Save.pdb
[838/820    0s] CopyFiles Library/ScriptAssemblies/Unity.ResourceManager.pdb
[839/820    0s] CopyFiles Library/ScriptAssemblies/Unity.UnifiedRayTracing.Runtime.pdb
[840/820    0s] CopyFiles Library/ScriptAssemblies/Unity.RenderPipelines.Universal.2D.Runtime.pdb
[841/820    0s] CopyFiles Library/ScriptAssemblies/Unity.Collections.pdb
[842/820    0s] CopyFiles Library/ScriptAssemblies/Unity.Profiling.Core.pdb
[843/820    0s] CopyFiles Library/ScriptAssemblies/Tide.Presentation.pdb
[844/820    0s] CopyFiles Library/ScriptAssemblies/Unity.RenderPipelines.GPUDriven.Runtime.pdb
[845/820    0s] CopyFiles Library/ScriptAssemblies/Unity.RenderPipelines.Universal.Shaders.pdb
[846/820    0s] CopyFiles Library/ScriptAssemblies/Tide.Data.pdb
[847/820    0s] CopyFiles Library/ScriptAssemblies/Unity.SurfaceCache.Runtime.pdb
[848/820    0s] CopyFiles Library/ScriptAssemblies/Unity.Localization.pdb
[849/820    0s] CopyFiles Library/ScriptAssemblies/Unity.PathTracing.Runtime.pdb
[850/820    0s] CopyFiles Library/ScriptAssemblies/Tide.Sim.pdb
[851/820    0s] CopyFiles Library/ScriptAssemblies/Unity.RenderPipeline.Universal.ShaderLibrary.pdb
[852/820    0s] CopyFiles Library/ScriptAssemblies/Unity.RenderPipelines.Universal.Config.Runtime.pdb
[853/820    0s] CopyFiles Library/ScriptAssemblies/Unity.InputSystem.pdb
[854/820    0s] CopyFiles Library/ScriptAssemblies/Unity.Addressables.pdb
[855/820    0s] CopyFiles Library/ScriptAssemblies/UnityEngine.UI.pdb
[856/820    0s] CopyFiles Library/ScriptAssemblies/Unity.InternalAPIEngineBridge.004.pdb
[857/820    0s] CopyFiles Library/ScriptAssemblies/Unity.InternalAPIEngineBridge.013.pdb
[858/820    0s] CopyFiles Library/ScriptAssemblies/Unity.InputSystem.ForUI.pdb
[859/820    0s] CopyFiles Library/ScriptAssemblies/Unity.RenderPipelines.Core.ShaderLibrary.pdb
[860/820    0s] CopyFiles Library/ScriptAssemblies/Tide.Input.pdb
[861/820    0s] ILPostProcess Library/Bee/artifacts/200b0aEDbg.dag/post-processed/Unity.AutoGroupGenerator.Editor.dll (+pdb)
Processing assembly Library/Bee/artifacts/200b0aEDbg.dag/Unity.AutoGroupGenerator.Editor.dll, with 135 defines and 298 references
processors: Unity.Jobs.CodeGen.JobsILPostProcessor, zzzUnity.Burst.CodeGen.BurstILPostProcessor
running Unity.Jobs.CodeGen.JobsILPostProcessor
running zzzUnity.Burst.CodeGen.BurstILPostProcessor
[862/820    0s] ILPostProcess Library/Bee/artifacts/200b0aEDbg.dag/post-processed/Unity.Collections.Editor.dll (+pdb)
Processing assembly Library/Bee/artifacts/200b0aEDbg.dag/Unity.Collections.Editor.dll, with 136 defines and 297 references
processors: Unity.Jobs.CodeGen.JobsILPostProcessor, zzzUnity.Burst.CodeGen.BurstILPostProcessor
running Unity.Jobs.CodeGen.JobsILPostProcessor
running zzzUnity.Burst.CodeGen.BurstILPostProcessor
[863/820    0s] ILPostProcess Library/Bee/artifacts/200b0aEDbg.dag/post-processed/Unity.RenderPipelines.Core.Editor.Shared.dll (+pdb)
Processing assembly Library/Bee/artifacts/200b0aEDbg.dag/Unity.RenderPipelines.Core.Editor.Shared.dll, with 135 defines and 303 references
processors: Unity.Jobs.CodeGen.JobsILPostProcessor, zzzUnity.Burst.CodeGen.BurstILPostProcessor
running Unity.Jobs.CodeGen.JobsILPostProcessor
running zzzUnity.Burst.CodeGen.BurstILPostProcessor
[864/820    0s] CopyFiles Library/ScriptAssemblies/Unity.AutoGroupGenerator.Editor.dll
[865/820    0s] CopyFiles Library/ScriptAssemblies/Unity.AutoGroupGenerator.Editor.pdb
[866/820    0s] CopyFiles Library/ScriptAssemblies/Unity.RenderPipelines.Core.Editor.Shared.pdb
[867/820    0s] CopyFiles Library/ScriptAssemblies/Unity.RenderPipelines.Core.Editor.Shared.dll
[868/820    0s] CopyFiles Library/ScriptAssemblies/Unity.Collections.Editor.pdb
[869/820    0s] CopyFiles Library/ScriptAssemblies/Unity.Collections.Editor.dll
[870/820    0s] ILPostProcess Library/Bee/artifacts/200b0aEDbg.dag/post-processed/Unity.ShaderGraph.Utilities.dll (+pdb)
Processing assembly Library/Bee/artifacts/200b0aEDbg.dag/Unity.ShaderGraph.Utilities.dll, with 135 defines and 296 references
processors: Unity.Jobs.CodeGen.JobsILPostProcessor, zzzUnity.Burst.CodeGen.BurstILPostProcessor
running Unity.Jobs.CodeGen.JobsILPostProcessor
running zzzUnity.Burst.CodeGen.BurstILPostProcessor
[871/820    0s] ILPostProcess Library/Bee/artifacts/200b0aEDbg.dag/post-processed/Unity.Searcher.Editor.dll (+pdb)
Processing assembly Library/Bee/artifacts/200b0aEDbg.dag/Unity.Searcher.Editor.dll, with 135 defines and 296 references
processors: Unity.Jobs.CodeGen.JobsILPostProcessor, zzzUnity.Burst.CodeGen.BurstILPostProcessor
running Unity.Jobs.CodeGen.JobsILPostProcessor
running zzzUnity.Burst.CodeGen.BurstILPostProcessor
[872/820    0s] ILPostProcess Library/Bee/artifacts/200b0aEDbg.dag/post-processed/Unity.RenderPipelines.Core.Editor.dll (+pdb)
Processing assembly Library/Bee/artifacts/200b0aEDbg.dag/Unity.RenderPipelines.Core.Editor.dll, with 138 defines and 305 references
processors: Unity.Jobs.CodeGen.JobsILPostProcessor, zzzUnity.Burst.CodeGen.BurstILPostProcessor
running Unity.Jobs.CodeGen.JobsILPostProcessor
running zzzUnity.Burst.CodeGen.BurstILPostProcessor
[873/820    0s] CopyFiles Library/ScriptAssemblies/Unity.ShaderGraph.Utilities.dll
[874/820    0s] CopyFiles Library/ScriptAssemblies/Unity.Searcher.Editor.dll
[875/820    0s] CopyFiles Library/ScriptAssemblies/Unity.ShaderGraph.Utilities.pdb
[876/820    0s] CopyFiles Library/ScriptAssemblies/Unity.Searcher.Editor.pdb
[877/820    0s] CopyFiles Library/ScriptAssemblies/Unity.RenderPipelines.Core.Editor.dll
[878/820    0s] CopyFiles Library/ScriptAssemblies/Unity.RenderPipelines.Core.Editor.pdb
*** Tundra build success (8.19 seconds), 760 items updated, 820 evaluated
Assets/_Project/Tests/EditMode/T0M2Tests.cs(36,79): warning CS1998: This async method lacks 'await' operators and will run synchronously. Consider using the 'await' operator to await non-blocking API calls, or 'await Task.Run(...)' to do CPU-bound work on a background thread.
Total cache size 72886336
Total cache size after purge 72886336, took 00:00:00.0468405
AssetDatabase: script compilation time: 11.301231s
Begin MonoManager ReloadAssembly
Symbol file LoadedFromMemory is not a mono symbol file
Native extension for OSXStandalone target not found
Native extension for WebGL target not found
ScheduleIndexationOnStartup MainProcess:True IndexOnStartup:True
Mono: successfully reloaded assembly
- Finished resetting the current domain, in  3.594 seconds
Domain Reload Profiling: 4331ms
	BeginReloadAssembly (276ms)
		DisableScriptedObjects (21ms)
		CreateAndSetChildDomain (74ms)
	RebuildCommonClasses (7ms)
	RebuildNativeTypeToScriptingClass (13ms)
	initialDomainReloadingComplete (34ms)
	LoadAllAssembliesAndSetupDomain (406ms)
		LoadAssemblies (317ms)
		AnalyzeDomain (139ms)
			TypeCache.Refresh (104ms)
				TypeCache.ScanAssembly (92ms)
			BuildScriptInfoCaches (30ms)
			ResolveRequiredComponents (3ms)
	FinalizeReload (3595ms)
		SetupLoadedEditorAssemblies (0ms)
			BeforeProcessingInitializeOnLoad (78ms)
			ProcessInitializeOnLoadAttributes (2641ms)
			ProcessInitializeOnLoadMethodAttributes (584ms)
			EditorAssembliesLoaded (31ms)
		AwakeInstancesAfterBackupRestoration (14ms)
Importing 'GUID: 1142bbad8b9e8c44c83a9775ff120d37 - Path: Packages/com.unity.render-pipelines.core/Tests/Editor/UnifiedRayTracing/TraceRays.urtshader' with importer (ScriptedImporter : Unity.Rendering.LightTransport.Editor:UnityEditor.Rendering.UnifiedRayTracing:UnifiedRTShaderImporter)
Launching external process: /Applications/Unity/Hub/Editor/6000.5.6f1/Unity.app/Contents/Helpers/UnityShaderCompiler
Launched and connected shader compiler UnityShaderCompiler after 0.08 seconds
Imported 'GUID: 1142bbad8b9e8c44c83a9775ff120d37' -> (Import Result ID: 'd974182a854bd7ec564893663a1f0c15') in 0.123 seconds [static and dynamic dependencies]. Details - ImportResultOutputID=fc1946655c50077f9e9b69308387967b DependenciesID=763f4d8aea85fef44a5934a30eca4011 StaticDependenciesID=b590610e5fcd8a708a4f2de850e8beb3 
Importing 'GUID: d19f4f8a13b6edb48b986a47ec96402e - Path: Packages/com.unity.render-pipelines.core/Runtime/PathTracing/Shaders/LightmapShadowMaskIntegration.urtshader' with importer (ScriptedImporter : Unity.Rendering.LightTransport.Editor:UnityEditor.Rendering.UnifiedRayTracing:UnifiedRTShaderImporter)
Imported 'GUID: d19f4f8a13b6edb48b986a47ec96402e' -> (Import Result ID: '9ccdfad5f4f12f7849623105e818bf25') in 0.017 seconds [static and dynamic dependencies]. Details - ImportResultOutputID=ff2d02a4e47975453598396cbf51d0bd DependenciesID=692b6a3b638af6bad70953c02bd9208c StaticDependenciesID=49e323bdcc1546638b13bdfb4cfc68f8 
Importing 'GUID: 737a1597422c12547a8714d76a9406ec - Path: Packages/com.unity.render-pipelines.core/Runtime/PathTracing/Shaders/LightmapGBufferDebug.urtshader' with importer (ScriptedImporter : Unity.Rendering.LightTransport.Editor:UnityEditor.Rendering.UnifiedRayTracing:UnifiedRTShaderImporter)
Imported 'GUID: 737a1597422c12547a8714d76a9406ec' -> (Import Result ID: 'dc1f1f6e7ddeac7550e5f75a0e0def2c') in 0.004 seconds [static and dynamic dependencies]. Details - ImportResultOutputID=4d72c2d5b82345ba806c7359b5f61a0a DependenciesID=9ddaf8454a644c4764c7b813f83328fd StaticDependenciesID=3f20227e84078b6c645405c46cb8ba27 
Importing 'GUID: f32463968f29423cad25aee15a14b9f1 - Path: Packages/com.unity.render-pipelines.core/Runtime/Lighting/SurfaceCache/PunctualLightSampling.urtshader' with importer (ScriptedImporter : Unity.Rendering.LightTransport.Editor:UnityEditor.Rendering.UnifiedRayTracing:UnifiedRTShaderImporter)
Imported 'GUID: f32463968f29423cad25aee15a14b9f1' -> (Import Result ID: '9c0a2075f169161d646cf578eaf71c36') in 0.006 seconds [static and dynamic dependencies]. Details - ImportResultOutputID=fd872977d09240d13206b8f392fda2d5 DependenciesID=1b8d612a714a545ff4b8eab79212b935 StaticDependenciesID=4f869afac6e91401aa4f6406345ebaa4 
Importing 'GUID: 1451d029813b192429211be28181beab - Path: Packages/com.unity.render-pipelines.core/Runtime/PathTracing/Shaders/LightmapNormalIntegration.urtshader' with importer (ScriptedImporter : Unity.Rendering.LightTransport.Editor:UnityEditor.Rendering.UnifiedRayTracing:UnifiedRTShaderImporter)
Imported 'GUID: 1451d029813b192429211be28181beab' -> (Import Result ID: 'e906f249c3cadc6c10392fd539456f66') in 0.004 seconds [static and dynamic dependencies]. Details - ImportResultOutputID=45c6e5f7d5f2dccf3e1dd0fcdea25fa3 DependenciesID=2fb5a55e5fa4831dff0b68fea21aa999 StaticDependenciesID=626f7de18fff1a2955b8662085b4dbf4 
Importing 'GUID: 94a070d33e408384bafc1dea4a565df9 - Path: Packages/com.unity.render-pipelines.core/Editor/Lighting/ProbeVolume/RenderingLayerMask/TraceRenderingLayerMask.urtshader' with importer (ScriptedImporter : Unity.Rendering.LightTransport.Editor:UnityEditor.Rendering.UnifiedRayTracing:UnifiedRTShaderImporter)
Imported 'GUID: 94a070d33e408384bafc1dea4a565df9' -> (Import Result ID: '235356a48c0705e7b24982275710c12b') in 0.004 seconds [static and dynamic dependencies]. Details - ImportResultOutputID=78ab2d5f2f27d060579d808bb62f7b61 DependenciesID=c024466ffbec7eea68052c88bf0b4ebb StaticDependenciesID=1fb66491edd8b32229e5d2cbc061e2c6 
Importing 'GUID: 94a39d12848d8d64ca962a72b74e7c50 - Path: Packages/com.unity.render-pipelines.core/Runtime/Lighting/SurfaceCache/Estimation.urtshader' with importer (ScriptedImporter : Unity.Rendering.LightTransport.Editor:UnityEditor.Rendering.UnifiedRayTracing:UnifiedRTShaderImporter)
Imported 'GUID: 94a39d12848d8d64ca962a72b74e7c50' -> (Import Result ID: '89399814a7eb92c2b64fdc0f7042504e') in 0.004 seconds [static and dynamic dependencies]. Details - ImportResultOutputID=6a38fbb3052c7dbb92fd506acd3a3629 DependenciesID=9f82bfe627bef5b424cc6f240e5c40b4 StaticDependenciesID=8d6e14e20b029a55e979a2936b1a7ca7 
Importing 'GUID: 6513c3b892e933c4f8d00c19d5c47532 - Path: Packages/com.unity.render-pipelines.core/Tests/Editor/UnifiedRayTracing/TraceTransparentRays.urtshader' with importer (ScriptedImporter : Unity.Rendering.LightTransport.Editor:UnityEditor.Rendering.UnifiedRayTracing:UnifiedRTShaderImporter)
Imported 'GUID: 6513c3b892e933c4f8d00c19d5c47532' -> (Import Result ID: '4e217a1ec27406487f5f86cfe42719d6') in 0.003 seconds [static and dynamic dependencies]. Details - ImportResultOutputID=cdffa83baddfdc8023b6cdb44926dc59 DependenciesID=47d290f1a691b3075da1d2eb637eaca9 StaticDependenciesID=1d53447eb896b42061753339acb6425c 
Importing 'GUID: 7624adbeb148b5c48ab5ab660cc2602a - Path: Packages/com.unity.render-pipelines.core/Runtime/PathTracing/Shaders/LightmapIndirectIntegration.urtshader' with importer (ScriptedImporter : Unity.Rendering.LightTransport.Editor:UnityEditor.Rendering.UnifiedRayTracing:UnifiedRTShaderImporter)
Imported 'GUID: 7624adbeb148b5c48ab5ab660cc2602a' -> (Import Result ID: '36c36ee092852a0187eb7e666772e70b') in 0.005 seconds [static and dynamic dependencies]. Details - ImportResultOutputID=43c47a076132571ba8e7a1b6d622c1ea DependenciesID=1329073acafcd291e9cb583882063280 StaticDependenciesID=dfa7396d5ca1cf2ef064ee30a15c28cb 
Importing 'GUID: e9f4de6d1e07fb94f9a60d35b618f724 - Path: Packages/com.unity.render-pipelines.core/Runtime/PathTracing/Shaders/LightmapGBufferIntegration.urtshader' with importer (ScriptedImporter : Unity.Rendering.LightTransport.Editor:UnityEditor.Rendering.UnifiedRayTracing:UnifiedRTShaderImporter)
Imported 'GUID: e9f4de6d1e07fb94f9a60d35b618f724' -> (Import Result ID: '2c5a99b66e0c0d66c7ebe8762247d531') in 0.004 seconds [static and dynamic dependencies]. Details - ImportResultOutputID=070eaec947367ddc40b9f2196bdd0758 DependenciesID=1b33af91fb184cbf0e1851ddb7ea0855 StaticDependenciesID=c1c19c6613f9208e5bdf4763e0c6f025 
Importing 'GUID: 5a2a534753fbdb44e96c3c78b5a6999d - Path: Packages/com.unity.render-pipelines.core/Editor/Lighting/ProbeVolume/DynamicGI/DynamicGISkyOcclusion.urtshader' with importer (ScriptedImporter : Unity.Rendering.LightTransport.Editor:UnityEditor.Rendering.UnifiedRayTracing:UnifiedRTShaderImporter)
Imported 'GUID: 5a2a534753fbdb44e96c3c78b5a6999d' -> (Import Result ID: '07fe202943086987dd41f7a136e7c6f8') in 0.004 seconds [static and dynamic dependencies]. Details - ImportResultOutputID=8ac16c01a185cf22d6ee6833110f483e DependenciesID=c0817fe5c8e603af5793c9684bf158c8 StaticDependenciesID=9a3cb12acb0dec6d8b8b546f6957ac54 
Importing 'GUID: 5bbebdef5916845478fcef13fa10d89f - Path: Packages/com.unity.render-pipelines.core/Runtime/PathTracing/Shaders/LightmapDirectIntegration.urtshader' with importer (ScriptedImporter : Unity.Rendering.LightTransport.Editor:UnityEditor.Rendering.UnifiedRayTracing:UnifiedRTShaderImporter)
Imported 'GUID: 5bbebdef5916845478fcef13fa10d89f' -> (Import Result ID: 'fb4b1924f599f0d536e4521be929ef2b') in 0.005 seconds [static and dynamic dependencies]. Details - ImportResultOutputID=a192526b3e2a5698e57c2b2a7cffb1ff DependenciesID=51774b8e0a40fac721425f46acd1f2d5 StaticDependenciesID=ab8dfb6112dd9c39408de08a801f1c40 
Importing 'GUID: fbc59f55df2416344b008dc23753cae2 - Path: Packages/com.unity.render-pipelines.core/Tests/Editor/UnifiedRayTracing/TraceRaysAndFetchAttributes.urtshader' with importer (ScriptedImporter : Unity.Rendering.LightTransport.Editor:UnityEditor.Rendering.UnifiedRayTracing:UnifiedRTShaderImporter)
Imported 'GUID: fbc59f55df2416344b008dc23753cae2' -> (Import Result ID: 'd02865e946271a402d3aa89313af9673') in 0.003 seconds [static and dynamic dependencies]. Details - ImportResultOutputID=4484410c04332179c074a6b340741201 DependenciesID=a794b0702e910c54cd4682bc32b6ae4e StaticDependenciesID=bb4038394feca1bf80603c9ecafaf941 
Importing 'GUID: 1c410815c01ce1d4d82c645c0cd45747 - Path: Packages/com.unity.render-pipelines.core/Runtime/PathTracing/Shaders/LightmapAOIntegration.urtshader' with importer (ScriptedImporter : Unity.Rendering.LightTransport.Editor:UnityEditor.Rendering.UnifiedRayTracing:UnifiedRTShaderImporter)
Imported 'GUID: 1c410815c01ce1d4d82c645c0cd45747' -> (Import Result ID: '857d6da21a85b9add0c0f64845b8dc25') in 0.008 seconds [static and dynamic dependencies]. Details - ImportResultOutputID=534ed70b9d748fa8c8fa1c2f9a98e700 DependenciesID=72c991647bd80c6900d4b173c59d9c44 StaticDependenciesID=2a6f0b41367922b80676f60713a1f940 
Importing 'GUID: 2c32233d92a2d0745930664c087c5c9a - Path: Packages/com.unity.render-pipelines.core/Runtime/PathTracing/Shaders/ProbeIntegrationValidity.urtshader' with importer (ScriptedImporter : Unity.Rendering.LightTransport.Editor:UnityEditor.Rendering.UnifiedRayTracing:UnifiedRTShaderImporter)
Imported 'GUID: 2c32233d92a2d0745930664c087c5c9a' -> (Import Result ID: '53a8fcb94d1a8b55ad88470de00fbb1a') in 0.005 seconds [static and dynamic dependencies]. Details - ImportResultOutputID=bbd8efa74559d9bcf465fbe1bbd02323 DependenciesID=4810dcbc84a9540c6e6dcd0c2d91664e StaticDependenciesID=716f4e45d1a45953f3ce73d3fbf3ee8f 
Importing 'GUID: ace95ac84e213794891b4bd7c9b3c158 - Path: Packages/com.unity.render-pipelines.core/Runtime/PathTracing/Shaders/LightmapValidityIntegration.urtshader' with importer (ScriptedImporter : Unity.Rendering.LightTransport.Editor:UnityEditor.Rendering.UnifiedRayTracing:UnifiedRTShaderImporter)
Imported 'GUID: ace95ac84e213794891b4bd7c9b3c158' -> (Import Result ID: '6ae68151c2258a2db54f0eaa6e0d850c') in 0.004 seconds [static and dynamic dependencies]. Details - ImportResultOutputID=b0878c5250a17d7e5541816f19053cc4 DependenciesID=6e7f016cca4c73a6c2111634521aadb8 StaticDependenciesID=aa8b51d51372d9acaf9acfb058c3fae3 
Importing 'GUID: 5ecdabd800f05984696f22ba95284516 - Path: Packages/com.unity.render-pipelines.core/Runtime/PathTracing/Shaders/ProbeIntegrationIndirect.urtshader' with importer (ScriptedImporter : Unity.Rendering.LightTransport.Editor:UnityEditor.Rendering.UnifiedRayTracing:UnifiedRTShaderImporter)
Imported 'GUID: 5ecdabd800f05984696f22ba95284516' -> (Import Result ID: '33802045e92536d1e1eb281b8faea4b0') in 0.006 seconds [static and dynamic dependencies]. Details - ImportResultOutputID=6031056b88f2ea79393bbc251449ef2f DependenciesID=3213e956c427853efeb2b08a578da956 StaticDependenciesID=2385462edeeea1f1fc9193c7edbfff8e 
Importing 'GUID: 6e0b547bab30a804c8123974120d583f - Path: Packages/com.unity.render-pipelines.core/Tests/Runtime/PathTracing/PathIteratorTest.urtshader' with importer (ScriptedImporter : Unity.Rendering.LightTransport.Editor:UnityEditor.Rendering.UnifiedRayTracing:UnifiedRTShaderImporter)
Imported 'GUID: 6e0b547bab30a804c8123974120d583f' -> (Import Result ID: 'c6766975d143abb99d43f61f8472e2df') in 0.005 seconds [static and dynamic dependencies]. Details - ImportResultOutputID=0719ac8bcf895dbb84b04e2069ad856b DependenciesID=aa866bac0a138e0f1a03026ddb486b02 StaticDependenciesID=d71187151fc008df7658be7f7d10f903 
Importing 'GUID: de3013e16d99f2746ab1735ec06a660b - Path: Packages/com.unity.render-pipelines.core/Runtime/PathTracing/Shaders/ProbeIntegrationOcclusion.urtshader' with importer (ScriptedImporter : Unity.Rendering.LightTransport.Editor:UnityEditor.Rendering.UnifiedRayTracing:UnifiedRTShaderImporter)
Imported 'GUID: de3013e16d99f2746ab1735ec06a660b' -> (Import Result ID: '643bbfd896c171503902ffe1e4c40bc2') in 0.004 seconds [static and dynamic dependencies]. Details - ImportResultOutputID=41c8b17480a2737c0b3ffdb0ccc01b7b DependenciesID=71f9799452c91b523a2bb458fdadfae0 StaticDependenciesID=208d47b8903d77848e11a18b72e01619 
Importing 'GUID: 1f9bfe60b4ad75943a5281839c1a4e5c - Path: Packages/com.unity.render-pipelines.core/Runtime/PathTracing/Shaders/ProbeIntegrationDirect.urtshader' with importer (ScriptedImporter : Unity.Rendering.LightTransport.Editor:UnityEditor.Rendering.UnifiedRayTracing:UnifiedRTShaderImporter)
Imported 'GUID: 1f9bfe60b4ad75943a5281839c1a4e5c' -> (Import Result ID: '65d89e4f7d37e859f963f0d7893db814') in 0.004 seconds [static and dynamic dependencies]. Details - ImportResultOutputID=6d2bfc2f176a1aa4c0929266339e763a DependenciesID=4c4f19844ec4b23e64fefd0700eeeff2 StaticDependenciesID=11eb62a12594dcb52ff4b378a213954b 
Importing 'GUID: ff2cbab5da58bf04d82c5f34037ed123 - Path: Packages/com.unity.render-pipelines.core/Editor/Lighting/ProbeVolume/VirtualOffset/TraceVirtualOffset.urtshader' with importer (ScriptedImporter : Unity.Rendering.LightTransport.Editor:UnityEditor.Rendering.UnifiedRayTracing:UnifiedRTShaderImporter)
Imported 'GUID: ff2cbab5da58bf04d82c5f34037ed123' -> (Import Result ID: '43cb7cd19366a6f99818b0db05035a81') in 0.003 seconds [static and dynamic dependencies]. Details - ImportResultOutputID=566d3112f5f2bb7acd194c92442a8f59 DependenciesID=9b0f37a3e8df4b56f5e8bb68ec06856e StaticDependenciesID=01d1bb4a8db62c88e4fe35fdba25fa75 
Starting new worker id: 0 with log in /Users/jangyoung/orca/unknown/unity/Unknown/Logs/AssetImportWorkerHW0.log

Asset Pipeline Refresh (id=8fed0ab2af42a46b0a0fa73d7e89ebc5): Total: 17.388 seconds - Initiated by InitialRefreshV2(ForceSynchronousImport)
	(Values over 0.05ms)
	Summary:
		Imports: total=21 (actual=21, local cache=0, cache server=0)
		Asset DB Process Time: managed=3 ms, native=4872 ms
		Asset DB Callback time: managed=304 ms, native=86 ms
		Scripting: domain reloads=1, domain reload time=769 ms, compile time=11307 ms, other=45 ms
		Project Asset Count: scripts=1109, non-scripts=1938
		Asset File Changes: new=1, changed=1, moved=0, deleted=0
		Scan Filter Count: 1
	InvokePackagesCallback: 25.053ms
	ApplyChangesToAssetFolders: 0.324ms
	Scan: 539.764ms
	Collect global state as custom dependencies: 19.066ms
	OnSourceAssetsModified: 0.339ms
	CategorizeScriptCompilationAssets: 29.149ms
	ProcessAssetsWithTransientArtifactChanges: 44.751ms
	CategorizeAssets: 187.895ms
	CompileScripts: 11306.942ms
	ImportOutOfDateAssets: 3901.281ms (3607.262ms without children)
		ImportManagerImport: 259.987ms (5.576ms without children)
			UpdateCategorizedAssets: 1.182ms
		UnloadImportedAssets: 3.877ms
		ReloadImportedAssets: 1.565ms
		EnsureUptoDateAssetsAreRegisteredWithGuidPM: 0.494ms
		ImportSchedulerStart: 29.602ms
	PostProcessAllAssets: 373.490ms
		ComputeShaderImportPostprocess 39.361ms
		RaytracingShaderImportPostprocess 24.286ms
		VCAutoAddAssetPostprocess 4.547ms
		PostProcessCallbackCreateDeferredMaterials 0.215ms
		AssemblyValidation.PostprocessAllAssets 0.183ms
		XRBuildSystem.XRAssetImported 0.050ms
		MonoPostProcessAllAssets: 302.307ms
			AssetPostprocessor.OnPostprocessAllAssets 193.359ms
			StyleCatalogPostProcessor.OnPostprocessAllAssets 16.504ms
			UniversalRenderPipelineGlobalSettingsPostprocessor.OnPostprocessAllAssets 9.812ms
			BuilderAssetPostprocessor.OnPostprocessAllAssets 4.898ms
			SyncVS.PostprocessSyncProject 2.332ms
			ShaderGraphAssetPostProcessor.OnPostprocessAllAssets 2.227ms
			WindowAssetPostprocessingWatcher.OnPostprocessAllAssets 1.616ms
			LocalizationAssetPostProcessor.OnPostprocessAllAssets 1.361ms
			AssetChangedListener.OnPostprocessAllAssets 1.230ms
			SpeedTree9Postprocessor.OnPostprocessAllAssets 1.208ms
			RetainedModeAssetPostprocessor.OnPostprocessAllAssets 0.998ms
			AddressablesAssetPostProcessor.OnPostprocessAllAssets 0.913ms
			EditModeScopePostprocessor.OnPostprocessAllAssets 0.675ms
			MaterialPostprocessor.OnPostprocessAllAssets 0.646ms
			InputActionAssetPostprocessor.OnPostprocessAllAssets 0.529ms
			PostProcessor.OnPostprocessAllAssets 0.527ms
			AudioMixerPostprocessor.OnPostprocessAllAssets 0.510ms
			ArtifactBrowserPostProcessor.OnPostprocessAllAssets 0.501ms
			RenderPipelineGlobalSettingsPostprocessor.OnPostprocessAllAssets 0.477ms
			InputActionJsonNameModifierAssetProcessor.OnPostprocessAllAssets 0.377ms
			SampleDependencyImporterPostProcessor.OnPostprocessAllAssets 0.338ms
			TextAssetPostProcessor.OnPostprocessAllAssets 0.336ms
			AssetPathToTypes.OnPostprocessAllAssets 0.318ms
			TMPro_TexturePostProcessor.OnPostprocessAllAssets 0.280ms
			TerrainToolbarOverlayPostProcessor.OnPostprocessAllAssets 0.266ms
			ShaderReflectionAssetPostProcessor.OnPostprocessAllAssets 0.203ms
			AssetEvents.OnPostprocessAllAssets 0.151ms
			AudioContainerPostProcessor.OnPostprocessAllAssets 0.150ms
			AssetDatabaseCallbacks.OnPostprocessAllAssets 0.107ms
			ProjectSettingsPostprocessor.OnPostprocessAllAssets 0.106ms
			ReferencedClipsPostProcessor.OnPostprocessAllAssets 0.103ms
			SpeedTreePostProcessor.OnPostprocessAllAssets 0.100ms
			ConfigAssetsTracker.OnPostprocessAllAssets 0.087ms
			ScenarioDriftAssetsTracker.OnPostprocessAllAssets 0.083ms
	PostAssetChangesProfiler: 6.590ms
	UnloadStreamsBegin: 1.215ms
	PersistCurrentRevisions: 0.189ms
	GenerateScriptTypeHashes: 12.419ms
	GenerateScriptTypeSerializationHashes: 13.501ms
	Untracked: 949.235ms

Application.AssetDatabase Initial Refresh End
Shader Hidden/ChartRasterizerHardware is not supported: GPU does not support conservative rasterization
Shader Hidden/ChartRasterizerHardware is not supported: GPU does not support conservative rasterization
Scanning for USB devices : 0.037ms
Initializing Unity extensions:
[MODES] ModeService[none].Initialize
[MODES] ModeService[none].LoadModes
[MODES] Loading mode Default (0) for mode-current-id-Unknown T0
2026-09-10 19:53:35.498 Unity[58476:142880432] NSEventModifierFlagFunction specified to -setKeyEquivalentModifierMask: for item <NSMenuItem: 0xb90937200 SDF, ke='Command-F12'>, but is only supported for system-provided menu items; will not be used
Unloading 84 Unused Serialized files (Serialized files now loaded: 0)
Unloading 4773 unused Assets / (12.5 MB). Loaded Objects now: 5574.
Memory consumption went from 260.7 MB to 248.2 MB.
Total: 24.163417 ms (FindLiveObjects: 0.500708 ms CreateObjectMapping: 1.424167 ms MarkObjects: 16.245875 ms  DeleteObjects: 5.992250 ms)

2026-09-10 19:53:35.633 Unity[58476:142880432] NSEventModifierFlagFunction specified to -setKeyEquivalentModifierMask: for item <NSMenuItem: 0xb90934780 SDF, ke='Command-F12'>, but is only supported for system-provided menu items; will not be used
[Project] Loading completed in 21.493 seconds
	Project init time: 				20.196 seconds
		Template init time: 		0.000 seconds
		Package Manager init time: 		0.485 seconds
		Asset Database init time: 		0.542 seconds
		Global illumination init time: 	0.001 seconds
		Assemblies load time: 			0.782 seconds
		Unity extensions init time: 	0.028 seconds
		Asset Database refresh time: 	17.389 seconds
	Scene opening time: 			0.702 seconds
##utp:{"type":"ProjectInfo","version":2,"phase":"Immediate","time":1789037615640,"processId":58476,"projectLoad":21.492625958,"projectInit":20.196093292,"templateInit":0.0,"packageManagerInit":0.484536375,"assetDatabaseInit":0.541546917,"globalIlluminationInit":0.001245,"assembliesLoad":0.781900167,"unityExtensionsInit":0.027754584,"assetDatabaseRefresh":17.388869625,"sceneOpening":0.702191083}
##utp:{"type":"EditorInfo","version":2,"phase":"Immediate","time":1789037615640,"processId":58476,"editorVersion":"6000.5.6f1 (0e0577a1a2ac)","branch":"6000.5/staging","buildType":"Release","platform":"OSX"}
Subscribe to USB device events
Launching external process: /Applications/Unity/Hub/Editor/6000.5.6f1/Unity.app/Contents/Helpers/UnityShaderCompiler
Launched and connected shader compiler UnityShaderCompiler after 0.04 seconds
[Licensing::Client] Successfully resolved entitlement details
Running tests for ExecutionSettings with details:
targetPlatform = 
playerHeartbeatTimeout = 600
filters[0] = 
   Filter with settings:
   testMode = PlayMode
   targetPlatform = 
   testNames = null
   groupNames = Tide.Tests.T0ResourceInteractionTests
   categoryNames = null
   assemblyNames = null
ignoreTests = {}
featureFlags = null

UnityEngine.Debug:ExtractStackTraceNoAlloc (byte*,int,string)
UnityEngine.StackTraceUtility:ExtractStackTrace () (at /Users/bokken/build/output/unity/unity/Runtime/Export/Scripting/StackTrace.cs:35)
UnityEngine.DebugLogHandler:Internal_Log (UnityEngine.LogType,UnityEngine.LogOption,string,UnityEngine.Object)
UnityEngine.DebugLogHandler:LogFormat (UnityEngine.LogType,UnityEngine.Object,string,object[])
UnityEngine.Logger:Log (UnityEngine.LogType,object)
UnityEngine.Debug:Log (object)
UnityEditor.TestTools.TestRunner.CommandLineTest.Executer:InitializeAndExecuteRun (string[]) (at ./Library/PackageCache/com.unity.test-framework@1405238725ab/UnityEditor.TestRunner/CommandLineTest/Executer.cs:53)
UnityEditor.TestTools.TestRunner.CommandLineTest.TestStarter:InitializeAndExecuteRun () (at ./Library/PackageCache/com.unity.test-framework@1405238725ab/UnityEditor.TestRunner/CommandLineTest/TestStarter.cs:64)
UnityEditor.EditorApplication:Internal_CallUpdateFunctions () (at /Users/bokken/build/output/unity/unity/Editor/Mono/EditorApplication.cs:403)

(Filename: ./Library/PackageCache/com.unity.test-framework@1405238725ab/UnityEditor.TestRunner/CommandLineTest/Executer.cs Line: 53)

DisplayProgressbar: Material Upgrader re-import
Importing 'GUID: c0a66792f7fa44b3dad8be3be7ced59f - Path: Assets/_Project/Rendering/Workbench-behind-drawer.mat' with importer (NativeFormatImporter)
Imported 'GUID: c0a66792f7fa44b3dad8be3be7ced59f' -> (Import Result ID: '8802d5cc3fd4258d70865511393e64bb') in 0.002 seconds [static dependencies only]. Details - ImportResultOutputID=2905a637ef0d5940234584cca4f28c2b DependenciesID=c52404109f135ec0ba5db10405925321 StaticDependenciesID=fd650ee76f617a0ce95baba34f15e3fc 
Importing 'GUID: 31d0dcc6f2dd4e4408d18036a2c93862 - Path: Packages/com.unity.render-pipelines.universal/Runtime/Materials/Decal.mat' with importer (NativeFormatImporter)
Imported 'GUID: 31d0dcc6f2dd4e4408d18036a2c93862' -> (Import Result ID: 'ef79708a60c3c4ece06710b8976a248b') in 0.001 seconds [static dependencies only]. Details - ImportResultOutputID=27f50545369d9b2b39b980276ea7c8ce DependenciesID=6898307ec4d5829ba4fedd5449e1f8cd StaticDependenciesID=9d2b538186766cdea4572e40c03c635e 
Importing 'GUID: 31321ba15b8f8eb4c954353edc038b1d - Path: Packages/com.unity.render-pipelines.universal/Runtime/Materials/Lit.mat' with importer (NativeFormatImporter)
Imported 'GUID: 31321ba15b8f8eb4c954353edc038b1d' -> (Import Result ID: '4c8ede662b20c3740ae26f43134ed3d8') in 0.001 seconds [static dependencies only]. Details - ImportResultOutputID=a48f7e6bcfa276d974788b68dcece99b DependenciesID=893bdee158e2adf62e63a3c2b5dbb49e StaticDependenciesID=a00cb8fafba8bef907e84982d4e5fc0f 
Importing 'GUID: 71942363c5608a64bb62421349d39c9c - Path: Packages/com.unity.render-pipelines.universal/Runtime/Materials/Mesh2D-Unlit-Default.mat' with importer (NativeFormatImporter)
Imported 'GUID: 71942363c5608a64bb62421349d39c9c' -> (Import Result ID: '1c63ebd096d1dc63637269212e831814') in 0.003 seconds [static dependencies only]. Details - ImportResultOutputID=60d5319d12ec6601090f4dc3bc877827 DependenciesID=adcfc61bb784393db7c4103a386cc4b5 StaticDependenciesID=59c90dc2243876194b53d83023ab9d26 
Importing 'GUID: 528b930e815ff4481932c0d49ab68151 - Path: Assets/_Project/Rendering/Authored-workbench.mat' with importer (NativeFormatImporter)
Imported 'GUID: 528b930e815ff4481932c0d49ab68151' -> (Import Result ID: '6025e49390812a8871246d2a20ce7e40') in 0.001 seconds [static dependencies only]. Details - ImportResultOutputID=ec361bc6f219caa6e7f1c85e624307ee DependenciesID=83e17729794e425a157a3dcf9646781d StaticDependenciesID=4ff33fa2e2462a0b9c66b1764f854f63 
Importing 'GUID: 92f845725428c954b878da352f657fe5 - Path: Packages/com.unity.render-pipelines.universal/Editor/SceneTemplates/Materials/Emissive.mat' with importer (NativeFormatImporter)
Imported 'GUID: 92f845725428c954b878da352f657fe5' -> (Import Result ID: '881ecc6d9deee3fa93f2b08d974039b6') in 0.001 seconds [static dependencies only]. Details - ImportResultOutputID=9f409e454e8569eeb8775e57f716ca56 DependenciesID=7d05bb7e612ceee686327bb88a490120 StaticDependenciesID=501de644cea185f3c9957bd5250ada78 
Importing 'GUID: c2e40fa84d53ccd428f640eac126b1fb - Path: Packages/com.unity.render-pipelines.universal/Editor/SceneTemplates/Materials/Gold.mat' with importer (NativeFormatImporter)
Imported 'GUID: c2e40fa84d53ccd428f640eac126b1fb' -> (Import Result ID: '31ded021f3ccbf81dece516b36755ede') in 0.001 seconds [static dependencies only]. Details - ImportResultOutputID=f0de5be625a902497e1b3968ff56fe81 DependenciesID=203bc18e19184a372df6d4603b97fa8f StaticDependenciesID=46b054d517bce2536d35703be5a8781b 
Importing 'GUID: b34b07a45ba63ce47896c9e674f3a7a7 - Path: Packages/com.unity.render-pipelines.universal/Editor/SceneTemplates/Materials/Metal_Black.mat' with importer (NativeFormatImporter)
Imported 'GUID: b34b07a45ba63ce47896c9e674f3a7a7' -> (Import Result ID: 'acdff57133be86b9151b60f5cd1d30dc') in 0.001 seconds [static dependencies only]. Details - ImportResultOutputID=50434342d94f9f0e26d3f9360da27599 DependenciesID=d4d70d1bc7b0ea9e3593cc340e9ffeb8 StaticDependenciesID=687a2085688ddf0291fbe4ed36184eff 
Importing 'GUID: 9452ae1262a74094f8a68013fbcd1834 - Path: Packages/com.unity.render-pipelines.universal/Runtime/Materials/Mesh2D-Lit-Default.mat' with importer (NativeFormatImporter)
Imported 'GUID: 9452ae1262a74094f8a68013fbcd1834' -> (Import Result ID: 'eef75b5a53016cdd1ba9338eaff50934') in 0.001 seconds [static dependencies only]. Details - ImportResultOutputID=ef05c03ce5b163471a66828c6e89459a DependenciesID=5509a819a96b35c12f0c9c230e367539 StaticDependenciesID=feee5c3c2a0201765f179f6a86adac05 
Importing 'GUID: b4bd74afe28f34072bddf280b645b9ae - Path: Assets/_Project/Art/Candidates/drawer-r03/Casing.mat' with importer (NativeFormatImporter)
Imported 'GUID: b4bd74afe28f34072bddf280b645b9ae' -> (Import Result ID: 'e9da10693b3d8aab7aa20046d63805ad') in 0.002 seconds [static dependencies only]. Details - ImportResultOutputID=8e4e94bd5099544cdd53e3084b73908a DependenciesID=545fea9c0830ca3e9c32db41a39b9798 StaticDependenciesID=3b57cdbb61a5ecfbd202886d10f35dc8 
Importing 'GUID: 15d0c3709176029428a0da2f8cecf0b5 - Path: Packages/com.unity.render-pipelines.universal/Runtime/Materials/SpriteMask-Default.mat' with importer (NativeFormatImporter)
Imported 'GUID: 15d0c3709176029428a0da2f8cecf0b5' -> (Import Result ID: 'f267c51471e41e277f1f188669d45405') in 0.001 seconds [static dependencies only]. Details - ImportResultOutputID=23653bbd3de46b3d7d8a484de3efe886 DependenciesID=593d2337786597fdcf24d1caf40f3347 StaticDependenciesID=9e941c0560cafa6716990dd5af5b2b17 
Importing 'GUID: b51db210fe78df745a372851b3db949e - Path: Packages/com.unity.render-pipelines.universal/Runtime/Materials/SpatialMappingOcclusion.mat' with importer (NativeFormatImporter)
Imported 'GUID: b51db210fe78df745a372851b3db949e' -> (Import Result ID: '344bbd198f21552581322e35b7072878') in 0.001 seconds [static dependencies only]. Details - ImportResultOutputID=0ebc1c10df452e339ca0fb57c86cd699 DependenciesID=71e361a3aa85d87b6b9102382557f93a StaticDependenciesID=e7948557f156d5f9af17cd9ea2e3fce0 
Importing 'GUID: d5627287f2ca9499190b195fabd069a9 - Path: Assets/_Project/Rendering/Authored-plate-shelf.mat' with importer (NativeFormatImporter)
Imported 'GUID: d5627287f2ca9499190b195fabd069a9' -> (Import Result ID: '2f69b2aad87cd991ccf59486e1532a00') in 0.001 seconds [static dependencies only]. Details - ImportResultOutputID=2e30bd091b26209008d51d0d27f331c7 DependenciesID=52975ef531d32b51ae11a6e3eb69ab12 StaticDependenciesID=87d2055023b8d0b90e4aa837d2fc4c1f 
Importing 'GUID: e56a0a49760524c609af190ebaeca312 - Path: Assets/_Project/Rendering/Workbench-left-jamb.mat' with importer (NativeFormatImporter)
Imported 'GUID: e56a0a49760524c609af190ebaeca312' -> (Import Result ID: '6915cd87ff59b35b8bcb838a7a31e727') in 0.001 seconds [static dependencies only]. Details - ImportResultOutputID=2c8e96ddfdab10cac240daa143a06973 DependenciesID=d860b128ab3f7c1762a82a0ee54fffc3 StaticDependenciesID=1bc9e4f93c5c6b9f03a10fbd388695d2 
Importing 'GUID: 06a864e02129a45058fa411663b4af1b - Path: Assets/_Project/Rendering/Workbench-below-drawer.mat' with importer (NativeFormatImporter)
Imported 'GUID: 06a864e02129a45058fa411663b4af1b' -> (Import Result ID: 'cdade5d032210e711d772429e9fe1d77') in 0.001 seconds [static dependencies only]. Details - ImportResultOutputID=b19bc3f28d8880679e2a7e2a58dadbed DependenciesID=a71ccec775a35776ae691e0e9e5ee882 StaticDependenciesID=6ab5f48ffed7f5aa700ea2a3bffbb94e 
Importing 'GUID: 663c2ed3b4ee94ec3b9c6d8308366f97 - Path: Assets/_Project/Rendering/Authored-room-floor.mat' with importer (NativeFormatImporter)
Imported 'GUID: 663c2ed3b4ee94ec3b9c6d8308366f97' -> (Import Result ID: 'b1ad16f99e7009d1413177bb3ed5a4e6') in 0.001 seconds [static dependencies only]. Details - ImportResultOutputID=84b8ae958eb741b6eb4aac34465766e6 DependenciesID=fbae2ddf610f1171b12789537a6281fa StaticDependenciesID=ac2e676c1c4ac1cd03e1a39b764580bb 
Importing 'GUID: 761d8e1f988ed2345a28312145c79c6e - Path: Packages/com.unity.render-pipelines.universal/Editor/SceneTemplates/Materials/Ground.mat' with importer (NativeFormatImporter)
Imported 'GUID: 761d8e1f988ed2345a28312145c79c6e' -> (Import Result ID: 'c32d80706b827c17101e102950c20717') in 0.000 seconds [static dependencies only]. Details - ImportResultOutputID=bc7d8bc4bd721d9fa1ab598e3e037457 DependenciesID=0cf9e7068ec920b38e0d36eab108e56f StaticDependenciesID=55e05438e6fe6b0a3a4258f076594dc9 
Importing 'GUID: b697f6a938056384e968ccf6527dac83 - Path: Packages/com.unity.render-pipelines.universal/Runtime/Materials/RenderAs2D-Flattening.mat' with importer (NativeFormatImporter)
Imported 'GUID: b697f6a938056384e968ccf6527dac83' -> (Import Result ID: '9e82ca21533526f553eaff8312058577') in 0.001 seconds [static dependencies only]. Details - ImportResultOutputID=91100c5c48438b67a79acaafe285f293 DependenciesID=94a4583cfd7715e959b6641214d00af3 StaticDependenciesID=726834f45d104871a0341c316f57dcaa 
Importing 'GUID: 78a08787ca30045abb69f6f7dd878e09 - Path: Packages/com.unity.render-pipelines.universal/Runtime/Materials/FullscreenInvertColors.mat' with importer (NativeFormatImporter)
Imported 'GUID: 78a08787ca30045abb69f6f7dd878e09' -> (Import Result ID: 'a17e50a72b226de0251b3f39ed40fdda') in 0.001 seconds [static dependencies only]. Details - ImportResultOutputID=b2c6610fc71d2fc4d6c15ca7aa1b5385 DependenciesID=885728744ae207e1cecbe88e356720c3 StaticDependenciesID=10acd2d579f25fee8933ce1f85cc508e 
Importing 'GUID: 9875a245ac49007498213638a307faa1 - Path: Packages/com.unity.render-pipelines.universal/Runtime/Materials/SpatialMappingWireframe.mat' with importer (NativeFormatImporter)
WARNING: Shader Unsupported: 'Universal Render Pipeline/VR/SpatialMapping/Wireframe' - All subshaders removed
WARNING: Shader Did you use #pragma only_renderers and omit this platform?
WARNING: Shader If subshaders removal was intentional, you may have forgotten turning Fallback off?
Imported 'GUID: 9875a245ac49007498213638a307faa1' -> (Import Result ID: '145179e2fa28e85793b92c1b395855d3') in 0.001 seconds [static dependencies only]. Details - ImportResultOutputID=858fea1279c5a7a55bc08ada24f3e970 DependenciesID=da7fd96638418000ba1b5ad569c70e07 StaticDependenciesID=7fbff6fe52fd32e7f1258da374874994 
Importing 'GUID: d8878e49849b14154928151a1d4175ae - Path: Assets/_Project/Rendering/Authored-back-wall.mat' with importer (NativeFormatImporter)
Imported 'GUID: d8878e49849b14154928151a1d4175ae' -> (Import Result ID: 'a90e6e1cd88b92e0325b0713e0a206d7') in 0.001 seconds [static dependencies only]. Details - ImportResultOutputID=b71b1ecf8726df39c60ab1031ad9c584 DependenciesID=9daf4685e82d40765cb92a122ebea936 StaticDependenciesID=13fc9351a7e49789604b940dedbdb0aa 
Importing 'GUID: e823cd5b5d27c0f4b8256e7c12ee3e6d - Path: Packages/com.unity.render-pipelines.universal/Runtime/Materials/ParticlesUnlit.mat' with importer (NativeFormatImporter)
Imported 'GUID: e823cd5b5d27c0f4b8256e7c12ee3e6d' -> (Import Result ID: 'e2e7636c5072d5b5523bb694e0667d98') in 0.000 seconds [static dependencies only]. Details - ImportResultOutputID=ba6e0d748306b504634caabe20076a4b DependenciesID=4352b3d1495bf66e0910b18ef3e3fc03 StaticDependenciesID=1bb4dfdd5747feff1a7ebbaecf7f83d3 
Importing 'GUID: 594ea882c5a793440b60ff72d896021e - Path: Packages/com.unity.render-pipelines.universal/Runtime/Materials/TerrainLit.mat' with importer (NativeFormatImporter)
Imported 'GUID: 594ea882c5a793440b60ff72d896021e' -> (Import Result ID: '9ed7efa14bcea5c1659a81db55ee71b2') in 0.001 seconds [static dependencies only]. Details - ImportResultOutputID=d0f80e2004b33ab7c19f361d4943c903 DependenciesID=a8742496ba99f7f3f35fb018afec4f2b StaticDependenciesID=141838fbb0e2e7cfca1ff94511a24b6c 
Importing 'GUID: 994b64781508f4c6fb8c3136d8584ec3 - Path: Assets/_Project/Art/Candidates/drawer-r03/Tray.mat' with importer (NativeFormatImporter)
Imported 'GUID: 994b64781508f4c6fb8c3136d8584ec3' -> (Import Result ID: '6d4b7447f4590b770144ff3ba4c59caf') in 0.001 seconds [static dependencies only]. Details - ImportResultOutputID=3bf5466e12365badea6038dd9d11bae2 DependenciesID=02c77692527dacac4a8b8c2e37535bc8 StaticDependenciesID=72b93096f7e21ab86d4dcdee32914e35 
Importing 'GUID: a97c105638bdf8b4a8650670310a4cd3 - Path: Packages/com.unity.render-pipelines.universal/Runtime/Materials/Sprite-Lit-Default.mat' with importer (NativeFormatImporter)
Imported 'GUID: a97c105638bdf8b4a8650670310a4cd3' -> (Import Result ID: '21600bb135b46b530ce6e01c51054e5d') in 0.020 seconds [static dependencies only]. Details - ImportResultOutputID=4d25d846adbda412447e5ab6cdc46016 DependenciesID=bc77237cb4042a80300ba98848482794 StaticDependenciesID=cfb8bd1946798f0be8e48eb5a43c7527 
Importing 'GUID: f96821bbefeea864b9b418af4b8615ac - Path: Packages/com.unity.render-pipelines.universal/Editor/SceneTemplates/Materials/White.mat' with importer (NativeFormatImporter)
Imported 'GUID: f96821bbefeea864b9b418af4b8615ac' -> (Import Result ID: '0b642d565043ceafbdcb62e72f3178e0') in 0.001 seconds [static dependencies only]. Details - ImportResultOutputID=c3497ff8a188e644dd017e2b3c28b28f DependenciesID=61e6c953ac64a304e3b8e0ba1f5e79e0 StaticDependenciesID=6fbd06394c6894706261dad64fcc9bcf 
Importing 'GUID: 6a1143ee683302f4aa628c052723efc1 - Path: Packages/com.unity.render-pipelines.universal/Runtime/Materials/SimpleLit.mat' with importer (NativeFormatImporter)
Imported 'GUID: 6a1143ee683302f4aa628c052723efc1' -> (Import Result ID: '4d8661cb432ef9a9306b1d088e7f67aa') in 0.001 seconds [static dependencies only]. Details - ImportResultOutputID=dd0f57319beaa6a3770e71c477821489 DependenciesID=08389603dc0b67f8e25089ab799edeb8 StaticDependenciesID=a8f3004dc7a4e6826eaaf2c5130d2a46 
Importing 'GUID: 8a239b3da89050c4e89ac06b168fc684 - Path: Packages/com.unity.render-pipelines.universal/Runtime/RendererFeatures/SurfaceCacheGIRendererFeature/FallbackMaterial.mat' with importer (NativeFormatImporter)
Imported 'GUID: 8a239b3da89050c4e89ac06b168fc684' -> (Import Result ID: 'a586416648d32b76ec4a9ca3bb1b6dc5') in 0.001 seconds [static dependencies only]. Details - ImportResultOutputID=deb64a155508ec0e0658913af6b4152f DependenciesID=4d3cd4314e5a70b53cf29cd967e53fa4 StaticDependenciesID=f5336191b5cbfa94baeb87abfd2af491 
Importing 'GUID: 9dfc825aed78fcd4ba02077103263b40 - Path: Packages/com.unity.render-pipelines.universal/Runtime/Materials/Sprite-Unlit-Default.mat' with importer (NativeFormatImporter)
Imported 'GUID: 9dfc825aed78fcd4ba02077103263b40' -> (Import Result ID: 'c1ed4856a4a10e67fc36d3b7b8f38178') in 0.001 seconds [static dependencies only]. Details - ImportResultOutputID=78fe86e761db70fc4ac9d72d540b3396 DependenciesID=3eccbfa4dde6b2cd1e31082b9f5c369e StaticDependenciesID=deefa61252fcf6c36dab5e36ce3e3d55 
Importing 'GUID: 5e6b58c4641214ae08b4660ee6a74e2f - Path: Assets/_Project/Rendering/Workbench-right-jamb.mat' with importer (NativeFormatImporter)
Imported 'GUID: 5e6b58c4641214ae08b4660ee6a74e2f' -> (Import Result ID: 'c198977b5c434c3adc2711683e143fd8') in 0.001 seconds [static dependencies only]. Details - ImportResultOutputID=520c19ed8f6547a97f57ea05fa82e04f DependenciesID=32a56210661a7e3f181ff0fcf298fb2f StaticDependenciesID=02cdcb58ad17a90dfd1b5456e0f9eed8 
Importing 'GUID: 4f1ef37ae953c484bbc5d5e4049147e5 - Path: Packages/com.unity.render-pipelines.universal/Editor/SceneTemplates/Materials/Black.mat' with importer (NativeFormatImporter)
Imported 'GUID: 4f1ef37ae953c484bbc5d5e4049147e5' -> (Import Result ID: '586dfbff69667c97114dddc494d84e56') in 0.001 seconds [static dependencies only]. Details - ImportResultOutputID=873834b8009aeb2bcc73b52132c17d33 DependenciesID=adf3d244dad87af1ebb033c3bca80270 StaticDependenciesID=3e62d5cefa7398721f080bb9bd3f6b99 
Importing 'GUID: dfc1369d3aac24222b7d13c6a11c4098 - Path: Assets/_Project/Rendering/Workbench-above-drawer.mat' with importer (NativeFormatImporter)
Imported 'GUID: dfc1369d3aac24222b7d13c6a11c4098' -> (Import Result ID: '4d8fb006f25655c396f6ac1c4fe1962f') in 0.001 seconds [static dependencies only]. Details - ImportResultOutputID=b2b7d3ac77787ab83b22e4fd625b775f DependenciesID=88946754a91be97d85200323aaa4f1d5 StaticDependenciesID=f4532c1cc4c7dc40e8973654362b180e 
Importing 'GUID: 1062c701058745940ae5dca6219c64c8 - Path: Packages/com.unity.searcher/Editor/Resources/FlatSkin/Font/Roboto-Black.ttf' with importer (TrueTypeFontImporter)
Imported 'GUID: 1062c701058745940ae5dca6219c64c8' -> (Import Result ID: 'd94a7f70e952c85f23392d1fd36623ac') in 0.005 seconds [static and dynamic dependencies]. Details - ImportResultOutputID=9643e38588a6b520b7d6d74d8ddbc7b0 DependenciesID=4206cc8ea31c6c127d545394476415d4 StaticDependenciesID=a068adefb7437e142c4277836422e246 
Importing 'GUID: 30dc370b164eefc43b95744fc796dad0 - Path: Packages/com.unity.searcher/Editor/Resources/FlatSkin/Font/Roboto-Regular.ttf' with importer (TrueTypeFontImporter)
Imported 'GUID: 30dc370b164eefc43b95744fc796dad0' -> (Import Result ID: '5bd85d7f52b59d77cd11d8afbe40fad3') in 0.002 seconds [static and dynamic dependencies]. Details - ImportResultOutputID=5485e3afd6d02be6f77bdaf84ca2ae8c DependenciesID=cd8971b772309095d1a04fb911a30d1c StaticDependenciesID=d1c697e188cf8ebab64cdcbf2df88e81 
Importing 'GUID: b2ea3b3f1765e544b9eb5bd1a93a91ce - Path: Packages/com.unity.searcher/Editor/Resources/FlatSkin/Font/Roboto-ThinItalic.ttf' with importer (TrueTypeFontImporter)
Imported 'GUID: b2ea3b3f1765e544b9eb5bd1a93a91ce' -> (Import Result ID: '4316c3719b788b74eaffc26cf3670058') in 0.001 seconds [static and dynamic dependencies]. Details - ImportResultOutputID=77f85e89e3b3bd385cc41d4e8df76463 DependenciesID=bd7fc221a8cc98dd285abb1dc3dc3b02 StaticDependenciesID=acd75a451bd038c4f14a5b871c85b9c7 
Importing 'GUID: a51a3aebb43ac044989270407476b208 - Path: Packages/com.unity.searcher/Editor/Resources/FlatSkin/Font/Roboto-Medium.ttf' with importer (TrueTypeFontImporter)
Imported 'GUID: a51a3aebb43ac044989270407476b208' -> (Import Result ID: '2ab53eec831617b959c4840150c51e5d') in 0.005 seconds [static and dynamic dependencies]. Details - ImportResultOutputID=827d8f5a2b1c64c9b8b1fb4bb85ddc44 DependenciesID=8bd5492fcd8a0cb08a9d23920ba9fe5c StaticDependenciesID=fd5b97934a16e5eb0c7c28a044b10d1c 
Importing 'GUID: 3750c318f40cab44a97d3a81beaefeb3 - Path: Packages/com.unity.searcher/Editor/Resources/FlatSkin/Font/Roboto-Bold.ttf' with importer (TrueTypeFontImporter)
Imported 'GUID: 3750c318f40cab44a97d3a81beaefeb3' -> (Import Result ID: '07760c00ddd55794dce545d63f34c28d') in 0.002 seconds [static and dynamic dependencies]. Details - ImportResultOutputID=c70ec0b032516589bbbb4f45c4b39239 DependenciesID=e4f8c374f98c9bb06012a73328469378 StaticDependenciesID=87ed04847690ff45b292f51936755719 
Importing 'GUID: c839255fc8f6b4b4d90bf8c1af9f9bd1 - Path: Packages/com.unity.searcher/Editor/Resources/FlatSkin/Font/Roboto-Italic.ttf' with importer (TrueTypeFontImporter)
Imported 'GUID: c839255fc8f6b4b4d90bf8c1af9f9bd1' -> (Import Result ID: '68434c29d454bfae1e3ef2d2b679c5c4') in 0.001 seconds [static and dynamic dependencies]. Details - ImportResultOutputID=767826549f068d33dfbc48e8d178e42d DependenciesID=2db4f438ca776a7bd8a4ac455f9571ef StaticDependenciesID=b80268b814688602ca7103afe4299ad3 
Importing 'GUID: 19a9abb883540be48b75b951a927ae03 - Path: Packages/com.unity.searcher/Editor/Resources/FlatSkin/Font/Roboto-Thin.ttf' with importer (TrueTypeFontImporter)
Imported 'GUID: 19a9abb883540be48b75b951a927ae03' -> (Import Result ID: 'df8c555aa7abc2d22e5f57e80102c474') in 0.002 seconds [static and dynamic dependencies]. Details - ImportResultOutputID=8dcc953d39851285ed16de19dfce0bf2 DependenciesID=0cd3811630e13f42c01088aa92bdef6a StaticDependenciesID=54462784bdee8902edd9cf03ead2af8b 
Importing 'GUID: d93c1bc57fdf1ac4dad1bf04fac05464 - Path: Packages/com.unity.searcher/Editor/Resources/FlatSkin/Font/Roboto-MediumItalic.ttf' with importer (TrueTypeFontImporter)
Imported 'GUID: d93c1bc57fdf1ac4dad1bf04fac05464' -> (Import Result ID: 'aca9795abb8e60eeba5c3c970a5d516f') in 0.001 seconds [static and dynamic dependencies]. Details - ImportResultOutputID=95a7c4c07b51dc593b66b740cfae18ee DependenciesID=bd7193e837c5f277fe748c45b10ec982 StaticDependenciesID=69defe29b64dfb1d2093dce9a0deacf4 
Importing 'GUID: f95147a9bab9fe649b8070170fa7ebd2 - Path: Packages/com.unity.searcher/Editor/Resources/FlatSkin/Font/Roboto-BlackItalic.ttf' with importer (TrueTypeFontImporter)
Imported 'GUID: f95147a9bab9fe649b8070170fa7ebd2' -> (Import Result ID: '6a53e45b5ec3d6012f644df32b799f92') in 0.001 seconds [static and dynamic dependencies]. Details - ImportResultOutputID=2755bc48df890a5e726f5580ebcd358d DependenciesID=30d613e5af07dd615238b99f7ff0e8a3 StaticDependenciesID=d8d75c8275b0680364ab088c2aa78c85 
Importing 'GUID: 2a29e27936eb547458f646f71125b264 - Path: Packages/com.unity.searcher/Editor/Resources/FlatSkin/Font/Roboto-Light.ttf' with importer (TrueTypeFontImporter)
Imported 'GUID: 2a29e27936eb547458f646f71125b264' -> (Import Result ID: '53b5ec6e007313514cb86444a05278f7') in 0.001 seconds [static and dynamic dependencies]. Details - ImportResultOutputID=9a7219806a2ef3bdc093d8b5b4563ae6 DependenciesID=174c7311cb82ebf826d1243cbbfc696e StaticDependenciesID=54d1da8099b0c9bb3bb9f3a5f75f62e2 
Importing 'GUID: 5e63515167650a541b309ba3bfd4db3d - Path: Packages/com.unity.searcher/Editor/Resources/FlatSkin/Font/Roboto-LightItalic.ttf' with importer (TrueTypeFontImporter)
Imported 'GUID: 5e63515167650a541b309ba3bfd4db3d' -> (Import Result ID: '58bb6f8c752c948b4a173852f3a827e3') in 0.001 seconds [static and dynamic dependencies]. Details - ImportResultOutputID=0b81ef792175a1d5b7703e993998ec9d DependenciesID=40f0ffcc782582997e71e8c21e5c4ced StaticDependenciesID=c42943919947c079fbb98920ee568244 
Importing 'GUID: dfb97a9307a577a41bcacba34b9a7e32 - Path: Packages/com.unity.searcher/Editor/Resources/FlatSkin/Font/Roboto-BoldItalic.ttf' with importer (TrueTypeFontImporter)
Imported 'GUID: dfb97a9307a577a41bcacba34b9a7e32' -> (Import Result ID: '4532595466f25192a73113020f3101e7') in 0.010 seconds [static and dynamic dependencies]. Details - ImportResultOutputID=0a5f2fe9b9cff7bfd0cdd6b2f8fb0423 DependenciesID=663c08efad3a08cecbbb17265192c332 StaticDependenciesID=3819b09e2fa5afbbd75d2f1e4b56da43 
Importing 'GUID: 2019d78ad3d1c5c4a8d309a857ca449f - Path: Packages/com.unity.shadergraph/GraphTemplates/BuiltIn/BuiltIn Lit Basic.shadergraph' with importer (ScriptedImporter : Unity.ShaderGraph.Editor:UnityEditor.ShaderGraph:ShaderGraphImporter)
Imported 'GUID: 2019d78ad3d1c5c4a8d309a857ca449f' -> (Import Result ID: 'd9a92603311c3b89cbe4a7cef82476e5') in 0.364 seconds [static and dynamic dependencies]. Details - ImportResultOutputID=96bc932922dd366eacb99574b0624d09 DependenciesID=49987e5632fdafe2060362317b2adadd StaticDependenciesID=4678885dffdf435b05af4ccd786011b8 
Importing 'GUID: 30fa68ce467463643a86b839ca0eb195 - Path: Packages/com.unity.render-pipelines.universal/Runtime/Materials/ArnoldStandardSurface/ArnoldStandardSurfaceTransparent.shadergraph' with importer (ScriptedImporter : Unity.ShaderGraph.Editor:UnityEditor.ShaderGraph:ShaderGraphImporter)
Imported 'GUID: 30fa68ce467463643a86b839ca0eb195' -> (Import Result ID: 'e47d1be6f04d16599450a1ab766a02af') in 0.130 seconds [static and dynamic dependencies]. Details - ImportResultOutputID=fdf510c3bd3dcbaa0c2716bcd9cef623 DependenciesID=cacf964a0102951d359e86a8ea806b10 StaticDependenciesID=ec125c6d54ff27f395db2889cea5e6ea 
Importing 'GUID: 80aa867ac363ac043847b06ad71604cd - Path: Packages/com.unity.render-pipelines.universal/Shaders/AutodeskInteractive/AutodeskInteractiveMasked.shadergraph' with importer (ScriptedImporter : Unity.ShaderGraph.Editor:UnityEditor.ShaderGraph:ShaderGraphImporter)
Worker ready: AssetImportWorkerHW0 0
Imported 'GUID: 80aa867ac363ac043847b06ad71604cd' -> (Import Result ID: '6aae96d3bd65803746b0cdc7f998184a') in 0.165 seconds [static and dynamic dependencies]. Details - ImportResultOutputID=875f1c728729569d7e28af4f4b2b35be DependenciesID=782b7c8f1cb1f1e36a8d4a88f9f6aebf StaticDependenciesID=ef0179068972d218a5de872fb5ed9395 
Importing 'GUID: a2407126e3372f64cacb75ed466a5621 - Path: Packages/com.unity.shadergraph/GraphTemplates/Cross Pipeline/0_Lit Basic.shadergraph' with importer (ScriptedImporter : Unity.ShaderGraph.Editor:UnityEditor.ShaderGraph:ShaderGraphImporter)
Imported 'GUID: a2407126e3372f64cacb75ed466a5621' -> (Import Result ID: 'ca6eb954d11414736e1b1ab7aecdeb04') in 0.109 seconds [static and dynamic dependencies]. Details - ImportResultOutputID=c4a63a94d7e6c62979e274f7b2a8ea0e DependenciesID=1be840ff358effa8c391b11604bdd0be StaticDependenciesID=e5c78f6f551ae5c7a6d830fca5d42ef5 
Importing 'GUID: 2476a2d151e824143af40dce1fc93a12 - Path: Packages/com.unity.shadergraph/GraphTemplates/Cross Pipeline/Unlit Simple.shadergraph' with importer (ScriptedImporter : Unity.ShaderGraph.Editor:UnityEditor.ShaderGraph:ShaderGraphImporter)
Imported 'GUID: 2476a2d151e824143af40dce1fc93a12' -> (Import Result ID: 'ef7ab73e5784b3a0b07d1dfedb233acc') in 0.156 seconds [static and dynamic dependencies]. Details - ImportResultOutputID=13a25cefd1a330792330fc5052fd68ce DependenciesID=6cffe9261c4ba31d7de45a75ba7beeb9 StaticDependenciesID=abd02659b872ba2c929ddfd30582e7c1 
Importing 'GUID: 24a73dccd7b6fad4798be282f96a21f4 - Path: Packages/com.unity.render-pipelines.universal/Shaders/2D/VFXSpriteLit.shadergraph' with importer (ScriptedImporter : Unity.ShaderGraph.Editor:UnityEditor.ShaderGraph:ShaderGraphImporter)
Imported 'GUID: 24a73dccd7b6fad4798be282f96a21f4' -> (Import Result ID: 'e5e9b2b77d6500b51b8dddad95603b85') in 0.092 seconds [static and dynamic dependencies]. Details - ImportResultOutputID=685acbb3e08a000267ef0b19f6889abe DependenciesID=ede13853250b5ba93f2a721f1e17e34d StaticDependenciesID=01da44f10b67d495348b6bf51ec52b68 
Importing 'GUID: 44245ab89240f51459a5077d7145c452 - Path: Packages/com.unity.render-pipelines.universal/Runtime/Materials/PhysicalMaterial3DsMax/PhysicalMaterial3DsMax.shadergraph' with importer (ScriptedImporter : Unity.ShaderGraph.Editor:UnityEditor.ShaderGraph:ShaderGraphImporter)
Imported 'GUID: 44245ab89240f51459a5077d7145c452' -> (Import Result ID: '202a4d25b4c0a9d0654473dabfa3fd3f') in 0.138 seconds [static and dynamic dependencies]. Details - ImportResultOutputID=9d2a067c4a54d72e594f39a580521c01 DependenciesID=e06b47ba7fe281bd0b6832c6df9aa2d6 StaticDependenciesID=1bf11a8c2806772238ba64719500e626 
Importing 'GUID: 25a0ebb4827f3cc47a1af2c79005f65b - Path: Packages/com.unity.render-pipelines.universal/Editor/ShaderGraph/GraphTemplates/2D/1_2D Sprite Unlit.shadergraph' with importer (ScriptedImporter : Unity.ShaderGraph.Editor:UnityEditor.ShaderGraph:ShaderGraphImporter)
Imported 'GUID: 25a0ebb4827f3cc47a1af2c79005f65b' -> (Import Result ID: '1251eb284a05a3ec4f1348c561d53a5d') in 0.077 seconds [static and dynamic dependencies]. Details - ImportResultOutputID=f7b07368c9491d284f97617672ac1f5d DependenciesID=4198933a66a7241b2fc07ef9e4204da3 StaticDependenciesID=c806a175f4474ac83eee605dc47db20d 
Importing 'GUID: 9618d41bb71f74048bb6cace8785b93d - Path: Packages/com.unity.shadergraph/GraphTemplates/BuiltIn/BuiltIn Unlit Basic.shadergraph' with importer (ScriptedImporter : Unity.ShaderGraph.Editor:UnityEditor.ShaderGraph:ShaderGraphImporter)
Imported 'GUID: 9618d41bb71f74048bb6cace8785b93d' -> (Import Result ID: '012e407204631d5b4a53c3b73f39ca7d') in 0.184 seconds [static and dynamic dependencies]. Details - ImportResultOutputID=879cc23b19ba07f6fd10130e2de655f0 DependenciesID=4d2f06acbd7f5a2ad83ed57a2cfe823f StaticDependenciesID=73fcfc3dcc7479824c3277841673c3b5 
Importing 'GUID: a680d9a9f8b66514abbfd3ae1c8f77f7 - Path: Packages/com.unity.shadergraph/GraphTemplates/Cross Pipeline/2_Particle Lit.shadergraph' with importer (ScriptedImporter : Unity.ShaderGraph.Editor:UnityEditor.ShaderGraph:ShaderGraphImporter)
Imported 'GUID: a680d9a9f8b66514abbfd3ae1c8f77f7' -> (Import Result ID: '499eacac0d05cba47a5c5710f5950480') in 0.102 seconds [static and dynamic dependencies]. Details - ImportResultOutputID=b2b14b983d1c24ab48d4371d47f9fe66 DependenciesID=1ecaf2e06ad335ebdecfbf4638d590b4 StaticDependenciesID=e1a60a1ce49329edc5eb84acddf7a36f 
Importing 'GUID: 0738648e2f2f84b489a2f0076b69e30a - Path: Packages/com.unity.render-pipelines.universal/Editor/ShaderGraph/GraphTemplates/UITKBasicTemplate.shadergraph' with importer (ScriptedImporter : Unity.ShaderGraph.Editor:UnityEditor.ShaderGraph:ShaderGraphImporter)
Imported 'GUID: 0738648e2f2f84b489a2f0076b69e30a' -> (Import Result ID: '1b8ff7ffedeedb99197b502c72d13437') in 0.103 seconds [static and dynamic dependencies]. Details - ImportResultOutputID=d0e22cd252c10b6f37c1821de346d6a1 DependenciesID=98dc67bc572a4871dbbc68d5ee6e41a0 StaticDependenciesID=78ea1bfff9b088a28efcfa3ae232e3b1 
Importing 'GUID: 1716ff8c1e51af14280cc97fbcba3b11 - Path: Packages/com.unity.shadergraph/GraphTemplates/Cross Pipeline/1_Decal Material Volume.shadergraph' with importer (ScriptedImporter : Unity.ShaderGraph.Editor:UnityEditor.ShaderGraph:ShaderGraphImporter)
Imported 'GUID: 1716ff8c1e51af14280cc97fbcba3b11' -> (Import Result ID: '663826b6f6e72f2c840bef1aae93e853') in 0.167 seconds [static and dynamic dependencies]. Details - ImportResultOutputID=29ead8ab98be63f6938fa3f21eadfd06 DependenciesID=311c564119ba911481806162a7ee5803 StaticDependenciesID=aa69e252e43f6124f182cfc6ca149824 
Importing 'GUID: 3739e562a03fc0b4982d8aa66cc50865 - Path: Packages/com.unity.render-pipelines.universal/Runtime/Materials/ArnoldStandardSurface/ArnoldStandardSurface.shadergraph' with importer (ScriptedImporter : Unity.ShaderGraph.Editor:UnityEditor.ShaderGraph:ShaderGraphImporter)
Imported 'GUID: 3739e562a03fc0b4982d8aa66cc50865' -> (Import Result ID: 'a9e48619c949595ab73bdef12e15e238') in 0.097 seconds [static and dynamic dependencies]. Details - ImportResultOutputID=abbcdc021245286966e8ca500cb028a6 DependenciesID=27916eb736bb771d38ac9f70ab80c9b2 StaticDependenciesID=3b911a81827160879b09d5cc65d9e844 
Importing 'GUID: d7288f66e4fb0634c9afef98c31b722a - Path: Packages/com.unity.render-pipelines.universal/Shaders/2D/VFXSpriteUnlit.shadergraph' with importer (ScriptedImporter : Unity.ShaderGraph.Editor:UnityEditor.ShaderGraph:ShaderGraphImporter)
Imported 'GUID: d7288f66e4fb0634c9afef98c31b722a' -> (Import Result ID: '0238aed08bdadaf8a9c125780fe3b965') in 0.053 seconds [static and dynamic dependencies]. Details - ImportResultOutputID=9cdcfc79199334d521a08e5dbe6dc9f8 DependenciesID=4211a78b1dd9b08c1f02db57a2651c81 StaticDependenciesID=15c2e3a6b370dbc61cb782a5db8c7108 
Importing 'GUID: 39144937a5efe954dac51acbbe54157e - Path: Packages/com.unity.shadergraph/GraphTemplates/Cross Pipeline/0_Decal Simple.shadergraph' with importer (ScriptedImporter : Unity.ShaderGraph.Editor:UnityEditor.ShaderGraph:ShaderGraphImporter)
Imported 'GUID: 39144937a5efe954dac51acbbe54157e' -> (Import Result ID: 'eea205ca7c50c837f7193a7c2eb76f51') in 0.071 seconds [static and dynamic dependencies]. Details - ImportResultOutputID=7ab3c80e7bfffe3da761ad02ccce4f91 DependenciesID=0656c21b47c11cc0e7d315057be2d38f StaticDependenciesID=d26bdc327cad41e76b87df5af76dac38 
Importing 'GUID: 9920c1f1781549a46ba081a2a15a16ec - Path: Packages/com.unity.render-pipelines.universal/Shaders/Nature/SpeedTree8_PBRLit.shadergraph' with importer (ScriptedImporter : Unity.ShaderGraph.Editor:UnityEditor.ShaderGraph:ShaderGraphImporter)
Imported 'GUID: 9920c1f1781549a46ba081a2a15a16ec' -> (Import Result ID: '6f76dc86287633f6b16a7d7a4ce2206e') in 0.298 seconds [static and dynamic dependencies]. Details - ImportResultOutputID=cf5a4c83b650607f3f9deedcbd12dfa4 DependenciesID=f51cadf37606d5b46d70a6ea17fce207 StaticDependenciesID=60a86e320b0fbca27aea67d92a2acdd7 
Importing 'GUID: 1a207e3bee00db44b940e6f362a8e148 - Path: Packages/com.unity.render-pipelines.universal/Runtime/Materials/PhysicalMaterial3DsMax/PhysicalMaterial3DsMaxTransparent.shadergraph' with importer (ScriptedImporter : Unity.ShaderGraph.Editor:UnityEditor.ShaderGraph:ShaderGraphImporter)
Imported 'GUID: 1a207e3bee00db44b940e6f362a8e148' -> (Import Result ID: 'd3aa487b92daf17693279ae1b89f9105') in 0.111 seconds [static and dynamic dependencies]. Details - ImportResultOutputID=63083e49dcca35e3bb9fa6ae4995153e DependenciesID=b6384385a33dd08ae6d80a007b1f4df2 StaticDependenciesID=8bb7b48abe3418a8af34e3fe6ceb572d 
Importing 'GUID: 5a4a765e921b8554eb959f7cf697b3be - Path: Packages/com.unity.shadergraph/GraphTemplates/Cross Pipeline/UGUI Canvas Basic.shadergraph' with importer (ScriptedImporter : Unity.ShaderGraph.Editor:UnityEditor.ShaderGraph:ShaderGraphImporter)
Imported 'GUID: 5a4a765e921b8554eb959f7cf697b3be' -> (Import Result ID: 'e14e174925b310bec6cd81727232f82c') in 0.073 seconds [static and dynamic dependencies]. Details - ImportResultOutputID=5b6a4c4d2df2d610394d5bfce251c86a DependenciesID=9447f0f066a457da93de6d78866612dd StaticDependenciesID=f6fe55309be0c03c721c0de24cdfcf1c 
Importing 'GUID: 9b4e681081e2b4c469111bb649e2f7ee - Path: Packages/com.unity.render-pipelines.universal/Shaders/Decal.shadergraph' with importer (ScriptedImporter : Unity.ShaderGraph.Editor:UnityEditor.ShaderGraph:ShaderGraphImporter)
Imported 'GUID: 9b4e681081e2b4c469111bb649e2f7ee' -> (Import Result ID: 'a2c4286b880083200060bc89670d0bf6') in 0.077 seconds [static and dynamic dependencies]. Details - ImportResultOutputID=e2626e610e25eaea7905472255977b9b DependenciesID=432106255f4d276784e05f61bf02416c StaticDependenciesID=7b9d1375915215e132777e0bbe84783a 
Importing 'GUID: cbd3e1cc4ae141c42a30e33b4d666a61 - Path: Packages/com.unity.render-pipelines.universal/Shaders/Nature/SpeedTree9_URP.shadergraph' with importer (ScriptedImporter : Unity.ShaderGraph.Editor:UnityEditor.ShaderGraph:ShaderGraphImporter)
Imported 'GUID: cbd3e1cc4ae141c42a30e33b4d666a61' -> (Import Result ID: 'b2d4a3b5775a028f614cd9348bd4df17') in 0.226 seconds [static and dynamic dependencies]. Details - ImportResultOutputID=b737bba3f7dcf761e6e8e28179caa8ba DependenciesID=2b02ec11b52a9bd761134da0e1fee36c StaticDependenciesID=4f42e525c40de8b78b5deab5193ff6c2 
Importing 'GUID: fb6390f650ca44a5ba3246d8dda47927 - Path: Packages/com.unity.render-pipelines.universal/Shaders/FullscreenInvertColors.shadergraph' with importer (ScriptedImporter : Unity.ShaderGraph.Editor:UnityEditor.ShaderGraph:ShaderGraphImporter)
Imported 'GUID: fb6390f650ca44a5ba3246d8dda47927' -> (Import Result ID: '450fd44f147bd058ba549f1101e567cf') in 0.097 seconds [static and dynamic dependencies]. Details - ImportResultOutputID=eced909408cba473c0c6dff48b74f257 DependenciesID=08b7f5f5b95265e5e35d056d828b5835 StaticDependenciesID=89e45115cc1b746d926699eb1ffd23d7 
Importing 'GUID: 5c81372d981403744adbdda4433c9c11 - Path: Packages/com.unity.render-pipelines.universal/Shaders/AutodeskInteractive/AutodeskInteractiveTransparent.shadergraph' with importer (ScriptedImporter : Unity.ShaderGraph.Editor:UnityEditor.ShaderGraph:ShaderGraphImporter)
Imported 'GUID: 5c81372d981403744adbdda4433c9c11' -> (Import Result ID: '05a3eef3691185acab87bc29d56802c6') in 0.122 seconds [static and dynamic dependencies]. Details - ImportResultOutputID=fa60802810e80ceb140e4353edf2f109 DependenciesID=8c5c91bddc9d1b7b514fc09561e88f1b StaticDependenciesID=e5149bb4a2ecc6e30dd5ad0e495834c8 
Importing 'GUID: bc3def193b270c649b041063a70a1a1f - Path: Packages/com.unity.render-pipelines.universal/Editor/ShaderGraph/GraphTemplates/Terrain Standard 4 Layers URP.shadergraph' with importer (ScriptedImporter : Unity.ShaderGraph.Editor:UnityEditor.ShaderGraph:ShaderGraphImporter)
Shader 'Hidden/Terrain/Terrain Standard 4 Layers URP': dependency 'AddPassShader' shader 'Hidden/Hidden/Terrain/Terrain Standard 4 Layers URP_AddPass' not found
Shader 'Hidden/Terrain/Terrain Standard 4 Layers URP': dependency 'BaseMapGenShader' shader 'Hidden/Hidden/Terrain/Terrain Standard 4 Layers URP_BaseMapGen' not found
Shader 'Hidden/Terrain/Terrain Standard 4 Layers URP': dependency 'AddPassShader' shader 'Hidden/Hidden/Terrain/Terrain Standard 4 Layers URP_AddPass' not found
Shader 'Hidden/Terrain/Terrain Standard 4 Layers URP': dependency 'BaseMapGenShader' shader 'Hidden/Hidden/Terrain/Terrain Standard 4 Layers URP_BaseMapGen' not found
Imported 'GUID: bc3def193b270c649b041063a70a1a1f' -> (Import Result ID: '0fcb8af7b4ef0d569254076f7b06a753') in 0.365 seconds [static and dynamic dependencies]. Details - ImportResultOutputID=97899721c7bed83af8c2129afbf39157 DependenciesID=d96d4973b4c223abf041dc3ec673ac65 StaticDependenciesID=10e7ee86a0ad2000b90ea8452c24570d 
Importing 'GUID: 9d4e8ca8c5046914c87ca6ccef140dac - Path: Packages/com.unity.shadergraph/GraphTemplates/Cross Pipeline/UGUI Canvas Meter.shadergraph' with importer (ScriptedImporter : Unity.ShaderGraph.Editor:UnityEditor.ShaderGraph:ShaderGraphImporter)
Imported 'GUID: 9d4e8ca8c5046914c87ca6ccef140dac' -> (Import Result ID: '8fdd4cfa8dde69e220be1fc428b3262f') in 0.051 seconds [static and dynamic dependencies]. Details - ImportResultOutputID=a85ca7d3d464d778acdfdf56503a26cc DependenciesID=e182945409a6745f95c25f3da9d0c76d StaticDependenciesID=beb53cc737fa7c6718e7a3017d8d139a 
Importing 'GUID: bde135b320597544b9ac325092409f8b - Path: Packages/com.unity.render-pipelines.universal/Editor/ShaderGraph/GraphTemplates/2D/0_2D Sprite Lit.shadergraph' with importer (ScriptedImporter : Unity.ShaderGraph.Editor:UnityEditor.ShaderGraph:ShaderGraphImporter)
Imported 'GUID: bde135b320597544b9ac325092409f8b' -> (Import Result ID: '4939d1ef8d2a2ab565f4b44e14c2d768') in 0.054 seconds [static and dynamic dependencies]. Details - ImportResultOutputID=bdb617eaf67c020bcfdaaa1d73545ee4 DependenciesID=d481c2742dea29ebe9f5a44d3af27746 StaticDependenciesID=b63e08ec6d974d9105e341105af8abea 
Importing 'GUID: 0e9d5a909a1f7e84882a534d0d11e49f - Path: Packages/com.unity.render-pipelines.universal/Shaders/AutodeskInteractive/AutodeskInteractive.shadergraph' with importer (ScriptedImporter : Unity.ShaderGraph.Editor:UnityEditor.ShaderGraph:ShaderGraphImporter)
Imported 'GUID: 0e9d5a909a1f7e84882a534d0d11e49f' -> (Import Result ID: '643ce7d5a41ab8aace7e94aa7fafe5ee') in 0.094 seconds [static and dynamic dependencies]. Details - ImportResultOutputID=53947bdf01288c0b320a59f942c2c6ea DependenciesID=027b65badef7a6b1e157cf9fbd0e7cbc StaticDependenciesID=80530d7c772dc15f3d5f6f728e1ef4c4 
Importing 'GUID: 3e01bbae25716b24ea9da11102b44902 - Path: Packages/com.unity.render-pipelines.universal/Editor/ShaderGraph/GraphTemplates/UITKFullTemplate.shadergraph' with importer (ScriptedImporter : Unity.ShaderGraph.Editor:UnityEditor.ShaderGraph:ShaderGraphImporter)
Imported 'GUID: 3e01bbae25716b24ea9da11102b44902' -> (Import Result ID: 'd924daaf35c9e0d85a355869b91df011') in 0.041 seconds [static and dynamic dependencies]. Details - ImportResultOutputID=d9faa1e2e9fd545c30702b02d424de13 DependenciesID=4ba1efabb0c84ad213baebe509f6f91b StaticDependenciesID=2fb6094c3843b7dbc1fddf5d90b96416 
Importing 'GUID: 7ef2cf71ad164fe479662ae612dff99e - Path: Packages/com.unity.shadergraph/GraphTemplates/Custom Render Texture.shadergraph' with importer (ScriptedImporter : Unity.ShaderGraph.Editor:UnityEditor.ShaderGraph:ShaderGraphImporter)
Imported 'GUID: 7ef2cf71ad164fe479662ae612dff99e' -> (Import Result ID: 'a723c5db8fa62a53818cd67541b2d1fa') in 0.017 seconds [static and dynamic dependencies]. Details - ImportResultOutputID=b3df83ee37a52094b51eeea9102c39e8 DependenciesID=331807c84a5bc56e6346127e9db24253 StaticDependenciesID=470c4a5daccc58dc1f43a5a8f32e8bde 
Importing 'GUID: aee84ce0dab81b049bb88017d78a63cd - Path: Packages/com.unity.shadergraph/GraphTemplates/Cross Pipeline/1_Lit Full.shadergraph' with importer (ScriptedImporter : Unity.ShaderGraph.Editor:UnityEditor.ShaderGraph:ShaderGraphImporter)
Imported 'GUID: aee84ce0dab81b049bb88017d78a63cd' -> (Import Result ID: '4503caf3e14fbcc6c4f02ac63a7a39ea') in 0.150 seconds [static and dynamic dependencies]. Details - ImportResultOutputID=d2d2c531a7df43a3db8aababffa121f6 DependenciesID=96ca6958ff7767d98139adc53975cf26 StaticDependenciesID=a3176bee206ef45e129501989346e574 
Importing 'GUID: def488a52add6574d9f295a507032cb8 - Path: Packages/com.unity.shadergraph/GraphTemplates/Cross Pipeline/Terrain Simple.shadergraph' with importer (ScriptedImporter : Unity.ShaderGraph.Editor:UnityEditor.ShaderGraph:ShaderGraphImporter)
Shader 'Hidden/Terrain/Terrain Simple': dependency 'AddPassShader' shader 'Hidden/Hidden/Terrain/Terrain Simple_AddPass' not found
Shader 'Hidden/Terrain/Terrain Simple': dependency 'BaseMapGenShader' shader 'Hidden/Hidden/Terrain/Terrain Simple_BaseMapGen' not found
Shader 'Hidden/Terrain/Terrain Simple': dependency 'AddPassShader' shader 'Hidden/Hidden/Terrain/Terrain Simple_AddPass' not found
Shader 'Hidden/Terrain/Terrain Simple': dependency 'BaseMapGenShader' shader 'Hidden/Hidden/Terrain/Terrain Simple_BaseMapGen' not found
Imported 'GUID: def488a52add6574d9f295a507032cb8' -> (Import Result ID: '75925d651d4abb9945145ef2c35c30c6') in 0.191 seconds [static and dynamic dependencies]. Details - ImportResultOutputID=881bce49e37cefd0a202b1b86fcaa5a1 DependenciesID=b897402e4c5529a9c1debd1bce5e4be5 StaticDependenciesID=16face41fb2deb44820d717b1d21effb 
Importing 'GUID: af66091e0eca0c04a9c3584ae867418a - Path: Packages/com.unity.shadergraph/GraphTemplates/Cross Pipeline/0_Particle Unlit.shadergraph' with importer (ScriptedImporter : Unity.ShaderGraph.Editor:UnityEditor.ShaderGraph:ShaderGraphImporter)
Imported 'GUID: af66091e0eca0c04a9c3584ae867418a' -> (Import Result ID: 'e8016724a1932053e0d234980b09e9db') in 0.064 seconds [static and dynamic dependencies]. Details - ImportResultOutputID=f048f4105bb13af09bbfbcbf776bca13 DependenciesID=6a433a49d66234d3ae483810af8ed87c StaticDependenciesID=79152d16fc1aa3f98c94915e1e63d536 
Importing 'GUID: bfad0aba0faa90547b68abd10bb6be86 - Path: Packages/com.unity.render-pipelines.universal/Editor/ShaderGraph/GraphTemplates/2D/2_2D Sprite Custom Lit.shadergraph' with importer (ScriptedImporter : Unity.ShaderGraph.Editor:UnityEditor.ShaderGraph:ShaderGraphImporter)
Imported 'GUID: bfad0aba0faa90547b68abd10bb6be86' -> (Import Result ID: 'ca88914ea2a083d9f0c28ba6dd9f0a80') in 0.079 seconds [static and dynamic dependencies]. Details - ImportResultOutputID=4c021dd8469b0ab5b7b805c3daeb6a30 DependenciesID=9ebeffd9947f20f0044b1cd2d55acb4d StaticDependenciesID=c1be03a2523fd38cc84a35a31a2a4c52 
Importing 'GUID: df41eefe8c13d444ca890dddbbc61f8d - Path: Packages/com.unity.render-pipelines.universal/Editor/ShaderGraph/GraphTemplates/Fullscreen Basic URP.shadergraph' with importer (ScriptedImporter : Unity.ShaderGraph.Editor:UnityEditor.ShaderGraph:ShaderGraphImporter)
Imported 'GUID: df41eefe8c13d444ca890dddbbc61f8d' -> (Import Result ID: '5893cc2ddfcfe82f718572c088805097') in 0.032 seconds [static and dynamic dependencies]. Details - ImportResultOutputID=0e047b47c618441c5a5e7923a58eee53 DependenciesID=8805db6b2f5ecfd2ad80ad65560c33d4 StaticDependenciesID=0bb8ee8885b216542ff1aea72691ba74 
Importing 'GUID: d1c568ccdae3f4e80a7d6dc469115613 - Path: Assets/_Project/Art/Candidates/drawer-r03/Drawer.fbx' with importer (FBXImporter)
Imported 'GUID: d1c568ccdae3f4e80a7d6dc469115613' -> (Import Result ID: 'b59363a4fc1b4cb6d05f02db906fd1f8') in 0.072 seconds [static and dynamic dependencies]. Details - ImportResultOutputID=3e16801d3c3427fe44948d7f479582e5 DependenciesID=51a278512e077c1f6bb7f9d1568cbf35 StaticDependenciesID=03dc95a7ee6b09e74b89b0be98999bcb 
Importing 'GUID: b28fa67a0ff82c5478f27368dc627683 - Path: Packages/com.unity.render-pipelines.core/Runtime/RenderPipelineResources/Mesh/SamplesFixture.fbx' with importer (FBXImporter)
Imported 'GUID: b28fa67a0ff82c5478f27368dc627683' -> (Import Result ID: 'e238036b605dda69803757b3f519fc76') in 0.012 seconds [static and dynamic dependencies]. Details - ImportResultOutputID=5d395ab561e58b8c51658ad190273d11 DependenciesID=75b5c9820343553e627b5d307e01f20e StaticDependenciesID=3687d310f9e3669f3de60e5cdf6a8bb2 
Importing 'GUID: 6b61a6ef877b6496cb6fdc8ca2e6a486 - Path: Assets/_Project/Art/Candidates/hub-greybox.fbx' with importer (FBXImporter)
Imported 'GUID: 6b61a6ef877b6496cb6fdc8ca2e6a486' -> (Import Result ID: 'de136720ecc5ac6d51bd88c40e65ac12') in 0.015 seconds [static and dynamic dependencies]. Details - ImportResultOutputID=9e1dd86aab0d157202915e0a53307159 DependenciesID=8092e337dc28a666f998499694de17cb StaticDependenciesID=a9981fdca0b84221f3987fbf092b8e6a 
Importing 'GUID: 1dbf28c1bb322474d981b2dc555e28b0 - Path: Packages/com.unity.render-pipelines.core/Runtime/RenderPipelineResources/Mesh/SamplesFloorSpotlight.fbx' with importer (FBXImporter)
Imported 'GUID: 1dbf28c1bb322474d981b2dc555e28b0' -> (Import Result ID: 'd1e929aa6bb93e704b7255ea19536e91') in 0.012 seconds [static and dynamic dependencies]. Details - ImportResultOutputID=d5d88a198bf3c1d819db5442daa29044 DependenciesID=0388ff383057da38663bc5c25ad8f78c StaticDependenciesID=3ca6a01504a56e4435e359b1f4a27af2 
Importing 'GUID: 1f1becb186a7e40da9bf88441f3fba66 - Path: Assets/_Project/Art/Candidates/drawer-r01.fbx' with importer (FBXImporter)
Imported 'GUID: 1f1becb186a7e40da9bf88441f3fba66' -> (Import Result ID: 'f1a92a589d57d222e03cd37d08305b70') in 0.011 seconds [static and dynamic dependencies]. Details - ImportResultOutputID=283312a4167630b97ba35a9e30bd963b DependenciesID=8c328ab30cff3ea28b18c9613906d983 StaticDependenciesID=e139260ef7b31820d1fb14513e71e1ee 

Asset Pipeline Refresh (id=867601dc5b95a4387b8b2da43ef782e0): Total: 5.028 seconds - Initiated by StopAssetImportingV2(NoUpdateAssetOptions)
	(Values over 0.05ms)
	Summary:
		Imports: total=83 (actual=82, local cache=1, cache server=0)
		Asset DB Process Time: managed=29 ms, native=4840 ms
		Asset DB Callback time: managed=38 ms, native=118 ms
		Scripting: domain reloads=0, domain reload time=0 ms, compile time=0 ms, other=0 ms
		Project Asset Count: scripts=1109, non-scripts=1938
		Asset File Changes: new=0, changed=0, moved=0, deleted=0
		Scan Filter Count: 118
	ApplyChangesToAssetFolders: 0.160ms
	Scan: 29.687ms
	Collect global state as custom dependencies: 0.460ms
	CategorizeScriptCompilationAssets: 0.154ms
	ProcessAssetsWithTransientArtifactChanges: 0.182ms
	CategorizeAssets: 24.357ms
	ImportOutOfDateAssets: 4801.637ms (37.676ms without children)
		ImportManagerImport: 4738.121ms (309.627ms without children)
			UpdateCategorizedAssets: 6.109ms
		UnloadImportedAssets: 1.157ms
		ReloadImportedAssets: 8.271ms
		EnsureUptoDateAssetsAreRegisteredWithGuidPM: 0.333ms
		ImportSchedulerStart: 24.317ms
	PostProcessAllAssets: 156.586ms
		ShaderAssetModifiedCallback 113.156ms
		XRBuildSystem.XRAssetImported 0.430ms
		ComputeShaderImportPostprocess 0.357ms
		PostProcessCallbackCreateDeferredMaterials 0.230ms
		RaytracingShaderImportPostprocess 0.192ms
		BlockShaderImporter.PostprocessAllAssets 0.099ms
		SpeedTreeImporter.PostprocessAllAssets 0.070ms
		MonoPostProcessAllAssets: 38.451ms
			ShaderGraphAssetPostProcessor.OnPostprocessAllAssets 5.677ms
			AssetPostprocessor.OnPostprocessAllAssets 3.603ms
			MaterialPostprocessor.OnPostprocessAllAssets 3.315ms
			LocalizationAssetPostProcessor.OnPostprocessAllAssets 2.390ms
			PostProcessor.OnPostprocessAllAssets 1.101ms
			InputActionJsonNameModifierAssetProcessor.OnPostprocessAllAssets 0.755ms
			InputActionAssetPostprocessor.OnPostprocessAllAssets 0.728ms
			AssetChangedListener.OnPostprocessAllAssets 0.188ms
			TextAssetPostProcessor.OnPostprocessAllAssets 0.178ms
			RenderPipelineGlobalSettingsPostprocessor.OnPostprocessAllAssets 0.126ms
			TMPro_TexturePostProcessor.OnPostprocessAllAssets 0.073ms
	PostAssetChangesProfiler: 0.738ms
	GatherAllCurrentPrimaryImportResultRevisions: 0.322ms
	PersistCurrentRevisions: 0.076ms
	UnloadStreamsEnd: 0.079ms
	Untracked: 7.191ms

Start Indexing on Editor startup
[Indexing] Starting Initial Indexing for Assets
[UnityConnectServicesConfig] config is NOT valid, switching to default
Created GICache directory at /Users/jangyoung/Library/Caches/com.unity3d.UnityEditor/GiCache. Took: 0.003s, timestamps: [21.495 - 21.498]
Unloading 114 Unused Serialized files (Serialized files now loaded: 0)
Unloading 200 unused Assets / (11.3 MB). Loaded Objects now: 5596.
Memory consumption went from 274.6 MB to 263.3 MB.
Total: 30.715375 ms (FindLiveObjects: 0.170958 ms CreateObjectMapping: 0.462958 ms MarkObjects: 27.123250 ms  DeleteObjects: 2.957458 ms)

Importing 'GUID: b459c8f4cfa2147ba9812302b4ddcba3 - Path: Assets/InitTestScene3a6c6dbb-dc47-4e18-b70a-8bd3698deb14.unity' with importer (DefaultImporter)
Imported 'GUID: b459c8f4cfa2147ba9812302b4ddcba3' -> (Import Result ID: '70ef0dc8b1a8286456bb90f9d24712df') in 0.001 seconds [static dependencies only]. Details - ImportResultOutputID=a789ef29b7428bc37361685ca4b1f795 DependenciesID=c05e73ca6afb5e982d14a6c0913bbd6c StaticDependenciesID=099cd4b2781acd69c1248bf7cf0f2c91 
Asset Pipeline Refresh (id=8fa68bb866a754277bcc64b9fe2dfe49): Total: 0.061 seconds - Initiated by StopAssetImportingV2(NoUpdateAssetOptions)
Executing IPrebuildSetup for: Unity.PerformanceTesting.Editor.TestRunBuilder.
UnityEngine.Debug:ExtractStackTraceNoAlloc (byte*,int,string)
UnityEngine.StackTraceUtility:ExtractStackTrace () (at /Users/bokken/build/output/unity/unity/Runtime/Export/Scripting/StackTrace.cs:35)
UnityEngine.DebugLogHandler:Internal_Log (UnityEngine.LogType,UnityEngine.LogOption,string,UnityEngine.Object)
UnityEngine.DebugLogHandler:LogFormat (UnityEngine.LogType,UnityEngine.Object,string,object[])
UnityEngine.Logger:Log (UnityEngine.LogType,object)
UnityEngine.Debug:Log (object)
UnityEditor.TestTools.TestRunner.TestRun.Tasks.BuildActionTaskBase`1/<ExecuteMethods>d__8<UnityEngine.TestTools.IPrebuildSetup>:MoveNext () (at ./Library/PackageCache/com.unity.test-framework@1405238725ab/UnityEditor.TestRunner/TestRun/Tasks/BuildActionTaskBase.cs:48)
UnityEditor.TestTools.TestRunner.TestRun.Tasks.BuildActionTaskBase`1/<Execute>d__7<UnityEngine.TestTools.IPrebuildSetup>:MoveNext () (at ./Library/PackageCache/com.unity.test-framework@1405238725ab/UnityEditor.TestRunner/TestRun/Tasks/BuildActionTaskBase.cs:34)
UnityEditor.TestTools.TestRunner.TestRun.TestJobRunner:ExecuteStep () (at ./Library/PackageCache/com.unity.test-framework@1405238725ab/UnityEditor.TestRunner/TestRun/TestJobRunner.cs:194)
UnityEditor.TestTools.TestRunner.TestRun.TestJobRunner:ExecuteCallback () (at ./Library/PackageCache/com.unity.test-framework@1405238725ab/UnityEditor.TestRunner/TestRun/TestJobRunner.cs:129)
UnityEditor.EditorApplication:Internal_CallUpdateFunctions () (at /Users/bokken/build/output/unity/unity/Editor/Mono/EditorApplication.cs:403)

(Filename: ./Library/PackageCache/com.unity.test-framework@1405238725ab/UnityEditor.TestRunner/TestRun/Tasks/BuildActionTaskBase.cs Line: 48)

Thread 0x317b87000 may have been prematurely finalized
Reloading assemblies for play mode.
Reloading assemblies after forced synchronous recompile.
Begin MonoManager ReloadAssembly
2026-09-10 19:53:41.660 Unity[58476:142880432] NSEventModifierFlagFunction specified to -setKeyEquivalentModifierMask: for item <NSMenuItem: 0xb90d80320 SDF, ke='Command-F12'>, but is only supported for system-provided menu items; will not be used
2026-09-10 19:53:41.665 Unity[58476:142880432] NSEventModifierFlagFunction specified to -setKeyEquivalentModifierMask: for item <NSMenuItem: 0xb90931b80 SDF, ke='Command-F12'>, but is only supported for system-provided menu items; will not be used
2026-09-10 19:53:41.668 Unity[58476:142880432] NSEventModifierFlagFunction specified to -setKeyEquivalentModifierMask: for item <NSMenuItem: 0xb898623a0 SDF, ke='Command-F12'>, but is only supported for system-provided menu items; will not be used
2026-09-10 19:53:41.671 Unity[58476:142880432] NSEventModifierFlagFunction specified to -setKeyEquivalentModifierMask: for item <NSMenuItem: 0xb90931ea0 SDF, ke='Command-F12'>, but is only supported for system-provided menu items; will not be used
Symbol file LoadedFromMemory is not a mono symbol file
Native extension for OSXStandalone target not found
Native extension for WebGL target not found
ScheduleIndexationOnStartup MainProcess:True IndexOnStartup:True
Mono: successfully reloaded assembly
- Finished resetting the current domain, in  1.928 seconds
Domain Reload Profiling: 2671ms
	BeginReloadAssembly (544ms)
		DisableScriptedObjects (55ms)
		CreateAndSetChildDomain (389ms)
	RebuildCommonClasses (5ms)
	RebuildNativeTypeToScriptingClass (12ms)
	initialDomainReloadingComplete (37ms)
	LoadAllAssembliesAndSetupDomain (140ms)
		LoadAssemblies (84ms)
		AnalyzeDomain (24ms)
			TypeCache.Refresh (6ms)
			ResolveRequiredComponents (14ms)
	FinalizeReload (1932ms)
		SetupLoadedEditorAssemblies (0ms)
			BeforeProcessingInitializeOnLoad (70ms)
			ProcessInitializeOnLoadAttributes (167ms)
			ProcessInitializeOnLoadMethodAttributes (1418ms)
		AwakeInstancesAfterBackupRestoration (37ms)
No restricted APIs configured; Validation skipped.
Checking 13 assemblies for restricted APIs found 0 usage(s) in 2 ms

Asset Pipeline Refresh (id=bfbe554121f0c48b5ab7b5417b8ce181): Total: 3.527 seconds - Initiated by StopAssetImportingV2(ForceSynchronousImport | ForceDomainReload)
	(Values over 0.05ms)
	Summary:
		Imports: total=0 (actual=0, local cache=0, cache server=0)
		Asset DB Process Time: managed=0 ms, native=2123 ms
		Asset DB Callback time: managed=551 ms, native=93 ms
		Scripting: domain reloads=1, domain reload time=757 ms, compile time=1 ms, other=0 ms
		Project Asset Count: scripts=1109, non-scripts=1939
		Asset File Changes: new=0, changed=0, moved=0, deleted=0
		Scan Filter Count: 0
	InvokePackagesCallback: 0.780ms
	ApplyChangesToAssetFolders: 0.265ms
	Collect global state as custom dependencies: 1.733ms
	ProcessAssetsWithTransientArtifactChanges: 78.360ms
	CategorizeAssets: 39.383ms
	CompileScripts: 0.745ms
	ImportOutOfDateAssets: 1967.769ms (1940.141ms without children)
		CollectScriptTypesHashes: 2.063ms
		ReloadNativeAssets: 0.795ms
		UnloadImportedAssets: 0.110ms
		EnsureUptoDateAssetsAreRegisteredWithGuidPM: 0.454ms
		ImportSchedulerStart: 26.208ms
	PostProcessAllAssets: 642.192ms
		PostProcessCallbackCreateDeferredMaterials 20.870ms
		AssemblyValidation.PostprocessAllAssets 9.217ms
		ShaderAssetModifiedCallback 9.146ms
		ComputeShaderImportPostprocess 4.051ms
		RaytracingShaderImportPostprocess 3.675ms
		SpeedTreeImporter.PostprocessAllAssets 3.524ms
		BlockShaderImporter.PostprocessAllAssets 1.879ms
		LocalizationDatabase.AssetDatabasePostprocessCallback 1.755ms
		XRBuildSystem.XRAssetImported 0.050ms
		MonoPostProcessAllAssets: 549.331ms
			ShaderGraphAssetPostProcessor.OnPostprocessAllAssets 173.084ms
			LocalizationAssetPostProcessor.OnPostprocessAllAssets 99.755ms
			PostProcessor.OnPostprocessAllAssets 49.845ms
			MaterialPostprocessor.OnPostprocessAllAssets 33.974ms
			InputActionJsonNameModifierAssetProcessor.OnPostprocessAllAssets 33.887ms
			InputActionAssetPostprocessor.OnPostprocessAllAssets 33.130ms
			AssetPostprocessor.OnPostprocessAllAssets 21.732ms
			StyleCatalogPostProcessor.OnPostprocessAllAssets 14.361ms
			TextAssetPostProcessor.OnPostprocessAllAssets 10.230ms
			UniversalRenderPipelineGlobalSettingsPostprocessor.OnPostprocessAllAssets 8.342ms
			AssetChangedListener.OnPostprocessAllAssets 7.629ms
			RenderPipelineGlobalSettingsPostprocessor.OnPostprocessAllAssets 4.758ms
			BuilderAssetPostprocessor.OnPostprocessAllAssets 3.956ms
			SpeedTree9Postprocessor.OnPostprocessAllAssets 3.557ms
			RetainedModeAssetPostprocessor.OnPostprocessAllAssets 1.350ms
			WindowAssetPostprocessingWatcher.OnPostprocessAllAssets 1.157ms
			SyncVS.PostprocessSyncProject 1.011ms
			AddressablesAssetPostProcessor.OnPostprocessAllAssets 0.896ms
			ShaderReflectionAssetPostProcessor.OnPostprocessAllAssets 0.488ms
			AssetPathToTypes.OnPostprocessAllAssets 0.469ms
			SpeedTreePostProcessor.OnPostprocessAllAssets 0.460ms
			ArtifactBrowserPostProcessor.OnPostprocessAllAssets 0.385ms
			ProjectSettingsPostprocessor.OnPostprocessAllAssets 0.350ms
			TMPro_TexturePostProcessor.OnPostprocessAllAssets 0.252ms
			AudioMixerPostprocessor.OnPostprocessAllAssets 0.242ms
			SampleDependencyImporterPostProcessor.OnPostprocessAllAssets 0.227ms
			AssetEvents.OnPostprocessAllAssets 0.177ms
			EditModeScopePostprocessor.OnPostprocessAllAssets 0.177ms
			TerrainToolbarOverlayPostProcessor.OnPostprocessAllAssets 0.158ms
			ReferencedClipsPostProcessor.OnPostprocessAllAssets 0.113ms
			AssetDatabaseCallbacks.OnPostprocessAllAssets 0.089ms
			AudioContainerPostProcessor.OnPostprocessAllAssets 0.084ms
			ConfigAssetsTracker.OnPostprocessAllAssets 0.079ms
			ScenarioDriftAssetsTracker.OnPostprocessAllAssets 0.061ms
	PostAssetChangesProfiler: 2.628ms
	GatherAllCurrentPrimaryImportResultRevisions: 0.276ms
	UnloadStreamsBegin: 0.133ms
	PersistCurrentRevisions: 0.076ms
	GenerateScriptTypeHashes: 3.120ms
	GenerateScriptTypeSerializationHashes: 4.908ms
	Untracked: 784.963ms

Loaded scene 'Temp/__Backupscenes/0.backup'
	Deserialize:            0.670 ms
	Integration:            425.266 ms
	Integration of assets:  0.001 ms
	Thread Wait Time:       0.008 ms
	Total Operation Time:   425.945 ms
[MODES] ModeService[none].Initialize
[MODES] ModeService[none].LoadModes
[Licensing::Client] Successfully resolved entitlement details
Loaded scene 'Assets/_Project/Scenes/hub.unity'
	Deserialize:            77.574 ms
	Integration:            174.370 ms
	Integration of assets:  11.267 ms
	Thread Wait Time:       25.508 ms
	Total Operation Time:   288.718 ms
Loaded scene 'Assets/_Project/Scenes/hub.unity'
	Deserialize:            0.870 ms
	Integration:            0.855 ms
	Integration of assets:  0.001 ms
	Thread Wait Time:       0.411 ms
	Total Operation Time:   2.137 ms
Loaded scene 'Assets/_Project/Scenes/hub.unity'
	Deserialize:            0.901 ms
	Integration:            0.700 ms
	Integration of assets:  0.002 ms
	Thread Wait Time:       0.234 ms
	Total Operation Time:   1.836 ms
Saving results to: /Users/jangyoung/Library/Application Support/TideRegistry/Unknown T0/TestResults.xml
Saving results to: /Users/jangyoung/orca/unknown/_workspace/current/systems/tech-verification/t0-resource-integration-20260910/focused-red.xml
Thread 0x1719d7000 may have been prematurely finalized
Unloading 33 Unused Serialized files (Serialized files now loaded: 0)
Loaded scene 'Temp/__Backupscenes/0.backup'
	Deserialize:            0.363 ms
	Integration:            470.835 ms
	Integration of assets:  0.001 ms
	Thread Wait Time:       0.009 ms
	Total Operation Time:   471.208 ms
Unloading 4146 unused Assets / (22.0 MB). Loaded Objects now: 5616.
Memory consumption went from 255.5 MB to 233.6 MB.
Total: 19.282125 ms (FindLiveObjects: 1.025916 ms CreateObjectMapping: 1.182417 ms MarkObjects: 12.546417 ms  DeleteObjects: 4.525625 ms)

Executing IPostBuildCleanup for: Unity.PerformanceTesting.Editor.TestRunBuilder.
UnityEngine.Debug:ExtractStackTraceNoAlloc (byte*,int,string)
UnityEngine.StackTraceUtility:ExtractStackTrace () (at /Users/bokken/build/output/unity/unity/Runtime/Export/Scripting/StackTrace.cs:35)
UnityEngine.DebugLogHandler:Internal_Log (UnityEngine.LogType,UnityEngine.LogOption,string,UnityEngine.Object)
UnityEngine.DebugLogHandler:LogFormat (UnityEngine.LogType,UnityEngine.Object,string,object[])
UnityEngine.Logger:Log (UnityEngine.LogType,object)
UnityEngine.Debug:Log (object)
UnityEditor.TestTools.TestRunner.TestRun.Tasks.BuildActionTaskBase`1/<ExecuteMethods>d__8<UnityEngine.TestTools.IPostBuildCleanup>:MoveNext () (at ./Library/PackageCache/com.unity.test-framework@1405238725ab/UnityEditor.TestRunner/TestRun/Tasks/BuildActionTaskBase.cs:48)
UnityEditor.TestTools.TestRunner.TestRun.Tasks.BuildActionTaskBase`1/<Execute>d__7<UnityEngine.TestTools.IPostBuildCleanup>:MoveNext () (at ./Library/PackageCache/com.unity.test-framework@1405238725ab/UnityEditor.TestRunner/TestRun/Tasks/BuildActionTaskBase.cs:34)
UnityEditor.TestTools.TestRunner.TestRun.TestJobRunner:ExecuteStep () (at ./Library/PackageCache/com.unity.test-framework@1405238725ab/UnityEditor.TestRunner/TestRun/TestJobRunner.cs:194)
UnityEditor.TestTools.TestRunner.TestRun.TestJobRunner:ExecuteCallback () (at ./Library/PackageCache/com.unity.test-framework@1405238725ab/UnityEditor.TestRunner/TestRun/TestJobRunner.cs:129)
UnityEditor.EditorApplication:Internal_CallUpdateFunctions () (at /Users/bokken/build/output/unity/unity/Editor/Mono/EditorApplication.cs:403)

(Filename: ./Library/PackageCache/com.unity.test-framework@1405238725ab/UnityEditor.TestRunner/TestRun/Tasks/BuildActionTaskBase.cs Line: 48)

Unloading 0 Unused Serialized files (Serialized files now loaded: 0)
Unloading 0 unused Assets / (0 B). Loaded Objects now: 5621.
Memory consumption went from 221.4 MB to 221.4 MB.
Total: 9.817708 ms (FindLiveObjects: 0.221875 ms CreateObjectMapping: 0.652708 ms MarkObjects: 8.936417 ms  DeleteObjects: 0.006416 ms)

Asset Pipeline Refresh (id=448605ea05c87427f950518834b81a99): Total: 0.081 seconds - Initiated by StopAssetImportingV2(NoUpdateAssetOptions)
DisplayProgressbar: Undo
Test run completed. Exiting with code 2 (Failed). One or more tests failed.
UnityEngine.Debug:ExtractStackTraceNoAlloc (byte*,int,string)
UnityEngine.StackTraceUtility:ExtractStackTrace () (at /Users/bokken/build/output/unity/unity/Runtime/Export/Scripting/StackTrace.cs:35)
UnityEngine.DebugLogHandler:Internal_Log (UnityEngine.LogType,UnityEngine.LogOption,string,UnityEngine.Object)
UnityEngine.DebugLogHandler:LogFormat (UnityEngine.LogType,UnityEngine.Object,string,object[])
UnityEngine.Logger:Log (UnityEngine.LogType,object)
UnityEngine.Debug:Log (object)
UnityEditor.TestTools.TestRunner.CommandLineTest.Executer:ExitApplication (UnityEditor.TestTools.TestRunner.CommandLineTest.Executer/ReturnCodes,string) (at ./Library/PackageCache/com.unity.test-framework@1405238725ab/UnityEditor.TestRunner/CommandLineTest/Executer.cs:81)
UnityEditor.TestTools.TestRunner.CommandLineTest.Executer:ExitIfRunIsCompleted () (at ./Library/PackageCache/com.unity.test-framework@1405238725ab/UnityEditor.TestRunner/CommandLineTest/Executer.cs:74)
UnityEditor.EditorApplication:Internal_CallUpdateFunctions () (at /Users/bokken/build/output/unity/unity/Editor/Mono/EditorApplication.cs:403)

(Filename: ./Library/PackageCache/com.unity.test-framework@1405238725ab/UnityEditor.TestRunner/CommandLineTest/Executer.cs Line: 81)

MonoPathRemapper: Attempts to remap: 26227; Successful remaps: 1736
Serialized file version minimum: 22, current 23
Importing 'GUID: 00000000000000004000000000000000 - Path: ProjectSettings/ProjectSettings.asset' with importer (LibraryAssetImporter)
Imported 'GUID: 00000000000000004000000000000000' -> (Import Result ID: '195b38f9c2520776fc5f091a9af64c48') in 0.004 seconds [static dependencies only]. Details - ImportResultOutputID=276a810dac73e1f29404d5e5f692e214 DependenciesID=360b1144ed23f354534ff96a7aa79160 StaticDependenciesID=ff275f68d39bf35df92846fe19cfa806 
Asset Pipeline Refresh (id=eb0c5fb610f4844a8b3f241a90eb3154): Total: 0.052 seconds - Initiated by StopAssetImportingV2(NoUpdateAssetOptions)
Thread 0x317b87000 may have been prematurely finalized
Input System module state changed to: ShutdownInProgress.
Input Polling Thread exited.
Input System module state changed to: Shutdown.
[Physics::Module] Cleanup current backend.
[Physics::Module] Id: 0xf2b8ea05
[Licensing::IpcConnector] LicenseClient-jangyoung-notifications channel disconnected successfully.
[Licensing::IpcConnector] LicenseClient-jangyoung channel disconnected successfully.
Thread 0x16e8ef000 may have been prematurely finalized
Thread 0x16eb1f000 may have been prematurely finalized
Thread 0x16e97b000 may have been prematurely finalized
Thread 0x16ebab000 may have been prematurely finalized
Thread 0x16ecc3000 may have been prematurely finalized
Thread 0x16ec37000 may have been prematurely finalized
Thread 0x16ea93000 may have been prematurely finalized
Thread 0x16ea07000 may have been prematurely finalized
Thread 0x16ed4f000 may have been prematurely finalized
Thread 0x16eddb000 may have been prematurely finalized
Thread 0x16ee67000 may have been prematurely finalized
MSBuild 서버을(를) 종료하는 중...
VB/C# 컴파일러 서버을(를) 종료하는 중...
AcceleratorClientConnectionCallback - disconnected - :0
Thread 0x1706bb000 may have been prematurely finalized
Cleanup mono
CodeReloadManager destroyed
info: Microsoft.Hosting.Lifetime[0]
      Application is shutting down...
info: Unity.ILPP.Runner.PostProcessingAssemblyLoadContext[0]
      ALC ILPP context 1 is unloading
MSBuild 서버을(를) 종료했습니다.
debugger-agent: Unable to listen on 43
VB/C# 컴파일러 서버을(를) 종료했습니다.
